show_id,title,type,release_year,year_added,director_name
s1,Dick Johnson Is Dead,Movie,2020,2021.0,Kirsten Johnson
s3,Ganglands,TV Show,2021,2021.0,Julien Leclercq
s6,Midnight Mass,TV Show,2021,2021.0,Mike Flanagan
s7,My Little Pony: A New Generation,Movie,2021,2021.0,Robert Cullen
s7,My Little Pony: A New Generation,Movie,2021,2021.0,José Luis Ucha
s8,Sankofa,Movie,1993,2021.0,Haile Gerima
s9,The Great British Baking Show,TV Show,2021,2021.0,Andy Devonshire
s10,The Starling,Movie,2021,2021.0,Theodore Melfi
s12,Bangkok Breaking,TV Show,2021,2021.0,Kongkiat Komesiri
s13,Je Suis Karl,Movie,2021,2021.0,Christian Schwochow
s14,Confessions of an Invisible Girl,Movie,2021,2021.0,Bruno Garotti
s17,Europe's Most Dangerous Man: Otto Skorzeny in Spain,Movie,2020,2021.0,Pedro de Echave García
s17,Europe's Most Dangerous Man: Otto Skorzeny in Spain,Movie,2020,2021.0,Pablo Azorín Williams
s19,Intrusion,Movie,2021,2021.0,Adam Salky
s21,Monsters Inside: The 24 Faces of Billy Milligan,TV Show,2021,2021.0,Olivier Megaton
s23,Avvai Shanmughi,Movie,1996,2021.0,K.S. Ravikumar
s24,Go! Go! Cory Carson: Chrissy Takes the Wheel,Movie,2021,2021.0,Alex Woo
s24,Go! Go! Cory Carson: Chrissy Takes the Wheel,Movie,2021,2021.0,Stanley Moore
s25,Jeans,Movie,1998,2021.0,S. Shankar
s27,Minsara Kanavu,Movie,1997,2021.0,Rajiv Menon
s28,Grown Ups,Movie,2010,2021.0,Dennis Dugan
s29,Dark Skies,Movie,2013,2021.0,Scott Stewart
s30,Paranoia,Movie,2013,2021.0,Robert Luketic
s31,Ankahi Kahaniya,Movie,2021,2021.0,Ashwiny Iyer Tiwari
s31,Ankahi Kahaniya,Movie,2021,2021.0,Abhishek Chaubey
s31,Ankahi Kahaniya,Movie,2021,2021.0,Saket Chaudhary
s36,The Father Who Moves Mountains,Movie,2021,2021.0,Daniel Sandu
s37,The Stronghold,Movie,2021,2021.0,Cédric Jimenez
s39,Birth of the Dragon,Movie,2017,2021.0,George Nolfi
s42,Jaws,Movie,1975,2021.0,Steven Spielberg
s43,Jaws 2,Movie,1978,2021.0,Jeannot Szwarc
s44,Jaws 3,Movie,1983,2021.0,Joe Alves
s45,Jaws: The Revenge,Movie,1987,2021.0,Joseph Sargent
s46,My Heroes Were Cowboys,Movie,2021,2021.0,Tyler Greco
s47,Safe House,Movie,2012,2021.0,Daniel Espinosa
s48,The Smart Money Woman,TV Show,2020,2021.0,Bunmi Ajakaiye
s49,Training Day,Movie,2001,2021.0,Antoine Fuqua
s52,InuYasha the Movie 2: The Castle Beyond the Looking Glass,Movie,2002,2021.0,Toshiya Shinohara
s53,InuYasha the Movie 3: Swords of an Honorable Ruler,Movie,2003,2021.0,Toshiya Shinohara
s54,InuYasha the Movie 4: Fire on the Mystic Island,Movie,2004,2021.0,Toshiya Shinohara
s55,InuYasha the Movie: Affections Touching Across Time,Movie,2001,2021.0,Toshiya Shinohara
s57,Naruto Shippuden the Movie: Blood Prison,Movie,2011,2021.0,Masahiko Murata
s58,Naruto Shippûden the Movie: Bonds,Movie,2008,2021.0,Hajime Kamegaki
s59,Naruto Shippûden the Movie: The Will of Fire,Movie,2009,2021.0,Masahiko Murata
s60,Naruto Shippuden: The Movie,Movie,2007,2021.0,Hajime Kamegaki
s61,Naruto Shippuden: The Movie: The Lost Tower,Movie,2010,2021.0,Masahiko Murata
s62,Naruto the Movie 2: Legend of the Stone of Gelel,Movie,2005,2021.0,Hirotsugu Kawasaki
s63,Naruto the Movie 3: Guardians of the Crescent Moon Kingdom,Movie,2006,2021.0,Toshiyuki Tsuru
s64,Naruto the Movie: Ninja Clash in the Land of Snow,Movie,2004,2021.0,Tensai Okamura
s65,Nightbooks,Movie,2021,2021.0,David Yarovesky
s69,Schumacher,Movie,2021,2021.0,Hanns-Bruno Kammertöns
s69,Schumacher,Movie,2021,2021.0,Vanessa Nöcker
s69,Schumacher,Movie,2021,2021.0,Michael Wech
s72,A StoryBots Space Adventure,Movie,2021,2021.0,David A. Vargas
s74,King of Boys,Movie,2018,2021.0,Kemi Adetiba
s76,You vs. Wild: Out Cold,Movie,2021,2021.0,Ben Simms
s78,Little Singham - Black Shadow,Movie,2021,2021.0,Prakash Satam
s79,Tughlaq Durbar,Movie,2020,2021.0,Delhiprasad Deenadayalan
s80,Tughlaq Durbar (Telugu),Movie,2021,2021.0,Delhiprasad Deenadayalan
s81,Firedrake the Silver Dragon,Movie,2021,2021.0,Tomer Eshed
s82,Kate,Movie,2021,2021.0,Cedric Nicolas-Troyan
s85,Omo Ghetto: the Saga,Movie,2020,2021.0,JJC Skillz
s85,Omo Ghetto: the Saga,Movie,2020,2021.0,Funke Akindele
s87,Prey,Movie,2021,2021.0,Thomas Sieben
s89,Blood Brothers: Malcolm X & Muhammad Ali,Movie,2021,2021.0,Marcus Clarke
s91,Paradise Hills,Movie,2019,2021.0,Alice Waddington
s92,The Women and the Murderer,Movie,2021,2021.0,Mona Achache
s92,The Women and the Murderer,Movie,2021,2021.0,Patricia Tourancheau
s94,JJ+E,Movie,2021,2021.0,Alexis Almström
s95,Show Dogs,Movie,2018,2021.0,Raja Gosnell
s97,If I Leave Here Tomorrow: A Film About Lynyrd Skynyrd,Movie,2018,2021.0,Stephen Kijak
s102,Untold: Breaking Point,Movie,2021,2021.0,Chapman Way
s102,Untold: Breaking Point,Movie,2021,2021.0,Maclain Way
s103,Countdown: Inspiration4 Mission to Space,TV Show,2021,2021.0,Jason Hehir
s104,Shadow Parties,Movie,2020,2021.0,Yemi Amodu
s106,Angamaly Diaries,Movie,2017,2021.0,Lijo Jose Pellissery
s108,A Champion Heart,Movie,2018,2021.0,David de Vos
s111,Money Heist: From Tokyo to Berlin,TV Show,2021,2021.0,Luis Alfaro
s111,Money Heist: From Tokyo to Berlin,TV Show,2021,2021.0,Javier Gómez Santander
s113,Worth,Movie,2021,2021.0,Sara Colangelo
s114,Afterlife of the Party,Movie,2021,2021.0,Stephen Herek
s115,Anjaam,Movie,1994,2021.0,Rahul Rawail
s116,Bright Star,Movie,2009,2021.0,Jane Campion
s117,Dhanak,Movie,2015,2021.0,Nagesh Kukunoor
s118,Final Account,Movie,2021,2021.0,Luke Holland
s119,Gurgaon,Movie,2017,2021.0,Shanker Raman
s120,Here and There,Movie,2020,2021.0,JP Habac
s123,In the Cut,Movie,2003,2021.0,Jane Campion
s127,Shikara,Movie,2020,2021.0,Vidhu Vinod Chopra
s128,A Cinderella Story,Movie,2004,2021.0,Mark Rosman
s129,Agatha Christie's Crooked House,Movie,2017,2021.0,Gilles Paquet-Brenner
s130,An Unfinished Life,Movie,2005,2021.0,Lasse Hallström
s131,Barbie Big City Big Dreams,Movie,2021,2021.0,Scott Pleydell-Pearce
s132,Blade Runner: The Final Cut,Movie,1982,2021.0,Ridley Scott
s134,Chappie,Movie,2015,2021.0,Neill Blomkamp
s135,Clear and Present Danger,Movie,1994,2021.0,Phillip Noyce
s136,Cliffhanger,Movie,1993,2021.0,Renny Harlin
s137,Cold Mountain,Movie,2003,2021.0,Anthony Minghella
s138,Crocodile Dundee in Los Angeles,Movie,2001,2021.0,Simon Wincer
s139,Dear John,Movie,2010,2021.0,Lasse Hallström
s140,Do the Right Thing,Movie,1989,2021.0,Spike Lee
s141,"El patrón, radiografía de un crimen",Movie,2014,2021.0,Sebastián Schindel
s142,Extraction,Movie,2015,2021.0,Steven C. Miller
s143,Freedom Writers,Movie,2007,2021.0,Richard LaGravenese
s144,Green Lantern,Movie,2011,2021.0,Martin Campbell
s145,House Party,Movie,1990,2021.0,Reginald Hudlin
s146,House Party 2,Movie,1991,2021.0,George Jackson
s146,House Party 2,Movie,1991,2021.0,Doug McHenry
s147,House Party 3,Movie,1994,2021.0,Eric Meza
s149,HQ Barbers,TV Show,2020,2021.0,Gerhard Mostert
s150,I Got the Hook Up,Movie,1998,2021.0,Michael Martin
s151,In Too Deep,Movie,1999,2021.0,Michael Rymer
s152,Initial D,Movie,2005,2021.0,Andrew Lau Wai-keung
s152,Initial D,Movie,2005,2021.0,Alan Mak
s153,Janoskians: Untold and Untrue,Movie,2016,2021.0,Brett Weiner
s156,Labyrinth,Movie,1986,2021.0,Jim Henson
s157,Letters to Juliet,Movie,2010,2021.0,Gary Winick
s158,Level 16,Movie,2018,2021.0,Danishka Esterhazy
s159,Love Don't Cost a Thing,Movie,2003,2021.0,Troy Byer
s160,Love in a Puff,Movie,2010,2021.0,Pang Ho-cheung
s162,Mars Attacks!,Movie,1996,2021.0,Tim Burton
s163,Marshall,Movie,2017,2021.0,Reginald Hudlin
s164,My Boss's Daughter,Movie,2003,2021.0,David Zucker
s165,Mystery Men,Movie,1999,2021.0,Kinka Usher
s167,Once Upon a Time in America,Movie,1984,2021.0,Sergio Leone
s168,Open Season 2,Movie,2008,2021.0,Matthew O'Callaghan
s168,Open Season 2,Movie,2008,2021.0,Todd Wilderman
s169,Osmosis Jones,Movie,2001,2021.0,Bobby Farrelly
s169,Osmosis Jones,Movie,2001,2021.0,Peter Farrelly
s170,Poseidon,Movie,2006,2021.0,Wolfgang Petersen
s171,Rhyme & Reason,Movie,1997,2021.0,Peter Spirer
s172,Same Kind of Different as Me,Movie,2017,2021.0,Michael Carney
s173,School of Rock,Movie,2003,2021.0,Richard Linklater
s174,Snervous Tyler Oakley,Movie,2015,2021.0,Amy Rice
s175,Tears of the Sun,Movie,2003,2021.0,Antoine Fuqua
s176,The Blue Lagoon,Movie,1980,2021.0,Randal Kleiser
s177,The Golden Child,Movie,1986,2021.0,Michael Ritchie
s178,The Guns of Navarone,Movie,1961,2021.0,J. Lee Thompson
s179,The Interview,Movie,2014,2021.0,Evan Goldberg
s179,The Interview,Movie,2014,2021.0,Seth Rogen
s180,The Nutty Professor,Movie,1996,2021.0,Tom Shadyac
s181,The Nutty Professor II: The Klumps,Movie,2000,2021.0,Peter Segal
s183,Welcome Home Roscoe Jenkins,Movie,2008,2021.0,Malcolm D. Lee
s184,In the Line of Fire,Movie,1993,2021.0,Wolfgang Petersen
s186,Untold: Crime & Penalties,Movie,2021,2021.0,Chapman Way
s186,Untold: Crime & Penalties,Movie,2021,2021.0,Maclain Way
s189,2 Alone in Paris,Movie,2008,2021.0,Ramzy Bedia
s189,2 Alone in Paris,Movie,2008,2021.0,Éric Judor
s191,Thimmarusu,Movie,2021,2021.0,Sharan Koppisetty
s192,Wind River,Movie,2017,2021.0,Taylor Sheridan
s193,C Kkompany,Movie,2008,2021.0,Sachin Yardi
s196,EMI: Liya Hai To Chukana Padega,Movie,2008,2021.0,Saurabh Kabra
s197,He's All That,Movie,2021,2021.0,Mark Waters
s199,King of Boys: The Return of the King,TV Show,2021,2021.0,Kemi Adetiba
s200,Koi Aap Sa,Movie,2006,2021.0,Partho Mitra
s201,Krishna Cottage,Movie,2004,2021.0,Santram Varma
s202,Kucch To Hai,Movie,2003,2021.0,Anil V. Kumar
s202,Kucch To Hai,Movie,2003,2021.0,Anurag Basu
s203,Kyaa Kool Hai Hum,Movie,2005,2021.0,Sangeeth Sivan
s204,Kyaa Kool Hain Hum 3,Movie,2016,2021.0,Umesh Ghadge
s205,Kyaa Super Kool Hain Hum,Movie,2012,2021.0,Sachin Yardi
s206,Kyo Kii... Main Jhuth Nahin Bolta,Movie,2001,2021.0,David Dhawan
s207,"LSD: Love, Sex Aur Dhokha",Movie,2010,2021.0,Dibakar Banerjee
s208,Mission Istaanbul: Darr Ke Aagey Jeet Hai,Movie,2008,2021.0,Apoorva Lakhia
s209,Once Upon a Time in Mumbaai,Movie,2010,2021.0,Milan Luthria
s210,Once Upon a Time in Mumbai Dobaara!,Movie,2013,2021.0,Milan Luthria
s211,Ragini MMS,Movie,2011,2021.0,Pawan Kripalani
s212,Ragini MMS 2,Movie,2014,2021.0,Bhushan Patel
s215,SAS: Rise of the Black Swan,Movie,2021,2021.0,Magnus Martens
s216,Shootout at Lokhandwala,Movie,2007,2021.0,Apoorva Lakhia
s217,Shor In the City,Movie,2011,2021.0,Raj Nidimoru
s217,Shor In the City,Movie,2011,2021.0,Krishna D.K.
s218,The Dirty Picture,Movie,2011,2021.0,Milan Luthria
s222,"Bob Ross: Happy Accidents, Betrayal & Greed",Movie,2021,2021.0,Joshua Rofé
s223,Clickbait,TV Show,2021,2021.0,Brad Anderson
s224,John of God: The Crimes of a Spiritual Healer,TV Show,2021,2021.0,Mauricio Dias
s224,John of God: The Crimes of a Spiritual Healer,TV Show,2021,2021.0,Tatiana Villela
s228,Really Love,Movie,2020,2021.0,Angel Kristi Williams
s229,The November Man,Movie,2014,2021.0,Roger Donaldson
s230,The Old Ways,Movie,2020,2021.0,Christopher Alender
s231,The River Runner,Movie,2021,2021.0,Rush Sturges
s232,The Water Man,Movie,2021,2021.0,David Oyelowo
s234,Count Me In,Movie,2021,2021.0,Mark Lo
s236,Untold: Caitlyn Jenner,Movie,2021,2021.0,Crystal Moselle
s237,Boomika,Movie,2021,2021.0,Rathindran R Prasad
s238,Boomika (Hindi),Movie,2021,2021.0,Rathindran R Prasad
s239,Boomika (Malayalam),Movie,2021,2021.0,Rathindran R Prasad
s240,Boomika (Telugu),Movie,2021,2021.0,Rathindran R Prasad
s241,The Witcher: Nightmare of the Wolf,Movie,2021,2021.0,Han Kwang Il
s245,Gunshot,Movie,2018,2021.0,Karim El Shenawy
s247,Man in Love,Movie,2021,2021.0,Yin Chen-hao
s248,Sweet Girl,Movie,2021,2021.0,Brian Andrew Mendoza
s250,The Loud House Movie,Movie,2021,2021.0,Dave Needham
s251,A Faraway Land,Movie,2020,2021.0,Veronica Velasco
s252,Like Crazy,Movie,2011,2021.0,Drake Doremus
s253,Black Island,Movie,2021,2021.0,Miguel Alexandre
s254,Bombay,Movie,1995,2021.0,Mani Ratnam
s256,Memories of a Murderer: The Nilsen Tapes,Movie,2021,2021.0,Michael Harte
s257,Nneka The Pretty Serpent,Movie,2020,2021.0,Tosin Igho
s258,O Kadhal Kanmani,Movie,2015,2021.0,Mani Ratnam
s259,Out of my league,Movie,2020,2021.0,Alice Filippi
s260,Pahuna,Movie,2018,2021.0,Paakhi Tyrewala
s262,The Secret Diary of an Exchange Student,Movie,2021,2021.0,Bruno Garotti
s263,Untold: Deal With the Devil,Movie,2021,2021.0,Laura Brownson
s265,Walk of Shame,Movie,2014,2021.0,Steve Brill
s268,The Piano,Movie,1993,2021.0,Jane Campion
s269,Unroyal,Movie,2020,2021.0,Moses Inwang
s271,Beckett,Movie,2021,2021.0,Ferdinando Cito Filomarino
s274,Gone for Good,TV Show,2021,2021.0,Juan Carlos Medina
s277,Valeria,TV Show,2021,2021.0,Inma Torrente
s279,Lokillo: Nothing's the Same,Movie,2021,2021.0,Julián Gaviria
s280,Monster Hunter: Legends of the Guild,Movie,2021,2021.0,Steven Yamamoto
s282,Brother Jekwu,Movie,2016,2021.0,Charles Uwagbai
s283,La diosa del asfalto,Movie,2020,2021.0,Julián Hernández
s284,Misha and the Wolves,Movie,2021,2021.0,Sam Hobkinson
s285,The Kissing Booth 3,Movie,2021,2021.0,Vince Marcello
s286,The Railway Man,Movie,2013,2021.0,Jonathan Teplitzky
s288,I Need Romance,TV Show,2021,2021.0,Sakon Tiacharoen
s291,Untold: Malice at the Palace,Movie,2021,2021.0,Floyd Russ
s293,Quartet,Movie,2012,2021.0,Dustin Hoffman
s294,Slay,Movie,2021,2021.0,Adze Ugah
s295,Takizawa Kabuki ZERO 2020 The Movie,Movie,2020,2021.0,Hideaki Takizawa
s296,The Paper Tigers,Movie,2021,2021.0,Quoc Bao Tran
s298,Navarasa,TV Show,2021,2021.0,Bejoy Nambiar
s298,Navarasa,TV Show,2021,2021.0,Priyadarshan
s298,Navarasa,TV Show,2021,2021.0,Karthik Narain
s298,Navarasa,TV Show,2021,2021.0,Vasanth Sai
s298,Navarasa,TV Show,2021,2021.0,Karthik Subbaraj
s298,Navarasa,TV Show,2021,2021.0,Arvind Swamy
s298,Navarasa,TV Show,2021,2021.0,Rathindran R Prasad
s298,Navarasa,TV Show,2021,2021.0,Sarjun
s298,Navarasa,TV Show,2021,2021.0,Gautham Vasudev Menon
s299,Quam's Money,Movie,2020,2021.0,Kayode Kasum
s300,The Swarm,Movie,2021,2021.0,Just Philippot
s301,Vivo,Movie,2021,2021.0,Kirk DeMicco
s301,Vivo,Movie,2021,2021.0,Brandon Jeffords
s302,Chennai Express,Movie,2013,2021.0,Rohit Shetty
s303,City of God: 10 Years Later,Movie,2013,2021.0,Cavi Borges
s303,City of God: 10 Years Later,Movie,2013,2021.0,Luciano Vidigal
s304,Esperando la carroza,Movie,1985,2021.0,Alejandro Doria
s305,Lady Boss: The Jackie Collins Story,Movie,2021,2021.0,Laura Fairrie
s306,Tango Feroz,Movie,1993,2021.0,Marcelo Piñeyro
s307,'76,Movie,2016,2021.0,Izu Ojukwu
s308,Aftermath,Movie,2021,2021.0,Peter Winther
s309,American Masters: Inventing David Geffen,Movie,2012,2021.0,Susan Lacy
s311,Cocaine Cowboys: The Kings of Miami,TV Show,2021,2021.0,Billy Corben
s315,Heavy,Movie,1995,2021.0,James Mangold
s316,Ije: The Journey,Movie,2010,2021.0,Chineze Anyaene
s317,Office Girls,TV Show,2011,2021.0,Hsu Fu-chun
s318,Pray Away,Movie,2021,2021.0,Kristine Stolakis
s319,Shiny_Flakes: The Teenage Drug Lord,Movie,2021,2021.0,Eva Müller
s319,Shiny_Flakes: The Teenage Drug Lord,Movie,2021,2021.0,Michael Schmitt
s326,Beethoven,Movie,1992,2021.0,Brian Levant
s327,Beethoven's 2nd,Movie,1993,2021.0,Rod Daniel
s328,Beowulf,Movie,2007,2021.0,Robert Zemeckis
s329,Boyka: Undisputed,Movie,2016,2021.0,Todor Chapkanov
s330,Catch Me If You Can,Movie,2002,2021.0,Steven Spielberg
s331,Cloudy with a Chance of Meatballs,Movie,2009,2021.0,Phil Lord
s331,Cloudy with a Chance of Meatballs,Movie,2009,2021.0,Christopher Miller
s333,Deep Blue Sea,Movie,1999,2021.0,Renny Harlin
s334,Ferris Bueller's Day Off,Movie,1986,2021.0,John Hughes
s335,Five Feet Apart,Movie,2019,2021.0,Justin Baldoni
s336,Freedomland,Movie,2006,2021.0,Joe Roth
s338,Good Luck Chuck,Movie,2007,2021.0,Mark Helfrich
s340,I missed you: Director's Cut,Movie,2021,2021.0,Mag Hsu
s340,I missed you: Director's Cut,Movie,2021,2021.0,Hsu Chih-yen
s341,Inception,Movie,2010,2021.0,Christopher Nolan
s342,Magnolia,Movie,1999,2021.0,Paul Thomas Anderson
s343,Major Payne,Movie,1995,2021.0,Nick Castle
s344,My Girl,Movie,1991,2021.0,Howard Zieff
s345,My Girl 2,Movie,1994,2021.0,Howard Zieff
s346,Open Season: Scared Silly,Movie,2015,2021.0,David Feiss
s347,Pineapple Express,Movie,2008,2021.0,David Gordon Green
s348,Planet 51,Movie,2009,2021.0,Jorge Blanco
s349,Poms,Movie,2019,2021.0,Zara Hayes
s350,Seabiscuit,Movie,2003,2021.0,Gary Ross
s351,Space Cowboys,Movie,2000,2021.0,Clint Eastwood
s352,Team America: World Police,Movie,2004,2021.0,Trey Parker
s353,The Edge of Seventeen,Movie,2016,2021.0,Kelly Fremon Craig
s354,The Haunting in Connecticut 2: Ghosts of Georgia,Movie,2013,2021.0,Tom Elkins
s355,The Last Boy Scout,Movie,1991,2021.0,Tony Scott
s356,The Lincoln Lawyer,Movie,2011,2021.0,Brad Furman
s357,The Losers,Movie,2010,2021.0,Sylvain White
s358,The Machinist,Movie,2004,2021.0,Brad Anderson
s359,The Net,Movie,1995,2021.0,Irwin Winkler
s360,The Original Kings of Comedy,Movie,2000,2021.0,Spike Lee
s361,Valentine's Day,Movie,2010,2021.0,Garry Marshall
s363,The Lost Café,Movie,2018,2021.0,Kenneth Gyang
s364,The Vault,Movie,2021,2021.0,Jaume Balagueró
s366,Eyes of a Thief,Movie,2014,2021.0,Najwa Najjar
s368,I'm Glad I Did,Movie,2020,2021.0,Selçuk Metin
s372,Pomegranates and Myrrh,Movie,2009,2021.0,Najwa Najjar
s373,Rurouni Kenshin: The Beginning,Movie,2021,2021.0,Keishi Otomo
s374,The Last Mercenary,Movie,2021,2021.0,David Charhon
s375,Flower Girl,Movie,2013,2021.0,Michelle Bello
s376,Resort to Love,Movie,2021,2021.0,Steven Tsuchida
s378,Bartkowiak,Movie,2021,2021.0,Daniel Markowicz
s379,Fantastic Fungi,Movie,2019,2021.0,Louie Schwartzberg
s381,The Flash,TV Show,2021,2021.0,Glen Winter
s384,Department,Movie,2012,2021.0,Ram Gopal Varma
s385,Hostage House,Movie,2021,2021.0,David Benullo
s388,Mimi,Movie,2021,2021.0,Laxman Utekar
s389,Plastic Cup Boyz: Laughing My Mask Off!,TV Show,2021,2021.0,Royale Watkins
s389,Plastic Cup Boyz: Laughing My Mask Off!,TV Show,2021,2021.0,Rich Schlansker
s390,The Operative,Movie,2019,2021.0,Yuval Adler
s393,Django Unchained,Movie,2012,2021.0,Quentin Tarantino
s394,A Second Chance:  Rivals!,Movie,2021,2021.0,Clay Glen
s395,African America,Movie,2021,2021.0,Muzi Mthembu
s396,Bankrolled,Movie,2021,2021.0,Marcos Bucay
s397,Blood Red Sky,Movie,2021,2021.0,Peter Thorwarth
s399,Kingdom: Ashin of the North,Movie,2021,2021.0,Kim Seong-hun
s403,The Last Letter From Your Lover,Movie,2021,2021.0,Augustine Frizzell
s406,Chhota Bheem - Dinosaur World,Movie,2015,2021.0,Sidheswar Shukla
s407,Chhota Bheem - Neeli Pahaadi,Movie,2013,2021.0,Rajiv Chilaka
s408,Chhota Bheem & Ganesh,Movie,2009,2021.0,Rajiv Chilaka
s409,Chhota Bheem & Krishna: Mayanagari,Movie,2011,2021.0,Rajiv Chilaka
s410,Chhota Bheem & Krishna: Pataliputra- City of the Dead,Movie,2010,2021.0,Rajiv Chilaka
s411,Chhota Bheem And The Broken Amulet,Movie,2013,2021.0,Rajiv Chilaka
s412,Chhota Bheem And The Crown of Valhalla,Movie,2013,2021.0,Rajiv Chilaka
s413,Chhota Bheem and the Incan Adventure,Movie,2013,2021.0,Rajiv Chilaka
s414,Chhota Bheem and The ShiNobi Secret,Movie,2013,2021.0,Rajiv Chilaka
s415,Chhota Bheem Aur Hanuman,Movie,2012,2021.0,Rajiv Chilaka
s416,Chhota Bheem aur Krishna,Movie,2009,2021.0,Rajiv Chilaka
s417,Chhota Bheem aur Krishna vs Zimbara,Movie,2013,2021.0,Rajiv Chilaka
s418,Chhota Bheem in African Safari,Movie,2015,2021.0,Binayak Das
s419,Chhota Bheem Ka Roosi Romanch,Movie,2019,2021.0,Arpan Sarkar
s419,Chhota Bheem Ka Roosi Romanch,Movie,2019,2021.0,Shyamal Chaulia
s420,Chhota Bheem: Bheem vs Aliens,Movie,2010,2021.0,Rajiv Chilaka
s421,Chhota Bheem: Dholakpur to Kathmandu,Movie,2012,2021.0,Rajiv Chilaka
s422,Chhota Bheem: Dus Pe Dus,Movie,2014,2021.0,Rajiv Chilaka
s422,Chhota Bheem: Dus Pe Dus,Movie,2014,2021.0,Owll Mina
s423,Chhota Bheem: Journey to Petra,Movie,2011,2021.0,Rajiv Chilaka
s424,Chhota Bheem: Master of Shaolin,Movie,2011,2021.0,Rajiv Chilaka
s425,Chhota Bheem: The Rise of Kirmada,Movie,2012,2021.0,Rajiv Chilaka
s427,Cousins,Movie,2021,2021.0,Ainsley Gardiner
s427,Cousins,Movie,2021,2021.0,Briar Grace-Smith
s428,Wannabe Courageous,Movie,2019,2021.0,Mahmoud Karim
s429,Words Bubble Up Like Soda Pop,Movie,2021,2021.0,Kyohei Ishiguro
s430,Sanitation Day,Movie,2020,2021.0,Seyi Babatope
s433,Trollhunters: Rise of the Titans,Movie,2021,2021.0,Johane Matte
s433,Trollhunters: Rise of the Titans,Movie,2021,2021.0,Andrew L. Schmidt
s433,Trollhunters: Rise of the Titans,Movie,2021,2021.0,Francisco Ruiz Velasco
s434,Milkwater,Movie,2020,2021.0,Morgan Ingari
s437,The Tambour of Retribution,Movie,2021,2021.0,Abdulaziz Alshlahei
s438,Cosmic Sin,Movie,2021,2021.0,Edward Drake
s439,2 Weeks in Lagos,Movie,2020,2021.0,Kathryn Fasegha
s440,Deep,Movie,2021,2021.0,Sita Likitvanichkul
s440,Deep,Movie,2021,2021.0,Jetarin Ratanaserikiat
s440,Deep,Movie,2021,2021.0,Apirak Samudkitpaisan
s440,Deep,Movie,2021,2021.0,Thanabodee Uawithya
s440,Deep,Movie,2021,2021.0,Adirek Wattaleela
s442,Fear Street Part 3: 1666,Movie,2021,2021.0,Leigh Janiak
s444,La ley de Herodes,Movie,1999,2021.0,Luis Estrada
s445,Naomi Osaka,TV Show,2021,2021.0,Garrett Bradley
s446,The Beguiled,Movie,2017,2021.0,Sofia Coppola
s447,The Book of Henry,Movie,2017,2021.0,Colin Trevorrow
s448,The Twilight Saga: Breaking Dawn: Part 1,Movie,2011,2021.0,Bill Condon
s449,The Twilight Saga: Breaking Dawn: Part 2,Movie,2012,2021.0,Bill Condon
s450,The Twilight Saga: Eclipse,Movie,2010,2021.0,David Slade
s451,The Twilight Saga: New Moon,Movie,2009,2021.0,Chris Weitz
s452,Twilight,Movie,2008,2021.0,Catherine Hardwicke
s453,A Perfect Fit,Movie,2021,2021.0,Hadrah Daeng Ratu
s455,Cheech & Chong's Still Smokin,Movie,1983,2021.0,Tommy Chong
s456,Emicida: AmarElo - Live in São Paulo,Movie,2021,2021.0,Fred Ouro Preto
s458,Lift Like a Girl,Movie,2021,2021.0,Mayye Zayed
s459,My Amanda,Movie,2021,2021.0,Alessandra de Rossi
s461,Surf's Up,Movie,2007,2021.0,Ash Brannon
s461,Surf's Up,Movie,2007,2021.0,Chris Buck
s462,The Unknown Saint,Movie,2019,2021.0,Alaa Eddine Aljem
s463,This Changes Everything,Movie,2019,2021.0,Tom Donahue
s464,A Classic Horror Story,Movie,2021,2021.0,Roberto De Feo
s464,A Classic Horror Story,Movie,2021,2021.0,Paolo Strippoli
s465,Gunpowder Milkshake,Movie,2021,2021.0,Navot Papushado
s468,Private Network: Who Killed Manuel Buendía?,Movie,2021,2021.0,Manuel Alcalá
s469,The Guide to the Perfect Family,Movie,2021,2021.0,Ricardo Trogi
s470,American Woman,Movie,2019,2021.0,Semi Chellas
s472,Day of Destiny,Movie,2021,2021.0,Akay Mason
s472,Day of Destiny,Movie,2021,2021.0,Abosi Ogba
s474,Born to Play,Movie,2020,2021.0,Viridiana Lieberman
s475,American Ultra,Movie,2015,2021.0,Nima Nourizadeh
s476,The Stand-Up,Movie,2019,2021.0,Daniel Růžička
s477,The Tour,Movie,2016,2021.0,Juraj Šajmovič
s480,Fear Street Part 2: 1978,Movie,2021,2021.0,Leigh Janiak
s481,Finding Hubby,Movie,2020,2021.0,Femi D. Ogunsanwo
s482,How I Became a Superhero,Movie,2021,2021.0,Douglas Attal
s485,Lee Su-geun: The Sense Coach,Movie,2021,2021.0,Kim Joo-hyung
s486,Lethal Love,Movie,2021,2021.0,Avi Federgreen
s487,Ratchet and Clank,Movie,2016,2021.0,Jericca Cleland
s487,Ratchet and Clank,Movie,2016,2021.0,Kevin Munroe
s490,Back to Q82,Movie,2017,2021.0,Ahmed Siddiqui
s492,Home Again,Movie,2017,2021.0,Hallie Meyers-Shyer
s493,Midnight Sun,Movie,2018,2021.0,Scott Speer
s495,Rock the Kasbah,Movie,2015,2021.0,Barry Levinson
s496,Awon Boyz,Movie,2019,2021.0,Tolulope Itegboje
s497,Brick Mansions,Movie,2014,2021.0,Camille Delamarre
s499,Clash,Movie,2020,2021.0,Pascal Atuma
s501,Major Grom: Plague Doctor,Movie,2021,2021.0,Oleg Trofim
s502,Mama Drama,Movie,2020,2021.0,Seyi Babatope
s503,Tango With Me,Movie,2010,2021.0,Mahmood Ali-Balogun
s504,The Mire,TV Show,2021,2021.0,Jan Holoubek
s506,Therapy,Movie,2020,2021.0,Anurin Nwunembom
s506,Therapy,Movie,2020,2021.0,Musing Derrick
s507,This Little Love Of Mine,Movie,2021,2021.0,Christine Luby
s508,Three Thieves,Movie,2019,2021.0,Udoka Oyeka
s509,A Land Imagined,Movie,2019,2021.0,Yeo Siew Hua
s519,Har Kisse Ke Hisse: Kaamyaab,Movie,2020,2021.0,Hardik Mehta
s529,Rehmataan,Movie,2012,2021.0,Rajveer Singh Maan
s529,Rehmataan,Movie,2012,2021.0,Harpeet Singh
s530,Return of the Prodigal Son,Movie,1976,2021.0,Youssef Chahine
s532,Rise: Ini Kalilah,Movie,2018,2021.0,Saw Teong Hin
s532,Rise: Ini Kalilah,Movie,2018,2021.0,Nik Amir Mustapha
s532,Rise: Ini Kalilah,Movie,2018,2021.0,M.S. Prem Nath
s535,Si Doel the Movie 2,Movie,2019,2021.0,Rano Karno
s542,Truckbhar Swapna,Movie,2018,2021.0,Pramod Pawar
s543,Ujala,Movie,1959,2021.0,Naresh Saigal
s551,Fear Street Part 1: 1994,Movie,2021,2021.0,Leigh Janiak
s552,Haseen Dillruba,Movie,2021,2021.0,Vinil Mathew
s553,Holiday on Mars,Movie,2020,2021.0,Neri Parenti
s555,RattleSnake - The Ahanna Story,Movie,2020,2021.0,Ramsey Nouah
s556,Snowpiercer,Movie,2013,2021.0,Bong Joon Ho
s557,The 8th Night,Movie,2021,2021.0,Kim Tae-hyung
s558,Winchester,Movie,2018,2021.0,Michael Spierig
s558,Winchester,Movie,2018,2021.0,Peter Spierig
s559,6 Bullets,Movie,2012,2021.0,Ernie Barbarash
s560,Air Force One,Movie,1997,2021.0,Wolfgang Petersen
s561,Audible,Movie,2021,2021.0,Matt Ogens
s562,Austin Powers in Goldmember,Movie,2002,2021.0,Jay Roach
s563,Austin Powers: International Man of Mystery,Movie,1997,2021.0,Jay Roach
s564,Austin Powers: The Spy Who Shagged Me,Movie,1999,2021.0,Jay Roach
s565,Boogie Nights,Movie,1997,2021.0,Paul Thomas Anderson
s567,Charlie's Angels,Movie,2000,2021.0,McG
s568,Congo,Movie,1995,2021.0,Frank Marshall
s569,Dennis the Menace,Movie,1993,2021.0,Nick Castle
s570,Dreamy Eyes,Movie,2019,2021.0,Victor Vu
s571,Dynasty Warriors,Movie,2021,2021.0,Chow Hin Yeung Roy
s573,Hampstead,Movie,2019,2021.0,Joel Hopkins
s574,Kung Fu Panda,Movie,2008,2021.0,John Stevenson
s574,Kung Fu Panda,Movie,2008,2021.0,Mark Osborne
s575,Kung Fu Panda 2,Movie,2011,2021.0,Jennifer Yuh Nelson
s576,Life as We Know It,Movie,2010,2021.0,Greg Berlanti
s577,Mary Magdalene,Movie,2019,2021.0,Garth Davis
s578,Masameer County,TV Show,2021,2021.0,Malik Nejer
s579,Memoirs of a Geisha,Movie,2005,2021.0,Rob Marshall
s580,Midnight Run,Movie,1988,2021.0,Martin Brest
s581,Mobile Suit Gundam Hathaway,Movie,2021,2021.0,Shuko Murase
s582,Mortal Kombat,Movie,1995,2021.0,Paul W.S. Anderson
s583,Mother's Day,Movie,2016,2021.0,Garry Marshall
s584,No Strings Attached,Movie,2011,2021.0,Ivan Reitman
s585,Not Another Teen Movie,Movie,2001,2021.0,Joel Gallen
s586,Ophelia,Movie,2018,2021.0,Claire McCarthy
s587,Pet Sematary 2,Movie,1992,2021.0,Mary Lambert
s588,Quarantine Tales,TV Show,2020,2021.0,Sidharta Tata
s588,Quarantine Tales,TV Show,2020,2021.0,Aco Tenriyagelli
s588,Quarantine Tales,TV Show,2020,2021.0,Dian Sastrowardoyo
s588,Quarantine Tales,TV Show,2020,2021.0,Ifa Isfansyah
s588,Quarantine Tales,TV Show,2020,2021.0,Jason Iskandar
s590,Red Joan,Movie,2019,2021.0,Trevor Nunn
s592,Seven Pounds,Movie,2008,2021.0,Gabriele Muccino
s593,She's Out of My League,Movie,2010,2021.0,Jim Field Smith
s594,Snow Day,Movie,2000,2021.0,Chris Koch
s595,Star Trek,Movie,2009,2021.0,J.J. Abrams
s596,Stuart Little,Movie,1999,2021.0,Rob Minkoff
s597,Sword of Trust,Movie,2019,2021.0,Lynn Shelton
s598,Talladega Nights: The Ballad of Ricky Bobby,Movie,2006,2021.0,Adam McKay
s599,The American,Movie,2010,2021.0,Anton Corbijn
s600,The Best of Enemies,Movie,2019,2021.0,Robin Bissell
s601,The Game,Movie,1997,2021.0,David Fincher
s602,The Karate Kid,Movie,1984,2021.0,John G. Avildsen
s603,The Karate Kid Part II,Movie,1986,2021.0,John G. Avildsen
s604,The Karate Kid Part III,Movie,1989,2021.0,John G. Avildsen
s605,The Life of David Gale,Movie,2003,2021.0,Alan Parker
s606,The Long Riders,Movie,1980,2021.0,Walter Hill
s607,The Queen,Movie,2006,2021.0,Stephen Frears
s608,The Strangers,Movie,2008,2021.0,Bryan Bertino
s609,The Sum of All Fears,Movie,2002,2021.0,Phil Alden Robinson
s610,The Tourist,Movie,2010,2021.0,Florian Henckel von Donnersmarck
s611,Underworld,Movie,2003,2021.0,Len Wiseman
s612,Underworld: Awakening,Movie,2012,2021.0,Måns Mårlind
s612,Underworld: Awakening,Movie,2012,2021.0,Björn Stein
s613,Underworld: Rise of the Lycans,Movie,2009,2021.0,Patrick Tatopoulos
s614,Voiceless,Movie,2020,2021.0,Robert O. Peters
s615,What Dreams May Come,Movie,1998,2021.0,Vincent Ward
s616,Why Do Fools Fall in Love,Movie,1998,2021.0,Gregory Nava
s617,Working Title,Movie,2019,2021.0,Mary Harron
s619,America: The Motion Picture,Movie,2021,2021.0,Matt Thompson
s620,Deranged,Movie,2020,2021.0,Jameel Buari
s622,Legend of Exorcism,TV Show,2020,2021.0,Shen Leping
s623,Lying and Stealing,Movie,2019,2021.0,Matt Aselton
s624,Mommy Issues,Movie,2021,2021.0,Jose Javier Reyes
s625,Prime Time,Movie,2021,2021.0,Jakub Piątek
s627,Sophie: A Murder in West Cork,TV Show,2021,2021.0,John Dower
s630,A Way Back Home,Movie,2020,2021.0,B. T Thomas
s631,Killing Them Softly,Movie,2012,2021.0,Andrew Dominik
s633,Wanted,Movie,2019,2021.0,Nibal Arakji
s634,Into the Wind,Movie,2018,2021.0,Sofie Šustková
s635,Wonder Boy,Movie,2019,2021.0,Anissa Bonnefont
s636,Here Comes the Rain,Movie,2010,2021.0,Bahij Hojeij
s637,The Ice Road,Movie,2021,2021.0,Jonathan Hensleigh
s638,Ray,TV Show,2021,2021.0,Srijit Mukherji
s638,Ray,TV Show,2021,2021.0,Vasan Bala
s638,Ray,TV Show,2021,2021.0,Abhishek Chaubey
s644,The Seventh Day,Movie,2021,2021.0,Justin P. Lange
s645,Good on Paper,Movie,2021,2021.0,Kimmy Gatewood
s646,Murder by the Coast,Movie,2021,2021.0,Tània Balló
s647,The House of Flowers: The Movie,Movie,2021,2021.0,Manolo Caro
s650,Broken,Movie,2019,2021.0,Anurin Nwunembom
s651,O Vendedor de Sonhos,Movie,2016,2021.0,Jayme Monjardim
s652,Osuofia in London,Movie,2003,2021.0,Kingsley Ogoro
s653,Osuofia in London II,Movie,2004,2021.0,Kingsley Ogoro
s655,#Selfie,Movie,2014,2021.0,Cristina Jacob
s656,#Selfie 69,Movie,2016,2021.0,Cristina Jacob
s657,Love Is a Story,Movie,2015,2021.0,Cristina Jacob
s665,Cleo & Cuquin,TV Show,2020,2021.0,Fernando Moro
s667,Gameboys Level-Up Edition,TV Show,2020,2021.0,Ivan Andrew Payawal
s671,Mobile Suit Gundam II: Soldiers of Sorrow,Movie,1981,2021.0,Yoshiyuki Tomino
s671,Mobile Suit Gundam II: Soldiers of Sorrow,Movie,1981,2021.0,Yoshikazu Yasuhiko
s672,Mobile Suit Gundam III: Encounters in Space,Movie,1982,2021.0,Yoshiyuki Tomino
s672,Mobile Suit Gundam III: Encounters in Space,Movie,1982,2021.0,Yoshikazu Yasuhiko
s673,Mobile Suit Gundam: Char's Counterattack,Movie,1988,2021.0,Yoshiyuki Tomino
s677,Riverdale,TV Show,2019,2021.0,Rob Seidenglanz
s682,They've Gotta Have Us,TV Show,2018,2021.0,Simon Frederick
s684,A Family,Movie,2021,2021.0,Michihito Fujii
s686,Fatherhood,Movie,2021,2021.0,Paul Weitz
s688,Jagame Thandhiram,Movie,2021,2021.0,Karthik Subbaraj
s689,Kambili: The Whole 30 Yards,Movie,2020,2021.0,Kayode Kasum
s690,Mobile Suit Gundam I,Movie,1981,2021.0,Yoshiyuki Tomino
s690,Mobile Suit Gundam I,Movie,1981,2021.0,Yoshikazu Yasuhiko
s691,Rurouni Kenshin: The Final,Movie,2021,2021.0,Keishi Otomo
s693,The Rational Life,TV Show,2021,2021.0,Hsu Fu-chun
s694,Ali & Ratu Ratu Queens,Movie,2021,2021.0,Lucky Kuswandi
s695,Aziza,Movie,2019,2021.0,Soudade Kaadan
s696,Besieged Bread,Movie,2015,2021.0,Soudade Kaadan
s699,Fan Girl,Movie,2020,2021.0,Antoinette Jadaone
s702,Red Snow,Movie,2019,2021.0,Marie Clements
s703,Silver Linings Playbook,Movie,2012,2021.0,David O. Russell
s705,A Man For The Week End,Movie,2018,2021.0,Achille Brice
s706,Biking Borders,Movie,2019,2021.0,Max Jabs
s708,Let's Eat,TV Show,2021,2021.0,Sarawut Wichiensarn
s709,Lowriders,Movie,2016,2021.0,Ricardo de Montreuil
s712,Security,Movie,2021,2021.0,Peter Chelsom
s713,Silver Skates,Movie,2020,2021.0,Michael Lockshin
s717,FTA,Movie,1972,2021.0,Francine Parker
s719,Life of Crime,Movie,2013,2021.0,Daniel Schechter
s722,Rogue Warfare: Death of a Nation,Movie,2020,2021.0,Mike Gunther
s723,Sir! No Sir!,Movie,2005,2021.0,David Zeiger
s724,The American Bible Challenge,TV Show,2014,2021.0,Michael Simon
s725,The Reason I Jump,Movie,2021,2021.0,Jerry Rothwell
s727,Metallica: Some Kind of Monster,TV Show,2014,2021.0,Joe Berlinger
s727,Metallica: Some Kind of Monster,TV Show,2014,2021.0,Bruce Sinofsky
s728,Picture a Scientist,Movie,2020,2021.0,Ian Cheney
s728,Picture a Scientist,Movie,2020,2021.0,Sharon Shattuck
s729,The Devil Below,Movie,2021,2021.0,Bradley Parker
s736,Sarbath,Movie,2021,2021.0,Prabhakaran
s737,Skater Girl,Movie,2021,2021.0,Manjari Makijany
s738,Trese,TV Show,2021,2021.0,Jay Oliva
s740,Wish Dragon,Movie,2021,2021.0,Chris Appelhans
s741,A Haunted House 2,Movie,2014,2021.0,Michael Tiddes
s742,Blind Intersections,Movie,2012,2021.0,Lara Saba
s743,Camellia Sisters,Movie,2021,2021.0,Bao Nhan
s743,Camellia Sisters,Movie,2021,2021.0,Namcito
s744,Copenhagen,Movie,2014,2021.0,Mark Raso
s746,Until Midnight,Movie,2019,2021.0,Tariq Alkazim
s747,Awake,Movie,2021,2021.0,Mark Raso
s748,Confusion Na Wa,Movie,2013,2021.0,Kenneth Gyang
s751,Tragic Jungle,Movie,2021,2021.0,Yulene Olaizola
s753,Vampire Academy,Movie,2014,2021.0,Mark Waters
s755,A Private War,Movie,2018,2021.0,Matthew Heineman
s757,Small Chops,Movie,2020,2021.0,Robert Peters
s758,Breaking Boundaries: The Science Of Our Planet,Movie,2021,2021.0,Jonathan Clay
s759,Feel Good,TV Show,2021,2021.0,Ally Pankiw
s760,Fireplace 4K: Classic Crackling Fireplace from Fireplace for Your Home,Movie,2015,2021.0,George Ford
s761,Fireplace 4K: Crackling Birchwood from Fireplace for Your Home,Movie,2015,2021.0,George Ford
s763,Sweet & Sour,Movie,2021,2021.0,Lee Kae-byeok
s765,Trippin' with the Kandasamys,Movie,2021,2021.0,Jayan Moodley
s766,Xtreme,Movie,2021,2021.0,Daniel Benmayor
s767,Alan Saldaña: Locked Up,Movie,2021,2021.0,Alex Díaz
s769,Dancing Queens,Movie,2021,2021.0,Helena Bergström
s770,From Stress to Happiness,Movie,2020,2021.0,Alejandro De Grazia
s770,From Stress to Happiness,Movie,2020,2021.0,Juan Stadler
s771,Myriam Fares: The Journey,Movie,2021,2021.0,Myriam Fares
s772,Pretty Guardian Sailor Moon Eternal The Movie,TV Show,2021,2021.0,Chiaki Kon
s774,The Girl and the Gun,Movie,2019,2021.0,Rae Red
s775,2 Hearts,Movie,2020,2021.0,Lance Hool
s776,A Perfect Ending,Movie,2012,2021.0,Nicole Conn
s777,American Outlaws,Movie,2001,2021.0,Les Mayfield
s778,And Then Came Lola,Movie,2009,2021.0,Ellen Seidler
s778,And Then Came Lola,Movie,2009,2021.0,Megan Siler
s780,Battlefield Earth,Movie,2000,2021.0,Roger Christian
s782,Black Holes | The Edge of All We Know,Movie,2021,2021.0,Peter Galison
s783,Bliss,Movie,1997,2021.0,Lance Young
s784,Carnaval,Movie,2021,2021.0,Leandro Neri
s785,Cloudburst,Movie,2011,2021.0,Thom Fitzgerald
s787,Company of Heroes,Movie,2013,2021.0,Don Michael Paul
s788,Cradle 2 the Grave,Movie,2003,2021.0,Andrzej Bartkowiak
s789,Domestic Disturbance,Movie,2001,2021.0,Harold Becker
s791,Dream/Killer,Movie,2015,2021.0,Andrew Jenks
s792,Felon,Movie,2008,2021.0,Ric Roman Waugh
s793,Flipped,Movie,2010,2021.0,Rob Reiner
s794,Fools Rush In,Movie,1997,2021.0,Andy Tennant
s795,Gold Statue,Movie,2019,2021.0,Tade Ogidan
s797,Hostel: Part III,Movie,2011,2021.0,Scott Spiegel
s798,I Am Sam,Movie,2001,2021.0,Jessie Nelson
s799,Love Jones,Movie,1997,2021.0,Theodore Witcher
s800,Million Dollar Baby,Movie,2004,2021.0,Clint Eastwood
s801,Mosquita y Mari,Movie,2012,2021.0,Aurora Guerrero
s802,Never Back Down 2: The Beatdown,Movie,2011,2021.0,Michael Jai White
s803,Ninja Assassin,Movie,2009,2021.0,James McTeigue
s804,Ouran High School Host Club,TV Show,2006,2021.0,Takuya Igarashi
s805,Population 436,Movie,2006,2021.0,Michelle MacLaren
s807,Seven Souls in the Skull Castle: Season Moon Jogen,Movie,2017,2021.0,Hidenori Inoue
s808,Seven Souls in the Skull Castle: Season Moon Kagen,Movie,2017,2021.0,Hidenori Inoue
s809,Sniper: Legacy,Movie,2014,2021.0,Don Michael Paul
s810,Starsky & Hutch,Movie,2004,2021.0,Todd Phillips
s811,Streets of Fire,Movie,1984,2021.0,Walter Hill
s812,Super Monsters: Once Upon a Rhyme,Movie,2021,2021.0,Steve Ball
s813,Swordfish,Movie,2001,2021.0,Dominic Sena
s815,The Four Seasons,Movie,1981,2021.0,Alan Alda
s816,The Girl King,Movie,2015,2021.0,Mika Kaurismäki
s817,The Interpreter,Movie,2005,2021.0,Sydney Pollack
s818,The Meddler,Movie,2015,2021.0,Lorene Scafaria
s819,The Mirror Has Two Faces,Movie,1996,2021.0,Barbra Streisand
s820,The Outlaw Josey Wales,Movie,1976,2021.0,Clint Eastwood
s822,The Wedding Guest,Movie,2018,2021.0,Michael Winterbottom
s823,The Wind,Movie,2019,2021.0,Emma Tammi
s824,Then Came You,Movie,2019,2021.0,Peter Hutchings
s825,Welcome Home,Movie,2018,2021.0,George Ratliff
s827,Bo Burnham: Inside,Movie,2021,2021.0,Bo Burnham
s828,One Lagos Night,Movie,2021,2021.0,Ekene Som Mekwunye
s829,Collateral Beauty,Movie,2016,2021.0,David Frankel
s830,Dog Gone Trouble,Movie,2021,2021.0,Kevin Johnson
s832,The Least Expected Day: Inside the Movistar Team 2019,TV Show,2021,2021.0,José Larraza
s832,The Least Expected Day: Inside the Movistar Team 2019,TV Show,2021,2021.0,Marc Pons
s833,Word of Honor,TV Show,2021,2021.0,Gary Sing
s835,Blue Miracle,Movie,2021,2021.0,Julio Quintana
s837,Ghost Lab,Movie,2021,2021.0,Paween Purijitpanya
s839,Soy Rada: Serendipity,Movie,2021,2021.0,Pablo Faro
s840,The Day I lost My Shadow,Movie,2018,2021.0,Soudade Kaadan
s841,Baggio: The Divine Ponytail,Movie,2021,2021.0,Letizia Lamartire
s842,Gatao - The Last Stray,Movie,2021,2021.0,Ray Jiang
s845,Nail Bomber: Manhunt,Movie,2021,2021.0,Daniel Vernon
s846,A Place in the Stars,Movie,2014,2021.0,Steve Gukas
s847,Home,Movie,2015,2021.0,Tim Johnson
s851,99 Songs,Movie,2021,2021.0,Vishwesh Krishnamoorthy
s854,Army of the Dead,Movie,2021,2021.0,Zack Snyder
s857,Strain,Movie,2020,2021.0,Uduak-Obong Patrick
s859,678,Movie,2009,2021.0,Mohamed Diab
s860,Asmaa,Movie,2011,2021.0,Amr Salama
s861,Hating Peter Tatchell,Movie,2020,2021.0,Christopher Amos
s862,Little Singham Future mein Satakli,Movie,2021,2021.0,Prakash Satam
s864,Spy Kids: All the Time in the World,Movie,2011,2021.0,Robert Rodriguez
s865,Taxi No. 9211,Movie,2006,2021.0,Milan Luthria
s866,Sabotage,Movie,2014,2021.0,David Ayer
s867,Small Town Crime,Movie,2017,2021.0,Eshom Nelms
s867,Small Town Crime,Movie,2017,2021.0,Ian Nelms
s868,The Last Days,Movie,1998,2021.0,James Moll
s871,Amy Tan: Unintended Memoir,Movie,2021,2021.0,James Redford
s872,Sardar Ka Grandson,Movie,2021,2021.0,Kaashvie Nair
s873,Sleight,Movie,2016,2021.0,J.D. Dillard
s874,Ahaan,Movie,2021,2021.0,Nikhil Pherwani
s876,Love or Money,Movie,2020,2021.0,Mae Czarina Cruz
s878,Cinema Bandi,Movie,2021,2021.0,Praveen Kandregula
s879,Ferry,Movie,2021,2021.0,Cecilia Verheyden
s880,Halston,TV Show,2021,2021.0,Daniel Minahan
s882,I Am All Girls,Movie,2021,2021.0,Donovan Marsh
s883,Jungle Beat: The Movie,Movie,2021,2021.0,Brent Dawes
s886,Table Manners,Movie,2018,2021.0,Leli Maki
s887,The Mystic River,TV Show,2020,2021.0,Uzodinma Okpechi
s888,The Strange House,Movie,2020,2021.0,Daniel Prochaska
s890,The Woman in the Window,Movie,2021,2021.0,Joe Wright
s892,Layer Cake,Movie,2004,2021.0,Matthew Vaughn
s893,Tottaa Pataaka Item Maal,Movie,2018,2021.0,Aditya Kripalani
s894,Wave of Cinema: Filosofi Kopi,Movie,2020,2021.0,Adriano Rudiman
s895,Dance of the Forty One,Movie,2021,2021.0,David Pablos
s896,Oxygen,Movie,2021,2021.0,Alexandre Aja
s898,Use For My Talent,TV Show,2021,2021.0,Cai Cong
s899,Dear Affy,Movie,2020,2021.0,Samuel Olatunji
s900,Illegal Woman,Movie,2020,2021.0,Ramon Térmens
s902,Deadly Switch,Movie,2019,2021.0,Svetlana Cvetko
s904,Nayattu,Movie,2021,2021.0,Martin Prakkat
s905,Sleepless,Movie,2017,2021.0,Baran bo Odar
s906,Super Me,Movie,2021,2021.0,Zhang Chong
s907,Have You Ever Seen Fireflies? - Theatre Play,Movie,1999,2021.0,Yılmaz Erdoğan
s908,In Our Mothers' Gardens,Movie,2020,2021.0,Shantrelle P. Lewis
s910,Milestone,Movie,2021,2021.0,Ivan Ayr
s911,Monster,Movie,2021,2021.0,Anthony Mandler
s912,Sab Jholmaal Hai,TV Show,2017,2021.0,Vijay Roche
s914,Time to Dance,Movie,2020,2021.0,Stanley Menino D'Costa
s915,Unrest,Movie,2017,2021.0,Jennifer Brea
s916,And Tomorrow the Entire World,Movie,2020,2021.0,Julia von Heinz
s917,Dead Man Down,Movie,2013,2021.0,Niels Arden Oplev
s918,Framing John DeLorean,Movie,2019,2021.0,Don Argott
s918,Framing John DeLorean,Movie,2019,2021.0,Sheena M. Joyce
s920,The Sons of Sam: A Descent into Darkness,TV Show,2021,2021.0,Joshua Zeman
s923,The Clovehitch Killer,Movie,2018,2021.0,Duncan Skiles
s925,Aliens Stole My Body,Movie,2020,2021.0,Sean McNamara
s927,Au coeur des gangs,Movie,2006,2021.0,Vondie Curtis-Hall
s929,Best of the Best,Movie,1989,2021.0,Robert Radler
s930,Dead Again in Tombstone,Movie,2017,2021.0,Roel Reiné
s931,Due Date,Movie,2010,2021.0,Todd Phillips
s932,Fun with Dick & Jane,Movie,2005,2021.0,Dean Parisot
s933,Green Zone,Movie,2010,2021.0,Paul Greengrass
s934,Hachi: A Dog's Tale,Movie,2009,2021.0,Lasse Hallström
s935,JT LeRoy,Movie,2018,2021.0,Justin Kelly
s936,Madagascar 3: Europe's Most Wanted,Movie,2012,2021.0,Eric Darnell
s936,Madagascar 3: Europe's Most Wanted,Movie,2012,2021.0,Tom McGrath
s936,Madagascar 3: Europe's Most Wanted,Movie,2012,2021.0,Conrad Vernon
s938,Motu Patlu in Dragon's World,Movie,2017,2021.0,Suhas Kadav
s939,Motu Patlu in the Game of Zones,Movie,2019,2021.0,Suhas Kadav
s940,Motu Patlu in Wonderland,Movie,2013,2021.0,Suhas Kadav
s941,Motu Patlu: Deep Sea Adventure,Movie,2014,2021.0,Suhas Kadav
s942,Motu Patlu: Mission Moon,Movie,2013,2021.0,Suhas Kadav
s943,Mystic River,Movie,2003,2021.0,Clint Eastwood
s944,Never Back Down,Movie,2008,2021.0,Jeff Wadlow
s945,S.M.A.R.T Chase,Movie,2018,2021.0,Charles Martin
s946,Sitting in Limbo,Movie,2020,2021.0,Stella Corradi
s947,Stargate,Movie,1994,2021.0,Roland Emmerich
s948,State of Play,Movie,2009,2021.0,Kevin Macdonald
s949,Swiped,Movie,2018,2021.0,Ann Deborah Fishman
s950,The Darkest Hour,Movie,2011,2021.0,Chris Gorak
s951,The Lovely Bones,Movie,2009,2021.0,Peter Jackson
s952,The Sweetest Thing,Movie,2002,2021.0,Roger Kumble
s953,The Whole Nine Yards,Movie,2000,2021.0,Jonathan Lynn
s954,The Whole Truth,Movie,2016,2021.0,Courtney Hunt
s955,The Yeti Adventures,Movie,2018,2021.0,Pierre Greco
s955,The Yeti Adventures,Movie,2018,2021.0,Nancy Florence Savard
s956,Under Siege,Movie,1992,2021.0,Andrew Davis
s957,Zack and Miri Make a Porno,Movie,2008,2021.0,Kevin Smith
s959,Seven,Movie,2019,2021.0,Tosin Igho
s960,The Disciple,Movie,2021,2021.0,Chaitanya Tamhane
s961,The Innocent,TV Show,2021,2021.0,Oriol Paulo
s962,The Mitchells vs. The Machines,Movie,2021,2021.0,Mike Rianda
s962,The Mitchells vs. The Machines,Movie,2021,2021.0,Jeff Rowe
s963,The Strangers: Prey at Night,Movie,2018,2021.0,Johannes Roberts
s965,Things Heard & Seen,Movie,2021,2021.0,Robert Pulcini
s965,Things Heard & Seen,Movie,2021,2021.0,Shari Springer Berman
s967,Get the Grift,Movie,2021,2021.0,Pedro Antonio
s970,August: Osage County,Movie,2014,2021.0,John Wells
s971,Battle: Los Angeles,Movie,2011,2021.0,Jonathan Liebesman
s972,Between Worlds,Movie,2018,2021.0,Maria Pulera
s974,One,Movie,2020,2021.0,Santhosh Viswanath
s975,Ram Prasad Ki Tehrvi,Movie,2019,2021.0,Seema Pahwa
s977,Among Family,Movie,2017,2021.0,Ozan Açıktan
s978,Dedemin Fisi,Movie,2016,2021.0,Meltem Bozoflu
s979,Deliha,Movie,2014,2021.0,Hakan Algül
s980,Düğün Dernek,Movie,2013,2021.0,Selçuk Aydemir
s980,Düğün Dernek,Movie,2013,2021.0,Birkan Pusa
s981,Dügün Dernek 2: Sünnet,Movie,2015,2021.0,Selçuk Aydemir
s982,G.O.R.A,Movie,2004,2021.0,Ömer Faruk Sorak
s983,Hayat Öpücügü,Movie,2015,2021.0,Şenol Sönmez
s984,Heroes: Silence and Rock & Roll,Movie,2021,2021.0,Alexis Morante
s985,Kara Bela,Movie,2015,2021.0,Burak Aksak
s986,Kocan Kadar Konus,Movie,2015,2021.0,Kıvanç Baruönü
s987,Kocan Kadar Konus 2: Dirilis,Movie,2016,2021.0,Kıvanç Baruönü
s988,Legal Hash,Movie,2019,2021.0,Rindala Kodeih
s989,Let's Fight Ghost,TV Show,2021,2021.0,Kongkiat Khomsiri
s990,My Travel Buddy,Movie,2017,2021.0,Bedran Güzel
s991,Niyazi Gül Dörtnala,Movie,2015,2021.0,Hakan Algül
s992,One Like It,Movie,2020,2021.0,Marwan Nabil
s993,Perfume Imaginary Museum “Time Warp”,Movie,2020,2021.0,MIKIKO
s993,Perfume Imaginary Museum “Time Warp”,Movie,2020,2021.0,Daito Manabe
s995,This Lady Called Life,Movie,2020,2021.0,Kayode Kasum
s996,Vizontele,Movie,2001,2021.0,Yılmaz Erdoğan
s996,Vizontele,Movie,2001,2021.0,Ömer Faruk Sorak
s997,HOMUNCULUS,Movie,2021,2021.0,Takashi Shimizu
s1000,Stowaway,Movie,2021,2021.0,Joe Penna
s1001,Wild Dog,Movie,2020,2021.0,Ahishor Solomon
s1002,Oloibiri,Movie,2015,2021.0,Curtis Graham
s1003,Tell Me When,Movie,2021,2021.0,Gerardo Gatica
s1007,Motu Patlu Dino Invasion,Movie,2018,2021.0,Suhas Kadav
s1008,Motu Patlu in Octupus World,Movie,2017,2021.0,Suhas Kadav
s1009,Motu Patlu VS Robo Kids,Movie,2019,2021.0,Suhas Kadav
s1010,Rudra: Secret of the Black Moon,Movie,2020,2021.0,Akshay Sanjeev Chavan
s1010,Rudra: Secret of the Black Moon,Movie,2020,2021.0,Sumit Das
s1014,Miss Sloane,Movie,2016,2021.0,John Madden
s1016,American Me,Movie,1992,2021.0,Edward James Olmos
s1017,Delhi Belly,Movie,2011,2021.0,Abhinay Deo
s1018,Dhobi Ghat (Mumbai Diaries),Movie,2010,2021.0,Kiran Rao
s1019,Jaane Tu... Ya Jaane Na,Movie,2008,2021.0,Abbas Tyrewala
s1020,Lagaan,Movie,2001,2021.0,Ashutosh Gowariker
s1021,Madness in the Desert,Movie,2004,2021.0,Satyajit Bhatkal
s1022,Peepli Live,Movie,2010,2021.0,Anusha Rizvi
s1022,Peepli Live,Movie,2010,2021.0,Mahmood Farooqui
s1023,Taare Zameen Par,Movie,2007,2021.0,Aamir Khan
s1024,Ajeeb Daastaans,Movie,2021,2021.0,Shashank Khaitan
s1024,Ajeeb Daastaans,Movie,2021,2021.0,Raj Mehta
s1024,Ajeeb Daastaans,Movie,2021,2021.0,Neeraj Ghaywan
s1024,Ajeeb Daastaans,Movie,2021,2021.0,Kayoze Irani
s1025,Arlo the Alligator Boy,Movie,2021,2021.0,Ryan Crego
s1027,Barbie & Chelsea: The Lost Birthday,Movie,2021,2021.0,Cassi Simonds
s1028,Crimson Peak,Movie,2015,2021.0,Guillermo del Toro
s1030,Doctor Bello,Movie,2013,2021.0,Tony Abulu
s1031,Four Sisters Before the Wedding,Movie,2020,2021.0,Mae Czarina Cruz
s1032,Into the Beat,Movie,2020,2021.0,Stefan Westerwelle
s1034,Rush,Movie,2013,2021.0,Ron Howard
s1035,Synchronic,Movie,2020,2021.0,Justin Benson
s1035,Synchronic,Movie,2020,2021.0,Aaron Moorhead
s1036,The Zookeeper's Wife,Movie,2017,2021.0,Niki Caro
s1037,Time Trap,Movie,2017,2021.0,Mark Dennis
s1037,Time Trap,Movie,2017,2021.0,Ben Foster
s1038,Tuesdays & Fridays,Movie,2021,2021.0,Taranveer Singh
s1040,Dark City Beneath the Beat,Movie,2020,2021.0,TT The Artist
s1042,GANTZ:O,Movie,2016,2021.0,Keiichi Sato
s1042,GANTZ:O,Movie,2016,2021.0,Yasushi Kawamura
s1043,Garth Brooks: The Road I’m On,TV Show,2019,2021.0,Glenn Weiss
s1047,Only Mine,Movie,2019,2021.0,Michael Civille
s1051,Ride or Die,Movie,2021,2021.0,Ryuichi Hiroki
s1053,The Master,Movie,2012,2021.0,Paul Thomas Anderson
s1054,Time Is Illmatic,Movie,2014,2021.0,One9
s1055,Wave of Cinema: One Day We'll Talk About Today,Movie,2020,2021.0,Adriano Rudiman
s1056,Zoot Suit,Movie,1981,2021.0,Luis Valdez
s1067,The Soul,Movie,2021,2021.0,Cheng Wei-hao
s1068,The Underclass,TV Show,2020,2021.0,Pass Patthanakumjon
s1070,Uppena,Movie,2020,2021.0,Buchi Babu Sana
s1071,Why Did You Kill Me?,Movie,2021,2021.0,Fredrick Munk
s1072,Motu Patlu in Hong Kong: Kung Fu Kings 3,Movie,2017,2021.0,Suhas Kadav
s1073,Motu Patlu in the City of Gold,Movie,2018,2021.0,Suhas Kadav
s1074,Motu Patlu Kung Fu Kings 4 The Challenge of Kung Fu Brothers,Movie,2018,2021.0,Suhas Kadav
s1075,Motu Patlu the Superheroes – Super Villains from Mars,Movie,2019,2021.0,Suhas Kadav
s1076,My Love: Six Stories of True Love,TV Show,2021,2021.0,Moyoung Jin
s1076,My Love: Six Stories of True Love,TV Show,2021,2021.0,Caroline Sá
s1076,My Love: Six Stories of True Love,TV Show,2021,2021.0,Deepti Kakkar
s1076,My Love: Six Stories of True Love,TV Show,2021,2021.0,Fahad Mustafa
s1076,My Love: Six Stories of True Love,TV Show,2021,2021.0,Hikaru Toda
s1076,My Love: Six Stories of True Love,TV Show,2021,2021.0,Chico Pereira
s1076,My Love: Six Stories of True Love,TV Show,2021,2021.0,Elaine McMillion Sheldon
s1077,Shiva VS Autobots,Movie,2018,2021.0,Suhas Kadav
s1078,Shiva: Journey to Plunotaria,Movie,2019,2021.0,Suhas Kadav
s1079,Shiva: The Secret World Of Vedas City,Movie,2017,2021.0,Suhas Kadav
s1081,New Gods: Nezha Reborn,Movie,2021,2021.0,Zhao Ji
s1084,The Stand-In,Movie,2020,2021.0,Jamie Babbit
s1086,Night in Paradise,Movie,2021,2021.0,Park Hoon-jung
s1087,Ojukokoro: Greed,Movie,2016,2021.0,Dare Olaitan
s1088,Roohi,Movie,2021,2021.0,Hardik Mehta
s1089,Thunder Force,Movie,2021,2021.0,Ben Falcone
s1090,Two Distant Strangers,Movie,2021,2021.0,Travon Free
s1090,Two Distant Strangers,Movie,2021,2021.0,Martin Desmond Roe
s1091,Story of Kale: When Someone's in Love,Movie,2020,2021.0,Angga Dwimas Sasongko
s1097,The Last Kids on Earth: Happy Apocalypse to You,Movie,2021,2021.0,Steve Rolston
s1098,Coded Bias,Movie,2020,2021.0,Shalini Kantayya
s1099,Mandela,Movie,2021,2021.0,Madonne Ashwin
s1100,The Fisherman's Diary,Movie,2020,2021.0,Enah Johnscott
s1101,What Lies Below,Movie,2020,2021.0,Braden R. Duemmler
s1102,Escape from Planet Earth,Movie,2013,2021.0,Cal Brunker
s1103,Accepted,Movie,2006,2021.0,Steve Pink
s1104,Air Strike,Movie,2018,2021.0,Xiao Feng
s1105,An American Girl: McKenna Shoots for the Stars,Movie,2012,2021.0,Vince Marcello
s1106,Concrete Cowboy,Movie,2021,2021.0,Ricky Staub
s1107,Cross: Rise of the Villains,Movie,2019,2021.0,Patrick Durham
s1107,Cross: Rise of the Villains,Movie,2019,2021.0,Paul G. Volk
s1108,God Calling,Movie,2018,2021.0,BB Sasore
s1109,Irul,Movie,2021,2021.0,Naseef Yusuf Izuddin
s1110,Just Say Yes,Movie,2021,2021.0,Appie Boudellah
s1110,Just Say Yes,Movie,2021,2021.0,Aram van de Rest
s1111,Madame Claude,Movie,2021,2021.0,Sylvie Verheyde
s1112,Wild Child,Movie,2008,2021.0,Nick Moore
s1113,Woody Woodpecker,Movie,2017,2021.0,Alex Zamm
s1114,2012,Movie,2009,2021.0,Roland Emmerich
s1115,3 Idiots,Movie,2009,2021.0,Rajkumar Hirani
s1116,Ferrari Ki Sawaari,Movie,2012,2021.0,Rajesh Mapuskar
s1118,Ibrahim a Fate to Define,Movie,2019,2021.0,Lina Al Abed
s1119,Insidious,Movie,2010,2021.0,James Wan
s1120,Into the Grizzly Maze,Movie,2015,2021.0,David Hackl
s1121,Kingsglaive: Final Fantasy XV,Movie,2016,2021.0,Takeshi Nozue
s1122,Legally Blonde,Movie,2001,2021.0,Robert Luketic
s1123,Madam Chief Minister,Movie,2020,2021.0,Subhash Kapoor
s1125,Maximum Risk,Movie,1996,2021.0,Ringo Lam
s1127,My Fair Lady,Movie,1964,2021.0,George Cukor
s1129,S.W.A.T.: Under Siege,Movie,2017,2021.0,Tony Giglio
s1131,Seven Souls in the Skull Castle: Season Bird,Movie,2017,2021.0,Hidenori Inoue
s1132,Seven Souls in the Skull Castle: Season Flower,Movie,2017,2021.0,Hidenori Inoue
s1133,Seven Souls in the Skull Castle: Season Wind,Movie,2017,2021.0,Hidenori Inoue
s1134,Sniper: Ghost Shooter,Movie,2016,2021.0,Don Michael Paul
s1135,Starship Troopers: Traitor of Mars,Movie,2017,2021.0,Shinji Aramaki
s1135,Starship Troopers: Traitor of Mars,Movie,2017,2021.0,Masaru Matsumoto
s1136,Takers,Movie,2010,2021.0,John Luessenhop
s1137,Tersanjung the Movie,Movie,2021,2021.0,Hanung Bramantyo
s1137,Tersanjung the Movie,Movie,2021,2021.0,Pandu Adjisurya
s1138,The Knight and the Princess,Movie,2019,2021.0,Bashir El Deek
s1139,The Pianist,Movie,2002,2021.0,Roman Polański
s1140,The Stepfather,Movie,2009,2021.0,Nelson McCormick
s1141,Universal Soldier: The Return,Movie,1999,2021.0,Mic Rodgers
s1142,Wazir,Movie,2016,2021.0,Bejoy Nambiar
s1143,White Boy,Movie,2017,2021.0,Shawn Rech
s1145,Yes Man,Movie,2008,2021.0,Peyton Reed
s1146,At Eternity's Gate,Movie,2018,2021.0,Julian Schnabel
s1147,Haunted: Latin America,TV Show,2021,2021.0,Adrián García Bogliano
s1148,Not a Game,Movie,2020,2021.0,Jose Gomez
s1151,7 Yards: The Chris Norton Story,Movie,2021,2021.0,Jonathon Link
s1152,Octonauts & the Ring of Fire,Movie,2021,2021.0,Blair Simmons
s1154,Mandela: Long Walk to Freedom,Movie,2013,2021.0,Justin Chadwick
s1155,Lawless,Movie,2012,2021.0,John Hillcoat
s1156,Marked,Movie,2021,2021.0,Nadine Ibrahim
s1157,A Week Away,Movie,2021,2021.0,Roman White
s1160,Black Is Beltza,Movie,2018,2021.0,Fermín Muguruza
s1161,Croupier,Movie,1998,2021.0,Mike Hodges
s1163,Keeping the Bees,Movie,2020,2021.0,Eylem Kaftan
s1165,Ni de coña,Movie,2020,2021.0,Fernando Ayllón
s1166,Pagglait,Movie,2021,2021.0,Umesh Bist
s1168,Caught by a Wave,Movie,2021,2021.0,Massimiliano Camaiti
s1171,Secret Magic Control Agency,Movie,2021,2021.0,Aleksey Tsitsilin
s1172,Seaspiracy,Movie,2021,2021.0,Ali Tabrizi
s1173,Loyiso Gola: Unlearning,Movie,2021,2021.0,Kagiso Lediga
s1174,Men on a Mission,TV Show,2021,2021.0,Jung-ah Im
s1176,Philomena,Movie,2013,2021.0,Stephen Frears
s1177,Any Crybabies Around?,Movie,2020,2021.0,Takuma Sato
s1178,Hospital,Movie,2020,2021.0,Brody Chu
s1179,Jiu Jitsu,Movie,2020,2021.0,Dimitri Logothetis
s1184,Reframe THEATER EXPERIENCE with you,Movie,2020,2021.0,Taketoshi Sado
s1185,The Yin Yang Master,Movie,2021,2021.0,Li Weiran
s1186,Who's the Boss,Movie,2020,2021.0,Chinaza Onuzo
s1188,Deadly Illusions,Movie,2021,2021.0,Anna Elizabeth James
s1189,Get the Goat,Movie,2021,2021.0,Vitor Brandt
s1190,Nate Bargatze: The Greatest Average American,Movie,2021,2021.0,Troy Miller
s1191,Skylines,Movie,2020,2021.0,Liam O'Donnell
s1192,The Fluffy Movie,Movie,2014,2021.0,Manny Rodriguez
s1192,The Fluffy Movie,Movie,2014,2021.0,Jay Lavender
s1193,The Present,Movie,2020,2021.0,Farah Nabulsi
s1194,Wave of Cinema: 90's Generation,Movie,2020,2021.0,Adriano Rudiman
s1195,Catch.er,Movie,2017,2021.0,Walter Taylaur
s1196,Operation Varsity Blues: The College Admissions Scandal,Movie,2021,2021.0,Chris Smith
s1197,Under Suspicion: Uncovering the Wesphael Case,TV Show,2021,2021.0,Alain Brunard
s1198,Get on Up,Movie,2014,2021.0,Tate Taylor
s1199,RebellComedy: Straight Outta the Zoo,Movie,2021,2021.0,Ladislaus Kiraly
s1200,Savages,Movie,2012,2021.0,Oliver Stone
s1203,C/O Kaadhal,Movie,2021,2021.0,Hemambar Jasti
s1204,The BFG,Movie,2016,2021.0,Steven Spielberg
s1205,The Last Blockbuster,Movie,2020,2021.0,Taylor Morden
s1208,Audrey,Movie,2020,2021.0,Helena Coan
s1209,Çarsi Pazar,Movie,2015,2021.0,Muharrem Gülmez
s1210,Just In Time,Movie,2020,2021.0,Dolapo Adeleke
s1212,Mucize,Movie,2015,2021.0,Mahsun Kırmızıgül
s1213,Paper Lives,Movie,2021,2021.0,Can Ulkay
s1215,Quiet,Movie,2020,2021.0,Luis Alejandro Pérez
s1216,Romantik Komedi,Movie,2010,2021.0,Ketche
s1217,Romantik Komedi 2: Bekarlığa Veda,Movie,2013,2021.0,Erol Özlevi
s1219,YES DAY,Movie,2021,2021.0,Miguel Arteta
s1220,You're Everything To Me,Movie,2016,2021.0,Tolga Örnek
s1221,Coven of Sisters,Movie,2021,2021.0,Pablo Agüero
s1222,Generasi 90an: Melankolia,Movie,2020,2021.0,Mohammad Irfan Ramly
s1223,The Block Island Sound,Movie,2020,2021.0,Kevin McManus
s1223,The Block Island Sound,Movie,2020,2021.0,Matthew McManus
s1224,Dealer,TV Show,2021,2021.0,Ange Basterga
s1224,Dealer,TV Show,2021,2021.0,Nicolas Lopez
s1229,Bombay Rose,Movie,2021,2021.0,Gitanjali Rao
s1231,Aelay,Movie,2021,2021.0,Halitha Shameem
s1233,Dogwashers,Movie,2021,2021.0,Carlos Moreno
s1234,Fate of Alakada,Movie,2020,2021.0,Kayode Kasum
s1235,Nevenka: Breaking the Silence,TV Show,2021,2021.0,Maribel Sánchez-Maroto
s1237,Sentinelle,Movie,2021,2021.0,Julien Leclercq
s1238,Mariposa,Movie,2020,2021.0,Fajar Bustomi
s1240,Parker,Movie,2013,2021.0,Taylor Hackford
s1241,Safe Haven,Movie,2013,2021.0,Lasse Hallström
s1242,Moxie,Movie,2021,2021.0,Amy Poehler
s1243,Murder Among the Mormons,TV Show,2021,2021.0,Jared Hess
s1243,Murder Among the Mormons,TV Show,2021,2021.0,Tyler Measom
s1244,Black or White,Movie,2014,2021.0,Mike Binder
s1245,Indoo Ki Jawani,Movie,2020,2021.0,Abir Sengupta
s1247,A Perfect Day For Arsenide,TV Show,2019,2021.0,Sunny Lau
s1248,Banyuki,Movie,2009,2021.0,Hidenori Inoue
s1249,Biggie: I Got a Story to Tell,Movie,2021,2021.0,Emmett Malloy
s1250,Blanche Gardin: The All-Nighter,Movie,2021,2021.0,Xavier Maingon
s1250,Blanche Gardin: The All-Nighter,Movie,2021,2021.0,Marc-Antoine Hélard
s1251,Connected,Movie,2021,2021.0,Milton Kremer
s1252,Dances with Wolves,Movie,1990,2021.0,Kevin Costner
s1253,How to Be Really Bad,Movie,2018,2021.0,Marco Petry
s1254,LEGO Marvel Spider-Man: Vexed by Venom,Movie,2019,2021.0,Andrew Duncan
s1254,LEGO Marvel Spider-Man: Vexed by Venom,Movie,2019,2021.0,Ken Cunningham
s1255,Rain Man,Movie,1988,2021.0,Barry Levinson
s1256,Seven Souls in the Skull Castle 2011,Movie,2011,2021.0,Hidenori Inoue
s1257,Tenacious D in The Pick of Destiny,Movie,2006,2021.0,Liam Lynch
s1259,Bigfoot Family,Movie,2021,2021.0,Jérémie Degruson
s1259,Bigfoot Family,Movie,2021,2021.0,Ben Stassen
s1260,Captain Fantastic,Movie,2016,2021.0,Matt Ross
s1261,Crazy About Her,Movie,2021,2021.0,Dani de la Orden
s1262,Fuga,Movie,2006,2021.0,Pablo Larraín
s1264,No Escape,Movie,2015,2021.0,John Erick Dowdle
s1265,Our Idiot Brother,Movie,2011,2021.0,Jesse Peretz
s1266,The Girl on the Train,Movie,2021,2021.0,Ribhu Dasgupta
s1267,Tony Manero,Movie,2008,2021.0,Pablo Larraín
s1268,Who Am I,Movie,2014,2021.0,Baran bo Odar
s1270,Geez & Ann,Movie,2021,2021.0,Rizki Balki
s1274,"Blue, Painful, Fragile",Movie,2020,2021.0,Shunsuke Kariyama
s1277,M8 - When Death Rescues Life,Movie,2019,2021.0,Jeferson De
s1279,Brian Regan: On the Rocks,Movie,2021,2021.0,Troy Miller
s1280,Made You Look: A True Story About Fake Art,Movie,2020,2021.0,Barry Avrich
s1281,Pelé,Movie,2021,2021.0,David Tryhorn
s1281,Pelé,Movie,2021,2021.0,Ben Nicholas
s1282,Red,Movie,2021,2021.0,Tirumala Kishore
s1284,The Conjuring,Movie,2013,2021.0,James Wan
s1285,The Conjuring 2,Movie,2016,2021.0,James Wan
s1287,Classmates Minus,Movie,2020,2021.0,Huang Hsin-Yao
s1289,Operation Finale,Movie,2018,2021.0,Chris Weitz
s1290,Wave of Cinema: Surat dari Timur,Movie,2020,2021.0,Saron Sakina
s1291,I Care a Lot,Movie,2021,2021.0,J Blakeson
s1292,Love,Movie,2020,2021.0,Khalid Rahman
s1293,Perú: Tesoro escondido,Movie,2017,2021.0,Luis Ara
s1294,Pitta Kathalu,TV Show,2021,2021.0,Tharun Bhascker Dhaassyam
s1294,Pitta Kathalu,TV Show,2021,2021.0,B. V. Nandini Reddy
s1294,Pitta Kathalu,TV Show,2021,2021.0,Nag Ashwin
s1294,Pitta Kathalu,TV Show,2021,2021.0,Sankalp Reddy
s1296,Eeb Allay Ooo!,Movie,2019,2021.0,Prateek Vats
s1298,No Escape Room,Movie,2018,2021.0,Alex Merkin
s1304,The Most Unknown,Movie,2018,2021.0,Ian Cheney
s1305,Animals on the Loose: A You vs. Wild Movie,Movie,2021,2021.0,Ben Simms
s1306,Awara Paagal Deewana,Movie,2002,2021.0,Vikram Bhatt
s1308,The Resurrection of Gavin Stone,Movie,2017,2021.0,Dallas Jenkins
s1310,"My Teacher, My Obsession",Movie,2018,2021.0,Damián Romay
s1312,Namaste Wahala,Movie,2021,2021.0,Hamisha Daryani Ahuja
s1313,Monsoon,Movie,2020,2021.0,Hong Khaou
s1316,Hate by Dani Rovira,Movie,2021,2021.0,Mario Briongos
s1317,Mundina Nildana,Movie,2019,2021.0,Vinay Bharadwaj
s1319,To All The Boys: Always And Forever,Movie,2021,2021.0,Michael Fimognari
s1320,Xico's Journey,Movie,2021,2021.0,Eric D. Cabello Díaz
s1323,Growing up and other problems,Movie,2018,2021.0,Clara Martínez-Lázaro
s1324,Layla Majnun,Movie,2020,2021.0,Monty Tiwa
s1325,Middle of Nowhere,Movie,2012,2021.0,Ava DuVernay
s1326,Red Dot,Movie,2021,2021.0,Alain Darborg
s1327,Squared Love,Movie,2021,2021.0,Filip Zylber
s1328,This Is the Life,Movie,2008,2021.0,Ava DuVernay
s1329,Crime Scene: The Vanishing at the Cecil Hotel,TV Show,2021,2021.0,Joe Berlinger
s1330,The Misadventures of Hedi and Cokeman,Movie,2021,2021.0,Julien Royal
s1331,The World We Make,Movie,2019,2021.0,Brian Baugh
s1334,War Dogs,Movie,2016,2021.0,Todd Phillips
s1335,Monster Run,Movie,2020,2021.0,Henri Wong
s1337,Blanche Gardin: I talk to myself,Movie,2017,2021.0,Maïa Sandoz
s1338,Doob: No Bed of Roses,Movie,2017,2021.0,Mostofa Sarwar Farooki
s1341,Little Big Women,Movie,2020,2021.0,Joseph Hsu
s1342,Malcolm & Marie,Movie,2021,2021.0,Sam Levinson
s1343,Space Sweepers,Movie,2021,2021.0,Jo Sung-hee
s1344,"Strip Down, Rise Up",Movie,2021,2021.0,Michèle Ohayon
s1345,The Last Paradiso,Movie,2020,2021.0,Rocco Ricciardulli
s1346,The Yin-Yang Master: Dream Of Eternity,Movie,2021,2021.0,Guo Jingming
s1347,All My Friends Are Dead,Movie,2020,2021.0,Jan Belcl
s1348,Black Beach,Movie,2020,2021.0,Esteban Crespo
s1352,"Our Lady of San Juan, Four Centuries of Miracles",Movie,2020,2021.0,Noé González
s1354,Beverly Hills Ninja,Movie,1997,2021.0,Dennis Dugan
s1358,Rocks,Movie,2019,2021.0,Sarah Gavron
s1359,Shutter Island,Movie,2010,2021.0,Martin Scorsese
s1360,The Bank Job,Movie,2008,2021.0,Roger Donaldson
s1361,The House Arrest of Us,TV Show,2020,2021.0,Richard Arellano
s1365,Zathura,Movie,2005,2021.0,Jon Favreau
s1367,Fatima,Movie,2020,2021.0,Marco Pontecorvo
s1368,Hell Fest,Movie,2018,2021.0,Gregory Plotkin
s1369,Below Zero,Movie,2021,2021.0,Lluís Quílez
s1370,Finding ‘Ohana,Movie,2021,2021.0,Jude Weng
s1371,The Dig,Movie,2021,2021.0,Simon Stone
s1373,June & Kopi,Movie,2021,2021.0,Noviandra Santosa
s1375,Accomplice,Movie,2021,2021.0,Jeremy Grant
s1377,Kilometers and Kilometers,Movie,2020,2021.0,Jeo Baby
s1379,Penguin Bloom,Movie,2021,2021.0,Glendyn Ivin
s1380,Black Rose,Movie,2018,2021.0,Okey Oku
s1382,Hire a Woman,Movie,2019,2021.0,Ifeanyi Ikpoenyi
s1383,She Is,Movie,2019,2021.0,Chris Eneng Enaji
s1387,So My Grandma’s a Lesbian!,Movie,2020,2021.0,Ángeles Reiné
s1388,The Next Three Days,Movie,2010,2021.0,Paul Haggis
s1389,The White Tiger,Movie,2021,2021.0,Ramin Bahrani
s1390,Friendsgiving,Movie,2020,2021.0,Nicol Paone
s1391,The Shadow of Violence,Movie,2020,2021.0,Nick Rowland
s1392,Cut Throat City,Movie,2020,2021.0,RZA
s1394,Sightless,Movie,2020,2021.0,Cooper Karl
s1397,Homefront,Movie,2013,2021.0,Gary Fleder
s1398,A Monster Calls,Movie,2016,2021.0,J.A. Bayona
s1399,Death of Me,Movie,2020,2021.0,Darren Lynn Bousman
s1400,Radium Girls,Movie,2018,2021.0,Lydia Dean Pilcher
s1400,Radium Girls,Movie,2018,2021.0,Ginny Mohler
s1404,Double Dad,Movie,2020,2021.0,Cris D'Amato
s1406,Outside the Wire,Movie,2021,2021.0,Mikael Håfström
s1407,Penguins of Madagascar: The Movie,Movie,2014,2021.0,Eric Darnell
s1407,Penguins of Madagascar: The Movie,Movie,2014,2021.0,Simon J. Smith
s1408,Pinkfong & Baby Shark's Space Adventure,Movie,2019,2021.0,Byeon Hee-sun
s1410,The Vanished,Movie,2020,2021.0,Peter Facinelli
s1411,Tribhanga - Tedhi Medhi Crazy,Movie,2021,2021.0,Renuka Shahane
s1412,What Would Sophia Loren Do?,Movie,2021,2021.0,Ross Kauffman
s1413,Wish You,Movie,2021,2021.0,Sung Do-jun
s1414,Tanda Tanya,Movie,2011,2021.0,Hanung Bramantyo
s1415,The Heartbreak Club,Movie,2020,2021.0,Charles Gozali
s1415,The Heartbreak Club,Movie,2020,2021.0,Bagus Bramanti
s1416,An Imperfect Murder,Movie,2017,2021.0,James Toback
s1417,Night Stalker: The Hunt for a Serial Killer,TV Show,2021,2021.0,Tiller Russell
s1418,Al acecho,Movie,2019,2021.0,Francisco D'Eufemia
s1419,Chris Rock Total Blackout: The Tamborine Extended Cut,Movie,2021,2021.0,Chris Rock
s1420,Last Tango in Halifax,TV Show,2020,2021.0,Juliet May
s1421,"Crack: Cocaine, Corruption & Conspiracy",Movie,2021,2021.0,Stanley Nelson
s1422,The Intouchables,Movie,2011,2021.0,Olivier Nakache
s1422,The Intouchables,Movie,2011,2021.0,Éric Toledano
s1423,Apaharan,Movie,2005,2021.0,Prakash Jha
s1424,BluffMaster!,Movie,2005,2021.0,Rohan Sippy
s1425,Charming,Movie,2021,2021.0,Ross Venokur
s1427,Gangaajal,Movie,2003,2021.0,Prakash Jha
s1429,Is Love Enough? Sir,Movie,2018,2021.0,Rohena Gera
s1433,The Idhun Chronicles,TV Show,2021,2021.0,Maite Ruiz De Austri
s1434,100% Halal,Movie,2020,2021.0,Jastis Arimba
s1435,Leap!,Movie,2016,2021.0,Eric Summer
s1435,Leap!,Movie,2016,2021.0,Éric Warin
s1436,Pieces of a Woman,Movie,2020,2021.0,Kornél Mundruczó
s1437,Ratones Paranoicos: The Band that Rocked Argentina,Movie,2021,2021.0,Alejandro Ruax
s1437,Ratones Paranoicos: The Band that Rocked Argentina,Movie,2021,2021.0,Ramiro Martínez
s1439,Tony Parker: The Final Shot,Movie,2020,2021.0,Florent Bodin
s1442,Hello Brother,Movie,1999,2021.0,Sohail Khan
s1445,Playing for Keeps,Movie,2012,2021.0,Gabriele Muccino
s1446,Asphalt Burning,Movie,2020,2021.0,Hallvard Bræin
s1447,Bad Grandpa .5,Movie,2014,2021.0,Jeff Tremaine
s1448,Case 39,Movie,2009,2021.0,Christian Alvart
s1451,Eddie Murphy: Raw,Movie,1987,2021.0,Robert Townsend
s1452,Full Out 2: You Got This!,Movie,2020,2021.0,Jeff Deverett
s1453,Gimme Shelter,Movie,2013,2021.0,Ron Krauss
s1454,Good Burger,Movie,1997,2021.0,Brian Robbins
s1455,Good Hair,Movie,2009,2021.0,Jeff Stilson
s1457,Into the Wild,Movie,2007,2021.0,Sean Penn
s1459,London Heist,Movie,2017,2021.0,Mark McQueen
s1460,Mean Girls 2,Movie,2011,2021.0,Melanie Mayron
s1462,Mystic Pizza,Movie,1988,2021.0,Donald Petrie
s1464,The Cat in the Hat Knows a Lot About That!,TV Show,2014,2021.0,Tony Collingwood
s1465,The Creative Brain,Movie,2019,2021.0,Jennifer Beamish
s1465,The Creative Brain,Movie,2019,2021.0,Toby Trackman
s1468,Unknown,Movie,2011,2021.0,Jaume Collet-Serra
s1469,What Happened to Mr. Cha?,Movie,2021,2021.0,Kim Dong-kyu
s1470,What's Eating Gilbert Grape,Movie,1993,2021.0,Lasse Hallström
s1471,Alaska Is a Drag,Movie,2017,2020.0,Shaz Bennett
s1473,Bobby Jasoos,Movie,2014,2020.0,Samar Shaikh
s1475,Tarung Sarung,Movie,2020,2020.0,Archie Hekagery
s1476,Too Handsome to Handle,Movie,2019,2020.0,Sabrina Rochelle Kalangie
s1480,SanPa: Sins of the Savior,TV Show,2020,2020.0,Cosima Spender
s1482,The Rope Curse 2,Movie,2020,2020.0,Liao Shih-han
s1485,Cops and Robbers,Movie,2020,2020.0,Arnon Manor
s1485,Cops and Robbers,Movie,2020,2020.0,Timothy Ware-Hill
s1486,Rango,Movie,2011,2020.0,Gore Verbinski
s1487,Death to 2020,Movie,2020,2020.0,Al Campbell
s1487,Death to 2020,Movie,2020,2020.0,Alice Mathias
s1489,DNA,Movie,2020,2020.0,Maïwenn
s1491,The Magic School Bus Rides Again In the Zone,Movie,2020,2020.0,Richard Weston
s1492,AK vs AK,Movie,2020,2020.0,Vikramaditya Motwane
s1494,Isa Pa with Feelings,Movie,2019,2020.0,Prime Cruz
s1495,We Can Be Heroes,Movie,2020,2020.0,Robert Rodriguez
s1496,Bridezilla,Movie,2019,2020.0,Andibachtiar Yusuf
s1497,Cemara's Family,Movie,2018,2020.0,Yandy Laurens
s1498,"Hello, Love, Goodbye",Movie,2019,2020.0,Cathy Garcia-Molina
s1499,The History of Future Folk,Movie,2012,2020.0,John Mitchell
s1499,The History of Future Folk,Movie,2012,2020.0,Jeremy Kipp Walker
s1500,The Midnight Sky,Movie,2020,2020.0,George Clooney
s1501,Your Name Engraved Herein,Movie,2020,2020.0,Liu Kuang-hui
s1502,After We Collided,Movie,2020,2020.0,Roger Kumble
s1503,London Hughes: To Catch a D*ck,Movie,2020,2020.0,Kristian Mercado
s1505,QLIMAX THE SOURCE,Movie,2020,2020.0,Daan Jansen
s1505,QLIMAX THE SOURCE,Movie,2020,2020.0,Stijn Verlinde
s1508,Shaun the Sheep: The Farmer’s Llamas,Movie,2020,2020.0,Jay Grace
s1510,"Ariana grande: excuse me, i love you",Movie,2020,2020.0,Paul Dugdale
s1511,The Con Is On,Movie,2018,2020.0,James Haslam
s1512,Mohamed Hussein,Movie,2019,2020.0,Muhammad Ali
s1513,Rhys Nicholson Live at the Athenaeum,Movie,2020,2020.0,Thomas Toby Parkinson
s1514,Atlas Shrugged: Part II,Movie,2012,2020.0,John Putch
s1516,Guest House,Movie,2020,2020.0,Sam Macaroni
s1518,Ma Rainey's Black Bottom,Movie,2020,2020.0,George C. Wolfe
s1520,Mukhsin,Movie,2006,2020.0,Yasmin Ahmad
s1521,Paava Kadhaigal,TV Show,2020,2020.0,Sudha Kongara
s1521,Paava Kadhaigal,TV Show,2020,2020.0,Vignesh Shivan
s1521,Paava Kadhaigal,TV Show,2020,2020.0,Gautham Vasudev Menon
s1521,Paava Kadhaigal,TV Show,2020,2020.0,Vetri Maaran
s1522,Rabun,Movie,2004,2020.0,Yasmin Ahmad
s1523,Talentime,Movie,2009,2020.0,Yasmin Ahmad
s1524,An Unremarkable Christmas,Movie,2020,2020.0,Juan Camilo Pinzon
s1525,Braven,Movie,2018,2020.0,Lin Oeding
s1526,Eggnoid: Love & Time Portal,Movie,2019,2020.0,Naya Anindita
s1527,Love You to the Stars and Back,Movie,2017,2020.0,Antoinette Jadaone
s1530,Sakaling Maging Tayo,Movie,2019,2020.0,JP Habac
s1531,Schulz Saves America,TV Show,2020,2020.0,Alexx Media
s1532,The Wedding Shaman,Movie,2019,2020.0,Farishad I. Latjuba
s1533,Anitta: Made In Honório,TV Show,2020,2020.0,Andrucha Waddington
s1533,Anitta: Made In Honório,TV Show,2020,2020.0,Pedro Waddington
s1534,BREAK IT ALL: The History of Rock in Latin America,TV Show,2020,2020.0,Picky Talarico
s1535,Bwakaw,Movie,2012,2020.0,Jun Lana
s1537,Incarnate,Movie,2016,2020.0,Brad Peyton
s1538,Lee Daniels' The Butler,Movie,2013,2020.0,Lee Daniels
s1541,Nocturnal Animals,Movie,2016,2020.0,Tom Ford
s1542,The Ripper,TV Show,2020,2020.0,Ellena Wood
s1542,The Ripper,TV Show,2020,2020.0,Jesse Vile
s1543,Vir Das: Outside In - The Lockdown Special,Movie,2020,2020.0,Vir Das
s1545,Grizzlies,Movie,2018,2020.0,Miranda de Pencier
s1550,The Professor and the Madman,Movie,2019,2020.0,Farhad Safinia
s1551,A California Christmas,Movie,2020,2020.0,Shaun Paul Piccinino
s1557,A Trash Truck Christmas,Movie,2020,2020.0,Eddie Rosas
s1558,Canvas,Movie,2020,2020.0,Frank E. Abney III
s1559,Giving Voice,Movie,2020,2020.0,James D. Stern
s1559,Giving Voice,Movie,2020,2020.0,Fernando Villena
s1561,The Prom,Movie,2020,2020.0,Ryan Murphy
s1562,Torbaaz,Movie,2020,2020.0,Girish Malik
s1564,Funny Boy,Movie,2020,2020.0,Deepa Mehta
s1565,Futmalls.com,TV Show,2020,2020.0,Lai Chun-yu
s1566,Just The Way You Are,Movie,2016,2020.0,Theodore Boborol
s1567,She's the One,Movie,2013,2020.0,Mae Czarina Cruz
s1568,The Panti Sisters,Movie,2019,2020.0,Jun Lana
s1569,"Kalel, 15",Movie,2019,2020.0,Jun Lana
s1572,Rose Island,Movie,2020,2020.0,Sydney Sibilia
s1576,André & his olive tree,Movie,2020,2020.0,Josiah Ng
s1577,Bobbleheads The Movie,Movie,2020,2020.0,Kirk Wise
s1581,Spirit Riding Free: Ride Along Adventure,Movie,2020,2020.0,Beth Sleven
s1581,Spirit Riding Free: Ride Along Adventure,Movie,2020,2020.0,Allan Jacobsen
s1581,Spirit Riding Free: Ride Along Adventure,Movie,2020,2020.0,Kevin Wotton
s1582,Super Monsters: Santa’s Super Monster Helpers,Movie,2020,2020.0,Steve Ball
s1583,Triple 9,Movie,2016,2020.0,John Hillcoat
s1585,Ava,Movie,2020,2020.0,Tate Taylor
s1587,Room 2806: The Accusation,TV Show,2020,2020.0,Jalil Lespert
s1588,Detention,TV Show,2020,2020.0,Su I-Hsuan
s1588,Detention,TV Show,2020,2020.0,Chuang Shiang-an
s1588,Detention,TV Show,2020,2020.0,Liu Yi
s1589,Mighty Express: A Mighty Christmas,Movie,2020,2020.0,Clint Butler
s1592,Captain Underpants Mega Blissmas,Movie,2020,2020.0,Erik Kling
s1592,Captain Underpants Mega Blissmas,Movie,2020,2020.0,Kevin Peaty
s1593,Christmas Crossfire,Movie,2020,2020.0,Detlev Buck
s1596,MANK,Movie,2020,2020.0,David Fincher
s1598,You Are My Home,Movie,2020,2020.0,Amanda Raymond
s1599,Between Maybes,Movie,2019,2020.0,Jason Paul Laxamana
s1600,Break,Movie,2018,2020.0,Marc Fouchard
s1601,Chico Bon Bon and the Very Berry Holiday,Movie,2020,2020.0,Darragh O'Connell
s1602,Just Another Christmas,Movie,2020,2020.0,Roberto Santucci
s1603,Must Be... Love,Movie,2013,2020.0,Dado C. Lumibao
s1605,Ari Eldjárn: Pardon My Icelandic,Movie,2020,2020.0,August Jakobsson
s1607,Fierce,Movie,2020,2020.0,Anna Wieczur-Bluszcz
s1609,3 Days to Kill,Movie,2014,2020.0,McG
s1610,Angela's Christmas Wish,Movie,2020,2020.0,Damien O’Connor
s1611,Angels & Demons,Movie,2009,2020.0,Ron Howard
s1613,Chef,Movie,2014,2020.0,Jon Favreau
s1614,Effie Gray,Movie,2014,2020.0,Richard Laxton
s1617,Monster House,Movie,2006,2020.0,Gil Kenan
s1618,Natalie Palamides: Nate - A One Man Show,Movie,2020,2020.0,Phil Burgers
s1621,Peppermint,Movie,2018,2020.0,Pierre Morel
s1622,Quigley Down Under,Movie,1990,2020.0,Simon Wincer
s1625,The Da Vinci Code,Movie,2006,2020.0,Ron Howard
s1627,The Happytime Murders,Movie,2018,2020.0,Brian Henson
s1630,U-Turn,Movie,2020,2020.0,Derick Cabrido
s1631,Finding Agnes,Movie,2020,2020.0,Marla M. Ancheta
s1632,Rust Creek,Movie,2018,2020.0,Jen McGowan
s1633,Spookley and the Christmas Kittens,Movie,2019,2020.0,Bernie Denk
s1634,The 2nd,Movie,2020,2020.0,Brian Skiba
s1636,A Go! Go! Cory Carson Christmas,Movie,2020,2020.0,Stanley Moore
s1636,A Go! Go! Cory Carson Christmas,Movie,2020,2020.0,Alex Woo
s1637,Dance Dreams: Hot Chocolate Nutcracker,Movie,2020,2020.0,Oliver Bokelberg
s1638,Don’t Listen,Movie,2020,2020.0,Ángel Gómez Hernández
s1643,The Beast,Movie,2020,2020.0,Ludovico Di Martino
s1644,The Call,Movie,2020,2020.0,Lee Chung-hyun
s1645,Fantastica,Movie,2018,2020.0,Barry Gonzalez
s1646,Larry the Cable Guy: Remain Seated,Movie,2020,2020.0,Brian Volk-Weiss
s1647,Mosul,Movie,2020,2020.0,Matthew Michael Carnahan
s1648,Unexpectedly Yours,Movie,2017,2020.0,Cathy Garcia-Molina
s1649,Ghosts of War,Movie,2020,2020.0,Eric Bress
s1651,Shawn Mendes: Live in Concert,Movie,2020,2020.0,Paul Dugdale
s1652,The Christmas Chronicles: Part Two,Movie,2020,2020.0,Chris Columbus
s1653,Andhaghaaram,Movie,2020,2020.0,V Vignarajan
s1654,Andhakaaram,Movie,2020,2020.0,V Vignarajan
s1655,Before 30,TV Show,2015,2020.0,BB Sasore
s1656,Dragons: Rescue Riders: Huttsgalor Holiday,Movie,2020,2020.0,Greg Rankin
s1656,Dragons: Rescue Riders: Huttsgalor Holiday,Movie,2020,2020.0,TJ Sullivan
s1657,Hillbilly Elegy,Movie,2020,2020.0,Ron Howard
s1658,Notes for My Son,Movie,2020,2020.0,Carlos Sorín
s1660,Hard Kill,Movie,2020,2020.0,Matt Eskandari
s1661,Shawn Mendes: In Wonder,Movie,2020,2020.0,Grant Singer
s1663,The Suit,Movie,2018,2020.0,Mohammad Adel
s1664,Dolly Parton’s Christmas on the Square,Movie,2020,2020.0,Debbie Allen
s1665,Machete Kills,Movie,2013,2020.0,Robert Rodriguez
s1666,40 Sticks,Movie,2019,2020.0,Victor Gatonye
s1667,Alien Xmas,Movie,2020,2020.0,Stephen Chiodo
s1670,If Anything Happens I Love You,Movie,2020,2020.0,Will McCormack
s1670,If Anything Happens I Love You,Movie,2020,2020.0,Michael Govier
s1672,The App That Stole Christmas,Movie,2020,2020.0,Monica Floyd
s1674,Black Friday,Movie,2004,2020.0,Anurag Kashyap
s1675,Bodyguard,Movie,2011,2020.0,Siddique
s1676,Break Ke Baad,Movie,2010,2020.0,Danish Aslam
s1677,Hawaizaada,Movie,2015,2020.0,Vibhu Virender Puri
s1678,My Amnesia Girl,Movie,2010,2020.0,Cathy Garcia-Molina
s1679,Raman Raghav 2.0,Movie,2016,2020.0,Anurag Kashyap
s1680,Singham,Movie,2011,2020.0,Rohit Shetty
s1681,TE3N,Movie,2016,2020.0,Ribhu Dasgupta
s1682,The Princess Switch: Switched Again,Movie,2020,2020.0,Mike Rohl
s1683,Three Words to Forever,Movie,2018,2020.0,Cathy Garcia-Molina
s1684,Well Done Abba,Movie,2009,2020.0,Shyam Benegal
s1686,Ainu Mosir,Movie,2020,2020.0,Takeshi Fukunaga
s1687,Kevin Hart: Zero F**ks Given,Movie,2020,2020.0,Leslie Small
s1690,Loving,Movie,2016,2020.0,Jeff Nichols
s1691,Whose Streets?,Movie,2017,2020.0,Sabaah Folayan
s1691,Whose Streets?,Movie,2017,2020.0,Damon Davis
s1692,A Very Country Christmas,Movie,2017,2020.0,Justin G. Dyck
s1695,Cloudy with a Chance of Meatballs 2,Movie,2013,2020.0,Cody Cameron
s1695,Cloudy with a Chance of Meatballs 2,Movie,2013,2020.0,Kris Pearn
s1696,Hometown Holiday,Movie,2018,2020.0,Justin G. Dyck
s1700,White Christmas,Movie,1954,2020.0,Michael Curtiz
s1701,Killer Cove,Movie,2019,2020.0,Damián Romay
s1703,Fukrey Boyzzz: Space Mein Fukrapanti,Movie,2020,2020.0,Avinash Walzade
s1704,Jingle Jangle: A Christmas Journey,Movie,2020,2020.0,David E. Talbert
s1705,The Beginning of Life 2: Outside,Movie,2020,2020.0,Renata Terra
s1706,The Life Ahead,Movie,2020,2020.0,Edoardo Ponti
s1707,The Minions of Midas,TV Show,2020,2020.0,Mateo Gil
s1708,A Very Special Love,Movie,2008,2020.0,Cathy Garcia-Molina
s1710,First Love,Movie,2018,2020.0,Paul Soriano
s1711,Fruitvale Station,Movie,2013,2020.0,Ryan Coogler
s1713,Ludo,Movie,2020,2020.0,Anurag Basu
s1714,Memories of a Teenager,Movie,2019,2020.0,Lucas Santa Ana
s1715,Prom Night,Movie,2008,2020.0,Nelson McCormick
s1716,A Queen Is Born,TV Show,2020,2020.0,Carla Barros
s1721,What We Wanted,Movie,2020,2020.0,Ulrike Kofler
s1722,A Lion in the House,TV Show,2006,2020.0,Steven Bognar
s1722,A Lion in the House,TV Show,2006,2020.0,Julia Reichert
s1726,Citation,Movie,2020,2020.0,Kunle Afolayan
s1728,Girl's Revenge,Movie,2020,2020.0,Weica Wang
s1729,The Endless Trench,Movie,2019,2020.0,Aitor Arregi
s1729,The Endless Trench,Movie,2019,2020.0,Jon Garaño
s1729,The Endless Trench,Movie,2019,2020.0,Jose Mari Goenaga
s1730,The Late Bloomer,Movie,2016,2020.0,Kevin Pollak
s1732,A New York Christmas Wedding,Movie,2020,2020.0,Otoja Abit
s1733,Alone/Together,Movie,2019,2020.0,Antoinette Jadaone
s1734,Carmel: Who Killed Maria Marta?,TV Show,2020,2020.0,Alejandro Hartmann
s1735,Midnight at the Magnolia,Movie,2020,2020.0,Maxwell McGuire
s1736,One More Try,Movie,2012,2020.0,Ruel S. Bayani
s1737,Operation Christmas Drop,Movie,2020,2020.0,Martin Wood
s1740,Christmas with a Prince,Movie,2018,2020.0,Justin G. Dyck
s1742,Miss India,Movie,2020,2020.0,Narendra Nath
s1743,Felix Lobrecht: Hype,Movie,2020,2020.0,Jan-Peter Horns
s1744,MOTHER,Movie,2020,2020.0,Tatsushi Omori
s1745,The Beginning of Life,Movie,2016,2020.0,Estela Renner
s1748,Prospect,Movie,2018,2020.0,Zeek Earl
s1748,Prospect,Movie,2018,2020.0,Christopher Caldwell
s1750,Christmas Break-In,Movie,2019,2020.0,Michael Kampa
s1752,Elf Pets: A Fox Cub’s Christmas Tale,Movie,2020,2020.0,Chanda Bell
s1753,Elf Pets: Santa’s Reindeer Rescue,Movie,2020,2020.0,Chanda Bell
s1754,Elliot the Littlest Reindeer,Movie,2018,2020.0,Jennifer Westcott
s1762,Little Monsters,Movie,1989,2020.0,Richard Greenberg
s1763,Mile 22,Movie,2018,2020.0,Peter Berg
s1764,Piercing,Movie,2018,2020.0,Nicolas Pesce
s1765,Snowden,Movie,2016,2020.0,Oliver Stone
s1768,The Impossible,Movie,2012,2020.0,J.A. Bayona
s1769,The Next Karate Kid,Movie,1994,2020.0,Christopher Cain
s1771,Wheels of Fortune,Movie,2020,2020.0,Shaun Paul Piccinino
s1772,Afronta! Facing It!,TV Show,2017,2020.0,Juliana Vicente
s1773,The 12th Man,Movie,2018,2020.0,Harald Zwart
s1775,Hidden in Plain Sight,Movie,2019,2020.0,Stacia Crawford
s1776,His House,Movie,2020,2020.0,Remi Weekes
s1777,In Line,Movie,2017,2020.0,Tope Oshin
s1778,Kaali Khuhi,Movie,2020,2020.0,Terrie Samundra
s1781,Rogue City,Movie,2020,2020.0,Olivier Marchal
s1784,The Day of the Lord,Movie,2020,2020.0,Santiago Alvarado Ilarri
s1785,Pagpag: Nine Lives,Movie,2013,2020.0,Frasco Mortiz
s1786,Holidate,Movie,2020,2020.0,John Whitesell
s1787,La Gran Ilusión,Movie,2016,2020.0,Antonio Díaz
s1788,Metallica Through The Never,Movie,2013,2020.0,Nimród Antal
s1789,Nobody Sleeps in the Woods Tonight,Movie,2020,2020.0,Bartosz M. Kowalski
s1790,Secrets of the Saqqara Tomb,Movie,2020,2020.0,James Tovell
s1793,Guillermo Vilas: Settling the Score,Movie,2020,2020.0,Matías Gueilburt
s1794,Sarah Cooper: Everything's Fine,Movie,2020,2020.0,Natasha Lyonne
s1795,The Devil Punisher,TV Show,2020,2020.0,Chang Chin-jung
s1795,The Devil Punisher,TV Show,2020,2020.0,Chen Rong-hui
s1796,Ajab Prem Ki Ghazab Kahani,Movie,2009,2020.0,Rajkumar Santoshi
s1797,Black '47,Movie,2018,2020.0,Lance Daly
s1798,I Am Woman,Movie,2019,2020.0,Unjoo Moon
s1799,Alice Junior,Movie,2019,2020.0,Gil Baroni
s1801,Move,TV Show,2020,2020.0,Thierry Demaizière
s1801,Move,TV Show,2020,2020.0,Alban Teurlai
s1802,Over the Moon,Movie,2020,2020.0,Glen Keane
s1803,Shattered Memories,Movie,2018,2020.0,Chris Sivertson
s1806,Bending the Arc,Movie,2017,2020.0,Kief Davidson
s1806,Bending the Arc,Movie,2017,2020.0,Pedro Kos
s1807,Cadaver,Movie,2020,2020.0,Jarand Herdal
s1808,Exes Baggage,Movie,2018,2020.0,Dan Villegas
s1809,Fisherman's Friends,Movie,2019,2020.0,Chris Foggin
s1810,The Hows of Us,Movie,2018,2020.0,Cathy Garcia-Molina
s1811,The Hummingbird Project,Movie,2018,2020.0,Kim Nguyen
s1812,"Yes, God, Yes",Movie,2020,2020.0,Karen Maine
s1813,Brave Blue World: Racing to Solve Our Water Crisis,Movie,2020,2020.0,Tim Neeves
s1815,Rebecca,Movie,2020,2020.0,Ben Wheatley
s1816,The Magic School Bus Rides Again The Frizz Connection,Movie,2020,2020.0,Richard Weston
s1817,Tremors: Shrieker Island,Movie,2020,2020.0,Don Michael Paul
s1818,Beirut Oh Beirut,Movie,1975,2020.0,Maroun Baghdadi
s1819,Bosta,Movie,2005,2020.0,Philippe Aractingi
s1820,Ghadi,Movie,2013,2020.0,Amin Dora
s1821,Heritages,Movie,2014,2020.0,Philippe Aractingi
s1822,Listen,Movie,2017,2020.0,Philippe Aractingi
s1823,Out of Life,Movie,1991,2020.0,Maroun Baghdadi
s1824,Panoptic,Movie,2017,2020.0,Rana Eid
s1825,Taxi Ballad,Movie,2012,2020.0,Daniel Joseph
s1826,The Kite,Movie,2003,2020.0,Randa Chahal Sabbag
s1827,The Little Wars,Movie,1982,2020.0,Maroun Baghdadi
s1828,Under the Bombs,Movie,2007,2020.0,Philippe Aractingi
s1830,West Beirut,Movie,1999,2020.0,Ziad Doueiri
s1831,What Did I Mess,Movie,2018,2020.0,Shady Hanna
s1832,Whispers,Movie,1980,2020.0,Maroun Baghdadi
s1833,Zozo,Movie,2005,2020.0,Josef Fares
s1834,ParaNorman,Movie,2012,2020.0,Sam Fell
s1834,ParaNorman,Movie,2012,2020.0,Chris Butler
s1836,I Am Vengeance: Retaliation,Movie,2020,2020.0,Ross Boyask
s1837,Disconnect,Movie,2018,2020.0,David 'Tosh' Gitonga
s1837,Disconnect,Movie,2018,2020.0,Michael Jones
s1839,In a Valley of Violence,Movie,2016,2020.0,Ti West
s1841,Someone Has to Die,TV Show,2020,2020.0,Manolo Caro
s1843,The Trial of the Chicago 7,Movie,2020,2020.0,Aaron Sorkin
s1844,Unfriended,Movie,2014,2020.0,Levan Gabriadze
s1845,A Babysitter's Guide to Monster Hunting,Movie,2020,2020.0,Rachel Talalay
s1846,Batman: The Killing Joke,Movie,2016,2020.0,Sam Liu
s1847,El-Khawaga's Dilemma,Movie,2018,2020.0,Peter Mimi
s1850,Kartini: Princess of Java,Movie,2017,2020.0,Hanung Bramantyo
s1851,Love Like the Falling Rain,Movie,2020,2020.0,Lasja Fauzia Susatyo
s1854,Rooting for Roona,Movie,2020,2020.0,Pavitra Chalam
s1854,Rooting for Roona,Movie,2020,2020.0,Akshay Shankar
s1856,A Choo,Movie,2020,2020.0,Kevin Ko
s1856,A Choo,Movie,2020,2020.0,Peter Tsi
s1857,BLACKPINK: Light Up the Sky,Movie,2020,2020.0,Caroline Suh
s1858,The Three Deaths of Marisela Escobedo,Movie,2020,2020.0,Carlos Pérez Osorio
s1859,Fida,Movie,2004,2020.0,Ken Ghosh
s1860,Octonauts & the Great Barrier Reef,Movie,2020,2020.0,Blair Simmons
s1862,Dil,Movie,1990,2020.0,Indra Kumar
s1863,Disco Dancer,Movie,1982,2020.0,B. Subhash
s1864,Hunterrr,Movie,2015,2020.0,Harshavardhan Kulkarni
s1866,Phir Hera Pheri,Movie,2006,2020.0,Neeraj Vora
s1867,The Legend of Bhagat Singh,Movie,2002,2020.0,Rajkumar Santoshi
s1868,House of the Witch,Movie,2017,2020.0,Alex Merkin
s1870,Ginny Weds Sunny,Movie,2020,2020.0,Puneet Khanna
s1871,My Step Dad: The Hippie,Movie,2018,2020.0,Meltem Bozoflu
s1873,The Forty-Year-Old Version,Movie,2020,2020.0,Radha Blank
s1875,Bigflo & Oli: Hip Hop Frenzy,Movie,2020,2020.0,Bigflo & Oli
s1875,Bigflo & Oli: Hip Hop Frenzy,Movie,2020,2020.0,Jérémie Levypon
s1877,Palermo Hollywood,Movie,2004,2020.0,Eduardo Pinto
s1880,Hubie Halloween,Movie,2020,2020.0,Steve Brill
s1881,To the Lake,TV Show,2020,2020.0,Pavel Kostomarov
s1882,American Pie 9: Girls' Rules,Movie,2020,2020.0,Mike Elliott
s1883,Dolly Parton: Here I Am,Movie,2019,2020.0,Francis Whately
s1884,StarBeam: Halloween Hero,Movie,2020,2020.0,Jon Izen
s1885,Walk Away from Love,Movie,2017,2020.0,Christopher Nolen
s1887,David Attenborough: A Life on Our Planet,Movie,2020,2020.0,Alastair Fothergill
s1887,David Attenborough: A Life on Our Planet,Movie,2020,2020.0,Jonnie Hughes
s1887,David Attenborough: A Life on Our Planet,Movie,2020,2020.0,Keith Scholey
s1888,"Best Wishes, Warmest Regards: A Schitt's Creek Farewell",Movie,2020,2020.0,Amy Segal
s1889,Good Game: The Beginning,Movie,2018,2020.0,Umut Aral
s1892,A Chaster Marriage,Movie,2016,2020.0,Umut Kirca
s1893,A Go! Go! Cory Carson Halloween,Movie,2020,2020.0,Alex Woo
s1893,A Go! Go! Cory Carson Halloween,Movie,2020,2020.0,Stanley Moore
s1897,Òlòtūré,Movie,2020,2020.0,Kenneth Gyang
s1898,Serious Men,Movie,2020,2020.0,Sudhir Mishra
s1899,The Binding,Movie,2020,2020.0,Domenico de Feudis
s1900,Turkish Dance School,Movie,2017,2020.0,Burak Aksak
s1901,Vampires vs. the Bronx,Movie,2020,2020.0,Oz Rodriguez
s1902,You've Got This,Movie,2020,2020.0,Salvador Espinosa
s1903,All Because of You,Movie,2020,2020.0,Adrian Teh
s1904,An Ordinary Man,Movie,2017,2020.0,Brad Silberling
s1905,Carlos Almaraz: Playing with Fire,Movie,2019,2020.0,Elsa Flores Almaraz
s1905,Carlos Almaraz: Playing with Fire,Movie,2019,2020.0,Richard J Montoya
s1906,Cold Harbour,Movie,2013,2020.0,Carey McKenzie
s1910,Free State of Jones,Movie,2016,2020.0,Gary Ross
s1912,Human Nature,Movie,2019,2020.0,Adam Bolt
s1913,Hunt for the Wilderpeople,Movie,2016,2020.0,Taika Waititi
s1914,I'm Leaving Now,Movie,2019,2020.0,Lindsey Cordero
s1914,I'm Leaving Now,Movie,2019,2020.0,Armando Croda
s1917,Rize,Movie,2005,2020.0,David LaChapelle
s1920,The American Game,Movie,2019,2020.0,Mostafa Abu Seif
s1921,The Book of Sun,Movie,2020,2020.0,Faris Godus
s1922,The Outpost,Movie,2020,2020.0,Rod Lurie
s1925,We Have Always Lived in the Castle,Movie,2018,2020.0,Stacie Passon
s1927,American Murder: The Family Next Door,Movie,2020,2020.0,Jenny Popplewell
s1928,Baxu and the Giants,Movie,2019,2020.0,Florian Schott
s1931,Poacher,Movie,2018,2020.0,Tom Whitworth
s1932,The Boys in the Band,Movie,2020,2020.0,Joe Mantello
s1935,Bully,Movie,2012,2020.0,Lee Hirsch
s1936,Michelle Buteau: Welcome to Buteaupia,Movie,2020,2020.0,Page Hurwitz
s1937,Welcome to Sudden Death,Movie,2020,2020.0,Dallas Jackson
s1938,Amandla! A Revolution in Four Part Harmony,Movie,2002,2020.0,Lee Hirsch
s1939,Ankhon Dekhi,Movie,2013,2020.0,Rajat Kapoor
s1940,Dedh Ishqiya,Movie,2014,2020.0,Abhishek Chaubey
s1941,Golmaal Returns,Movie,2008,2020.0,Rohit Shetty
s1942,Ishq Vishk,Movie,2003,2020.0,Ken Ghosh
s1943,Ishqiya,Movie,2009,2020.0,Abhishek Chaubey
s1944,Jab We Met,Movie,2007,2020.0,Imtiaz Ali
s1945,Mann,Movie,1999,2020.0,Indra Kumar
s1946,Manorama Six Feet Under,Movie,2007,2020.0,Navdeep Singh
s1947,Welcome,Movie,2007,2020.0,Anees Bazmee
s1951,Time Out,Movie,2015,2020.0,Rikhil Bahadur
s1954,My Mother's Wound,Movie,2016,2020.0,Ozan Açıktan
s1958,Real Steel,Movie,2011,2020.0,Shawn Levy
s1960,Enola Holmes,Movie,2020,2020.0,Harry Bradbeer
s1961,Kiss the Ground,Movie,2020,2020.0,Joshua Tickell
s1961,Kiss the Ground,Movie,2020,2020.0,Rebecca Harrell Tickell
s1963,A Love Song for Latasha,Movie,2020,2020.0,Sophia Nahli Allison
s1964,DTC Yukemuri Junjo Hen From High & Low,Movie,2018,2020.0,Norihisa Hiranuma
s1965,High & Low The Movie,Movie,2016,2020.0,Shigeaki Kubo
s1966,High & Low The Movie 2 / End of Sky,Movie,2017,2020.0,Shigeaki Kubo
s1966,High & Low The Movie 2 / End of Sky,Movie,2017,2020.0,Tsuyoshi Nakakuki
s1967,High & Low The Movie 3 / Final Mission,Movie,2017,2020.0,Shigeaki Kubo
s1967,High & Low The Movie 3 / Final Mission,Movie,2017,2020.0,Tsuyoshi Nakakuki
s1968,High & Low The Red Rain,Movie,2016,2020.0,Yudai Yamaguchi
s1969,High & Low The Worst,Movie,2019,2020.0,Shigeaki Kubo
s1970,Road To High & Low,Movie,2016,2020.0,Shigeaki Kubo
s1971,The Blue Elephant 2,Movie,2019,2020.0,Marwan Hamed
s1972,Bhaji In Problem,Movie,2013,2020.0,Smeep Kang
s1973,Black,Movie,2015,2020.0,Raja Chanda
s1975,Saheb Biwi Aur Gangster Returns,Movie,2013,2020.0,Tigmanshu Dhulia
s1976,Santa Banta Pvt Ltd,Movie,2016,2020.0,Akashdeep
s1977,The Royal Bengal Tiger,Movie,2014,2020.0,Rajesh Ganguly
s1978,Dolly Kitty Aur Woh Chamakte Sitare,Movie,2020,2020.0,Alankrita Shrivastava
s1982,Whipped,Movie,2020,2020.0,Chandra Liow
s1983,Anaamika,Movie,2014,2020.0,Sekhar Kammula
s1985,GIMS: On the Record,Movie,2020,2020.0,Florent Bodin
s1986,Horrid Henry's Gross Day Out,Movie,2020,2020.0,Gary Andrews
s1987,Nee Enge En Anbe,Movie,2014,2020.0,Sekhar Kammula
s1988,Residue,Movie,2020,2020.0,Merawi Gerima
s1993,Dr Jason Leong Hashtag Blessed,Movie,2018,2020.0,Kubhaer T. Jethwani
s1996,The Devil All The Time,Movie,2020,2020.0,Antonio Campos
s1997,The Paramedic,Movie,2020,2020.0,Carles Torras
s1998,The Take,Movie,2016,2020.0,James Watkins
s1999,Call the Midwife,TV Show,2020,2020.0,Philippa Lowthorpe
s2000,Hope Frozen: A Quest to Live Twice,Movie,2020,2020.0,Pailin Wedel
s2001,Michael McIntyre: Showman,Movie,2020,2020.0,Chris Howe
s2002,Raising Victor Vargas,Movie,2002,2020.0,Peter Sollett
s2004,The Smurfs 2,Movie,2013,2020.0,Raja Gosnell
s2005,Wish Upon a Unicorn,Movie,2020,2020.0,Steve Bencich
s2006,Lara and the Beat,Movie,2018,2020.0,Tosin Coker
s2008,Dad Wanted,Movie,2020,2020.0,Javier Colinas
s2011,How to Train Your Dragon 2,Movie,2014,2020.0,Dean DeBlois
s2012,Pets United,Movie,2020,2020.0,Reinhard Klooss
s2015,Wonho Chung: Live in New York,Movie,2014,2020.0,Shaun Mir
s2016,Aapla Manus,Movie,2018,2020.0,Satish Rajwade
s2017,Ani... Dr. Kashinath Ghanekar,Movie,2018,2020.0,Abhijeet Deshpande
s2018,Bhai: Vyakti Ki Valli - Poorvardha,Movie,2019,2020.0,Mahesh Manjrekar
s2019,Bhai: Vyakti Ki Valli - Uttarardh,Movie,2019,2020.0,Mahesh Manjrekar
s2020,Cycle,Movie,2018,2020.0,Prakash Kunte
s2021,Dhh,Movie,2017,2020.0,Manish Saini
s2023,Julie and the Phantoms,TV Show,2020,2020.0,Kenny Ortega
s2024,Kaagar,Movie,2019,2020.0,Makarand Mane
s2025,Night of Knots,Movie,2018,2020.0,Hakan Algül
s2026,PhotoCopy,Movie,2016,2020.0,Vijay Maurya
s2027,Poshter Girl,Movie,2016,2020.0,Sameer Patil
s2028,Satria Heroes: Revenge of the Darkness,Movie,2017,2020.0,Kenzo Maihara
s2028,Satria Heroes: Revenge of the Darkness,Movie,2017,2020.0,Amandha Wyanto
s2029,Son Of Adam,Movie,2018,2020.0,Ahmed Nader Galal
s2030,The Babysitter: Killer Queen,Movie,2020,2020.0,McG
s2031,Cargo,Movie,2020,2020.0,Arati Kadav
s2032,Cuties,Movie,2020,2020.0,Maïmouna Doucouré
s2034,La Línea: Shadow of Narco,TV Show,2020,2020.0,Pepe Mora
s2035,So Much Love to Give,Movie,2020,2020.0,Marcos Carnevale
s2036,The Social Dilemma,Movie,2020,2020.0,Jeff Orlowski
s2037,#Alive,Movie,2020,2020.0,Cho Il
s2039,My Octopus Teacher,Movie,2020,2020.0,Pippa Ehrlich
s2039,My Octopus Teacher,Movie,2020,2020.0,James Reed
s2040,Toll Booth,Movie,2010,2020.0,Tolga Karaçelik
s2042,"Waiting for ""Superman""",Movie,2010,2020.0,Davis Guggenheim
s2044,Villain,Movie,2020,2020.0,Philip Barantini
s2046,I'm Thinking of Ending Things,Movie,2020,2020.0,Charlie Kaufman
s2047,Kandasamys: The Wedding,Movie,2019,2020.0,Jayan Moodley
s2049,The Lost Okoroshi,Movie,2019,2020.0,Abba T. Makama
s2050,You're My Boss,Movie,2015,2020.0,Antoinette Jadaone
s2051,Afonso Padilha: Classless,Movie,2020,2020.0,Junior Carelli
s2051,Afonso Padilha: Classless,Movie,2020,2020.0,Rudge Campos
s2052,Ave Maryam,Movie,2018,2020.0,Ertanto Robby Soediskam
s2053,"Love, Guaranteed",Movie,2020,2020.0,Mark Steven Johnson
s2056,Freaks – You're One of Us,Movie,2020,2020.0,Felix Binder
s2057,Hotel for Dogs,Movie,2009,2020.0,Thor Freudenthal
s2058,Sky Tour: The Movie,Movie,2020,2020.0,Nguyen Thanh Tung
s2060,Adrift,Movie,2018,2020.0,Baltasar Kormákur
s2061,Always Be My Maybe,Movie,2016,2020.0,Dan Villegas
s2062,Barbie Princess Adventure,Movie,2020,2020.0,Conrad Helten
s2066,Children of the Sea,Movie,2019,2020.0,Ayumu Watanabe
s2068,Fate/Grand Order -First Order-,Movie,2016,2020.0,Hitoshi Namba
s2072,Puss in Boots,Movie,2011,2020.0,Chris Miller
s2073,Sex Drive,Movie,2008,2020.0,Sean Anders
s2075,Soldier,Movie,1998,2020.0,Abbas Mustan
s2076,"Take the Ball, Pass the Ball",Movie,2018,2020.0,Duncan McMath
s2077,The Boss Baby: Get That Baby!,Movie,2020,2020.0,Dan Forgione
s2077,The Boss Baby: Get That Baby!,Movie,2020,2020.0,Pete Jacobs
s2077,The Boss Baby: Get That Baby!,Movie,2020,2020.0,Matt Whitlock
s2078,The Match,Movie,2020,2020.0,Francesco Carnesecchi
s2080,The Smurfs,Movie,2011,2020.0,Raja Gosnell
s2081,Thomas and Friends,TV Show,2020,2020.0,Greg Tiernan
s2082,True: Friendship Day,Movie,2020,2020.0,Mark Thornton
s2082,True: Friendship Day,Movie,2020,2020.0,Todd Kauffman
s2083,Maniyarayile Ashokan,Movie,2020,2020.0,Shamzu Zayba
s2084,The Debt Collector 2,Movie,2020,2020.0,Jesse V. Johnson
s2085,All Together Now,Movie,2020,2020.0,Brett Haley
s2088,Santana,Movie,2020,2020.0,Chris Roland
s2088,Santana,Movie,2020,2020.0,Maradona Dias Dos Santos
s2089,Unknown Origins,Movie,2020,2020.0,David Galán Galindo
s2091,Edge of Seventeen,Movie,1998,2020.0,David Moreton
s2092,The Bridge Curse,Movie,2020,2020.0,Lester Hsi
s2093,The Young Messiah,Movie,2016,2020.0,Cyrus Nowrasteh
s2095,Lingua Franca,Movie,2019,2020.0,Isabel Sandoval
s2096,Making The Witcher,Movie,2020,2020.0,Nathan Wiley
s2101,Septembers of Shiraz,Movie,2016,2020.0,Wayne Blair
s2104,Class of '83,Movie,2020,2020.0,Atul Sabharwal
s2105,Dark Forces,Movie,2020,2020.0,Bernardo Arellano
s2108,The Sleepover,Movie,2020,2020.0,Trish Sie
s2109,Goedam,TV Show,2020,2020.0,Hong Won-ki
s2111,Scarecrow,Movie,2019,2020.0,Khaled Marei
s2112,The Crimes That Bind,Movie,2020,2020.0,Sebastián Schindel
s2115,Little Singham: Kaal Ka Badla,Movie,2020,2020.0,Prakash Satam
s2116,Drunk Parents,Movie,2019,2020.0,Fred Wolf
s2117,Meet the In-Laws,Movie,2017,2020.0,Niyi Akinmolayan
s2118,Crazy Awesome Teachers,Movie,2020,2020.0,Sammaria Sari Simanjuntak
s2120,Islands of Faith,Movie,2018,2020.0,Chairun Nissa
s2121,Les Misérables,Movie,2012,2020.0,Tom Hooper
s2122,Seventh Son,Movie,2014,2020.0,Sergei Bodrov
s2127,What's Your Raashee?,Movie,2009,2020.0,Ashutosh Gowariker
s2129,Beyond the Boundary: ICC Women's T20 World Cup Australia 2020,Movie,2020,2020.0,Anna Stone
s2130,Fearless,Movie,2020,2020.0,Cory Edwards
s2131,Nigerian Prince,Movie,2018,2020.0,Faraday Okoro
s2132,Octonauts & the Caves of Sac Actun,Movie,2020,2020.0,Blair Simmons
s2133,Project Power,Movie,2020,2020.0,Henry Joost
s2133,Project Power,Movie,2020,2020.0,Ariel Schulman
s2138,An Easy Girl,Movie,2019,2020.0,Rebecca Zlotowski
s2139,Christine,Movie,2016,2020.0,Antonio Campos
s2140,Simon Killer,Movie,2012,2020.0,Antonio Campos
s2142,Gunjan Saxena: The Kargil Girl,Movie,2020,2020.0,Sharan Sharma
s2143,Mr. Peabody & Sherman,Movie,2014,2020.0,Rob Minkoff
s2144,"Rob Schneider: Asian Momma, Mexican Kids",Movie,2020,2020.0,Tyler Spindel
s2147,The Lost Husband,Movie,2020,2020.0,Vicky Wight
s2148,Diamonds in the Sky,Movie,2018,2020.0,Kunle Afolayan
s2150,We Summon the Darkness,Movie,2020,2020.0,Marc Meyers
s2151,"Berlin, Berlin: Lolle on the Run",Movie,2020,2020.0,Franziska Meyer Price
s2155,Stars in the Sky: A Hunting Story,Movie,2018,2020.0,Steven Rinella
s2156,The Magic School Bus Rides Again Kids In Space,Movie,2020,2020.0,Richard Weston
s2160,Work It,Movie,2020,2020.0,Laura Terruso
s2162,Nasha Natasha,Movie,2020,2020.0,Martín Sastre
s2164,Anelka: Misunderstood,Movie,2020,2020.0,Franck Nataf
s2165,Sin City,Movie,2019,2020.0,Pascal Amanfo
s2167,A Go! Go! Cory Carson Summer Camp,Movie,2020,2020.0,Stanley Moore
s2167,A Go! Go! Cory Carson Summer Camp,Movie,2020,2020.0,Alex Woo
s2168,Malibu Rescue: The Next Wave,Movie,2020,2020.0,Savage Steve Holland
s2170,Sam Jay: 3 In The Morning,Movie,2020,2020.0,Kristian Mercado
s2172,Almost Love,Movie,2020,2020.0,Mike Doyle
s2173,Killing Hasselhoff,Movie,2017,2020.0,Darren Grant
s2177,Rogue Warfare: The Hunt,Movie,2020,2020.0,Mike Gunther
s2178,Super Monsters: The New Class,Movie,2020,2020.0,Steve Ball
s2180,The Ottoman Lieutenant,Movie,2017,2020.0,Joseph Ruben
s2183,Tumi or not Tumi,Movie,2020,2020.0,Mfanelo Ngoma
s2184,What Keeps You Alive,Movie,2018,2020.0,Colin Minihan
s2186,Latte and the Magic Waterstone,Movie,2020,2020.0,Regina Welker
s2186,Latte and the Magic Waterstone,Movie,2020,2020.0,Nina Wels
s2187,Raat Akeli Hai,Movie,2020,2020.0,Honey Trehan
s2188,Seriously Single,Movie,2020,2020.0,Katleho Ramaphakela
s2188,Seriously Single,Movie,2020,2020.0,Rethabile Ramaphakela
s2189,Sugar High,Movie,2020,2020.0,Ariel Boles
s2192,Retablo,Movie,2017,2020.0,Álvaro Delgado-Aparicio L.
s2194,Uma Maheswara Ugra Roopasya,Movie,2020,2020.0,Venkatesh Maha
s2195,Unlucky Ploy,TV Show,2020,2020.0,Nopparoj Chotmunkongsit
s2196,It's Her Day,Movie,2016,2020.0,Aniedi Anwah
s2197,Redemption,Movie,2019,2020.0,Mickey Fonseca
s2198,Shine Your Eyes,Movie,2020,2020.0,Matias Mariani
s2199,The Hater,Movie,2020,2020.0,Jan Komasa
s2200,The Speed Cubers,Movie,2020,2020.0,Sue Kim
s2201,Tread,Movie,2019,2020.0,Paul Solet
s2203,Banana Split,Movie,2020,2020.0,Ben Kasulke
s2205,Door Ke Darshan,Movie,2020,2020.0,Gagan Puri
s2206,Double World,Movie,2020,2020.0,Teddy Chan
s2207,Project Marathwada,Movie,2016,2020.0,Bhavin Wadia
s2208,Animal Crackers,Movie,2020,2020.0,Tony Bancroft
s2208,Animal Crackers,Movie,2020,2020.0,Scott Christian Sava
s2209,Dragons: Rescue Riders: Secrets of the Songwing,Movie,2020,2020.0,Greg Rankin
s2209,Dragons: Rescue Riders: Secrets of the Songwing,Movie,2020,2020.0,TJ Sullivan
s2210,Nimbe,Movie,2019,2020.0,Tope Alake
s2211,Offering to the Storm,Movie,2020,2020.0,Fernando González Molina
s2212,Romance Doll,Movie,2020,2020.0,Yuki Tanada
s2214,The Kissing Booth 2,Movie,2020,2020.0,Vince Marcello
s2215,Sinatra: All or Nothing at All,TV Show,2015,2020.0,Alex Gibney
s2216,The Larva Island Movie,Movie,2020,2020.0,Ahn Byoung-wook
s2217,The Letter Reader,Movie,2019,2020.0,Sibusiso Khuzwayo
s2220,The Remix: Hip Hop X Fashion,Movie,2019,2020.0,Lisa Cortés
s2220,The Remix: Hip Hop X Fashion,Movie,2019,2020.0,Farah X
s2221,Ip Man 4: The Finale,Movie,2019,2020.0,Wilson Yip
s2222,Jack Whitehall: I'm Only Joking,Movie,2020,2020.0,Dave Skinner
s2222,Jack Whitehall: I'm Only Joking,Movie,2020,2020.0,Freddie Waters
s2225,Funan,Movie,2018,2020.0,Denis Do
s2229,Father Soldier Son,Movie,2020,2020.0,Leslye Davis
s2229,Father Soldier Son,Movie,2020,2020.0,Catrin Einhorn
s2232,The Millions,Movie,2019,2020.0,Toka McBaror
s2232,The Millions,Movie,2019,2020.0,Tunde Apalowo
s2233,Fatal Affair,Movie,2020,2020.0,Peter Sullivan
s2234,MILF,Movie,2018,2020.0,Axelle Laffont
s2235,Cold Feet,Movie,2019,2020.0,Moses Inwang
s2240,Sylvia,Movie,2018,2020.0,Daniel Oriahi
s2241,The Players,Movie,2020,2020.0,Stefano Mordini
s2243,Urzila Carlson: Overqualified Loser,Movie,2020,2020.0,Hayden Guppy
s2244,We Are One,Movie,2020,2020.0,Stéphane de Freitas
s2245,Hole in the Wall,Movie,2016,2020.0,André Odendaal
s2245,Hole in the Wall,Movie,2016,2020.0,Johan Vorster
s2246,Dating Around: Brazil,TV Show,2020,2020.0,Cassia Dian
s2248,Mama's Boy,Movie,2018,2020.0,Amro Salah
s2249,The Claudia Kishi Club,Movie,2020,2020.0,Sue Ding
s2251,The Old Guard,Movie,2020,2020.0,Gina Prince-Bythewood
s2252,The Twelve,TV Show,2019,2020.0,Wouter Bouvijn
s2253,Your Excellency,Movie,2019,2020.0,Funke Akindele
s2257,Born Racer,Movie,2018,2020.0,Bryn Evans
s2258,Mucho Mucho Amor: The Legend of Walter Mercado,Movie,2020,2020.0,Cristina Costantini
s2258,Mucho Mucho Amor: The Legend of Walter Mercado,Movie,2020,2020.0,Kareem Tabsch
s2260,The Long Dumb Road,Movie,2018,2020.0,Hannah Fidell
s2261,Dr. Seuss' The Lorax,Movie,2012,2020.0,Chris Renaud
s2261,Dr. Seuss' The Lorax,Movie,2012,2020.0,Kyle Balda
s2262,Jim Jefferies: Intolerant,Movie,2020,2020.0,Scott Zabielski
s2263,A Kid from Coney Island,Movie,2019,2020.0,Coodie
s2263,A Kid from Coney Island,Movie,2019,2020.0,Chike
s2264,PNL - Dans la légende tour,Movie,2020,2020.0,QLF
s2265,Aiyyaa,Movie,2012,2020.0,Sachin Kundalkar
s2266,Bbuddah Hoga Terra Baap,Movie,2011,2020.0,Puri Jagannadh
s2267,Blood Money,Movie,2012,2020.0,Vishal Mahadkar
s2268,Bombay Talkies,Movie,2013,2020.0,Anurag Kashyap
s2268,Bombay Talkies,Movie,2013,2020.0,Dibakar Banerjee
s2268,Bombay Talkies,Movie,2013,2020.0,Karan Johar
s2268,Bombay Talkies,Movie,2013,2020.0,Zoya Akhtar
s2269,Boss,Movie,2013,2020.0,Anthony D'Souza
s2270,Budhia Singh: Born to Run,Movie,2016,2020.0,Soumendra Padhi
s2271,Chashme Baddoor,Movie,2013,2020.0,David Dhawan
s2272,Dharam Sankat Mein,Movie,2015,2020.0,Fuwad Khan
s2273,Drishyam,Movie,2015,2020.0,Nishikant Kamat
s2274,Gabbar Is Back,Movie,2015,2020.0,Krish
s2275,Gollu Aur Pappu,Movie,2014,2020.0,Kabir Sadanand
s2276,Hook,TV Show,2020,2020.0,Rachit Kusonkoonsiri
s2277,Inkaar,Movie,2013,2020.0,Sudhir Mishra
s2278,Madras Café,Movie,2013,2020.0,Shoojit Sircar
s2279,Mary Kom,Movie,2014,2020.0,Omung Kumar
s2280,Michael,Movie,2011,2020.0,Ribhu Dasgupta
s2281,Mumbai Delhi Mumbai,Movie,2014,2020.0,Satish Rajwade
s2282,Oh My God,Movie,2012,2020.0,Umesh Shukla
s2283,One by Two,Movie,2014,2020.0,Devika Bhagat
s2284,Only,Movie,2019,2020.0,Takashi Doscher
s2285,Penalty,Movie,2019,2020.0,Shubham Singh
s2286,Players,Movie,2012,2020.0,Abbas Alibhai Burmawalla
s2286,Players,Movie,2012,2020.0,Mastan Alibhai Burmawalla
s2287,Pyaar Ka Punchnama 2,Movie,2015,2020.0,Luv Ranjan
s2288,Queen,Movie,2014,2020.0,Vikas Bahl
s2289,Shaitan,Movie,2011,2020.0,Bejoy Nambiar
s2290,Special 26,Movie,2013,2020.0,Neeraj Pandey
s2291,Tanu Weds Manu,Movie,2011,2020.0,Aanand Rai
s2292,What the Fish,Movie,2013,2020.0,Gurmmeet Singh
s2295,Desperados,Movie,2020,2020.0,LP
s2296,Hunter in the Blue Side of Manchester,Movie,2020,2020.0,Rako Prijanto
s2297,I Am Not Your Negro,Movie,2017,2020.0,Raoul Peck
s2301,The Perfect Picture: Ten Years Later,Movie,2019,2020.0,Shirley Frimpong-Manso
s2303,Thiago Ventura: POKAS,Movie,2020,2020.0,Fabio Ock
s2303,Thiago Ventura: POKAS,Movie,2020,2020.0,Joana Mazzucchelli
s2305,#AnneFrank - Parallel Stories,Movie,2019,2020.0,Sabina Fedeli
s2305,#AnneFrank - Parallel Stories,Movie,2019,2020.0,Anna Migotto
s2308,Abby Hatcher,TV Show,2019,2020.0,Kyran Kelly
s2309,Adú,Movie,2020,2020.0,Salvador Calvo
s2310,Ali Baba ve 7 Cüceler,Movie,2015,2020.0,Cem Yılmaz
s2311,David Foster: Off the Record,Movie,2019,2020.0,Barry Avrich
s2312,Double Jeopardy,Movie,1999,2020.0,Bruce Beresford
s2313,Pek Yakında,Movie,2014,2020.0,Cem Yılmaz
s2315,Stardust,Movie,2007,2020.0,Matthew Vaughn
s2316,The F**k-It List,Movie,2019,2020.0,Michael Duggan
s2317,The Silence of Others,Movie,2019,2020.0,Almudena Carracedo
s2317,The Silence of Others,Movie,2019,2020.0,Robert Bahar
s2318,Total Recall,Movie,1990,2020.0,Paul Verhoeven
s2320,Under the Riccione Sun,Movie,2020,2020.0,Younuts!
s2322,George Lopez: We'll Do It For Half,Movie,2020,2020.0,Troy Miller
s2324,The Mirror Boy,Movie,2011,2020.0,Obi Emelonye
s2325,#FriendButMarried 2,Movie,2020,2020.0,Rako Prijanto
s2326,Skin,Movie,2019,2020.0,Daniel Effiong
s2327,Thackeray (Marathi),Movie,2019,2020.0,Abhijit Panse
s2329,Ride Like a Girl,Movie,2020,2020.0,Rachel Griffiths
s2331,Eurovision Song Contest: The Story of Fire Saga,Movie,2020,2020.0,David Dobkin
s2333,Kasanova,Movie,2019,2020.0,Oluseyi Asurf
s2334,Ordinary People,Movie,2016,2020.0,Eduardo Roy Jr.
s2337,Thackeray (Hindi),Movie,2019,2020.0,Abhijit Panse
s2339,Krishna and His Leela,Movie,2020,2020.0,Ravikanth Perepu
s2340,Prem Ratan Dhan Payo,Movie,2015,2020.0,Sooraj R. Barjatya
s2341,Vivah,Movie,2006,2020.0,Sooraj R. Barjatya
s2342,Athlete A,Movie,2020,2020.0,Bonni Cohen
s2342,Athlete A,Movie,2020,2020.0,Jon Shenk
s2343,Bulbbul,Movie,2020,2020.0,Anvita Dutt
s2345,Nobody Knows I'm Here,Movie,2020,2020.0,Gaspar Antillo
s2346,Eric Andre: Legalize Everything,Movie,2020,2020.0,Eric Notarnicola
s2348,Kappela,Movie,2020,2020.0,Musthafa
s2349,The Royal Hibiscus Hotel,Movie,2017,2020.0,Ishaya Bako
s2351,Woodshock,Movie,2017,2020.0,Kate Mulleavy
s2351,Woodshock,Movie,2017,2020.0,Laura Mulleavy
s2352,Elevator Baby,Movie,2019,2020.0,Akhigbe Ilozobhie
s2354,Chaman Bahaar,Movie,2020,2020.0,Apurva Dhar Badgaiyann
s2355,Destiny,Movie,1997,2020.0,Youssef Chahine
s2357,Feel the Beat,Movie,2020,2020.0,Elissa Down
s2359,Lost Bullet,Movie,2020,2020.0,Guillaume Pierret
s2361,One-Way to Tomorrow,Movie,2020,2020.0,Ozan Açıktan
s2362,The Emigrant,Movie,1994,2020.0,Youssef Chahine
s2364,Wasp Network,Movie,2020,2020.0,Olivier Assayas
s2365,A Whisker Away,Movie,2020,2020.0,Junichi Sato
s2365,A Whisker Away,Movie,2020,2020.0,Tomotaka Shibayama
s2366,Alexandria ... Why?,Movie,1979,2020.0,Youssef Chahine
s2367,Alexandria: Again and Forever,Movie,1989,2020.0,Youssef Chahine
s2368,An Egyptian Story,Movie,1982,2020.0,Youssef Chahine
s2369,Cairo Station,Movie,1958,2020.0,Youssef Chahine
s2370,Dark Waters,Movie,1956,2020.0,Youssef Chahine
s2371,El límite infinito,Movie,2020,2020.0,Pablo Aulita
s2372,Lola Igna,Movie,2019,2020.0,Eduardo Roy Jr.
s2373,One Take,Movie,2020,2020.0,Manatsanun Phanlerdwongsakul
s2374,Saladin,Movie,1963,2020.0,Youssef Chahine
s2375,Stray Bullet,Movie,2010,2020.0,Georges Hachem
s2376,The Blazing Sun,Movie,1954,2020.0,Youssef Chahine
s2377,The Land,Movie,1970,2020.0,Youssef Chahine
s2378,The Nut Job,Movie,2014,2020.0,Peter Lepeniotis
s2380,An Evening with Beverly Luff Linn,Movie,2018,2020.0,Jim Hosking
s2381,Riding Faith,Movie,2020,2020.0,Paco Aguilar
s2382,Last Flight to Abuja,Movie,2012,2020.0,Obi Emelonye
s2383,The Darkness,Movie,2016,2020.0,Greg McLean
s2386,Underdogs,Movie,2013,2020.0,Juan José Campanella
s2387,Wira,Movie,2019,2020.0,Adrian Teh
s2388,4th Republic,Movie,2019,2020.0,Ishaya Bako
s2390,Asura Guru,Movie,2020,2020.0,A. Raajdheep
s2392,Milea,Movie,2020,2020.0,Fajar Bustomi
s2392,Milea,Movie,2020,2020.0,Pidi Baiq
s2393,Axone,Movie,2020,2020.0,Nicholas Kharkongor
s2394,Da 5 Bloods,Movie,2020,2020.0,Spike Lee
s2398,Jo Koy: In His Elements,Movie,2020,2020.0,Michael McKay
s2399,Okko's Inn,Movie,2018,2020.0,Kitaro Kosaka
s2403,From A to B,Movie,2014,2020.0,Ali F. Mostafa
s2404,Menahi,Movie,2008,2020.0,Ayman Makram
s2406,DC's Legends of Tomorrow,TV Show,2020,2020.0,Rob Seidenglanz
s2408,Middle Men,Movie,2009,2020.0,George Gallo
s2411,The Witch: Part 1 - The Subversion,Movie,2018,2020.0,Park Hoon-jung
s2412,Before I Fall,Movie,2017,2020.0,Ry Russo-Young
s2413,365 Days,Movie,2020,2020.0,Barbara Białowąs
s2413,365 Days,Movie,2020,2020.0,Tomasz Mandes
s2414,Forensic,Movie,2020,2020.0,Akhil Paul
s2414,Forensic,Movie,2020,2020.0,Anas Khan
s2415,Project Papa,Movie,2018,2020.0,Kanika Batra
s2417,The Night Clerk,Movie,2020,2020.0,Michael Cristofer
s2419,Before the Summer Crowds,Movie,2016,2020.0,Mohamed Khan
s2420,Big Stone Gap,Movie,2014,2020.0,Adriana Trigiani
s2421,Choked: Paisa Bolta Hai,Movie,2020,2020.0,Anurag Kashyap
s2422,Merry Men 2: Another Mission,Movie,2019,2020.0,Moses Inwang
s2424,Supernatural,TV Show,2019,2020.0,Phil Sgriccia
s2425,The Last Days of American Crime,Movie,2020,2020.0,Olivier Megaton
s2428,Hot Sweet Sour,Movie,2017,2020.0,Andaç Haznedaroğlu
s2429,Overnight Republic,Movie,2017,2020.0,Murat Kepez
s2430,Can’t Complain,Movie,2007,2020.0,Ahmed Nader Galal
s2431,Lady Bird,Movie,2017,2020.0,Greta Gerwig
s2432,Spelling the Dream,Movie,2020,2020.0,Sam Rega
s2434,Andaleeb El Dokki,Movie,2008,2020.0,Wael Ehsan
s2435,Let's Dance,Movie,2006,2020.0,Inas El-Degheidy
s2436,Life's Speed Bump,Movie,2006,2020.0,Wael Ehsan
s2437,Mr. Romantic,Movie,2009,2020.0,Ahmed Al-Badry
s2438,My Horrible Grandma,Movie,2012,2020.0,Sameh Abdulaziz
s2439,Sorry To Disturb,Movie,2008,2020.0,Khaled Marei
s2440,The Student Cop,Movie,2004,2020.0,Wael Ihsan
s2442,What's Up?,Movie,2006,2020.0,Izidore K. Musallam
s2443,X Large,Movie,2011,2020.0,Sherif Arafa
s2444,122,Movie,2019,2020.0,Yasir Al Yasiri
s2446,Chippa,Movie,2020,2020.0,Safdar Rahman
s2447,Cook Off,Movie,2017,2020.0,Tomas Brickhill
s2449,Kalek Shanab,Movie,2019,2020.0,Hani Al-Shaibani
s2452,Mirai,Movie,2018,2020.0,Mamoru Hosoda
s2455,The Disaster Artist,Movie,2017,2020.0,James Franco
s2456,The Stolen,Movie,2016,2020.0,Niall Johnson
s2457,High Strung Free Dance,Movie,2019,2020.0,Michael Damian
s2458,Freej Al Taibeen,Movie,2018,2020.0,Ahmed Zain
s2459,Kenny Sebastian: The Most Interesting Person in the Room,Movie,2020,2020.0,Angshuman Ghosh
s2461,The Other,Movie,1999,2020.0,Youssef Chahine
s2464,Grandmother's Farm,Movie,2014,2020.0,Ahmed Zein
s2465,Grandmother's Farm Part 2,Movie,2015,2020.0,Ahmed Zein
s2466,Intuition,Movie,2020,2020.0,Alejandro Montiel
s2468,I'm No Longer Here,Movie,2019,2020.0,Fernando Frías de la Parra
s2469,Hannah Gadsby: Douglas,Movie,2020,2020.0,Madeleine Parry
s2470,Ne Zha,Movie,2019,2020.0,Yu Yang
s2471,Supergirl,TV Show,2019,2020.0,Jesse Warn
s2472,Uncut Gems,Movie,2019,2020.0,Josh Safdie
s2472,Uncut Gems,Movie,2019,2020.0,Benny Safdie
s2475,One Day We'll Talk About Today,Movie,2020,2020.0,Angga Dwimas Sasongko
s2476,Si Doel the Movie 3,Movie,2020,2020.0,Rano Karno
s2478,Living in Bondage: Breaking Free,Movie,2019,2020.0,Ramsey Nouah
s2479,Modest Heroes: Ponoc Short Films Theatre,Movie,2018,2020.0,Hiromasa Yonebayashi
s2479,Modest Heroes: Ponoc Short Films Theatre,Movie,2018,2020.0,Yoshiyuki Momose
s2479,Modest Heroes: Ponoc Short Films Theatre,Movie,2018,2020.0,Akihiko Yamashita
s2480,The Lovebirds,Movie,2020,2020.0,Michael Showalter
s2481,Trailer Park Boys: The Animated Series,TV Show,2020,2020.0,Norm Hiscock
s2481,Trailer Park Boys: The Animated Series,TV Show,2020,2020.0,Gary Howsam
s2481,Trailer Park Boys: The Animated Series,TV Show,2020,2020.0,Mike Smith
s2481,Trailer Park Boys: The Animated Series,TV Show,2020,2020.0,John Paul Tremblay
s2481,Trailer Park Boys: The Animated Series,TV Show,2020,2020.0,Robb Wells
s2482,#FriendButMarried,Movie,2018,2020.0,Rako Prijanto
s2483,Bye Bye London,Movie,1981,2020.0,Almunsif Alsuwaisi
s2484,Fifty Year Old Teenager,Movie,1996,2020.0,Fouad Al Shatti
s2485,Lock Your Girls In,Movie,1982,2020.0,Fouad El-Mohandes
s2486,Mujeres arriba,Movie,2019,2020.0,Andrés Feddersen
s2488,No Longer kids,Movie,1979,2020.0,Samir Al Asfory
s2489,Raya and Sakina,Movie,1984,2020.0,Hussein Kamal
s2490,Sayed the Servant,Movie,1985,2020.0,Hussein Kamal
s2491,The Married Couples,Movie,1981,2020.0,Hassan AbdulSalam
s2492,The School of Mischief,Movie,1973,2020.0,Houssam El-Din Mustafa
s2493,The Witness Who Didn't See Anything,Movie,1976,2020.0,Muhammad Fadl
s2493,The Witness Who Didn't See Anything,Movie,1976,2020.0,Hany Motawie
s2494,Anchor Baby,Movie,2010,2020.0,Lonzo Nzekwe
s2495,Ben Platt Live from Radio City Music Hall,Movie,2020,2020.0,Alex Timbers
s2495,Ben Platt Live from Radio City Music Hall,Movie,2020,2020.0,Sam Wrench
s2497,Honeytrap,Movie,2014,2020.0,Rebecca Johnson
s2498,I Will Follow,Movie,2010,2020.0,Ava DuVernay
s2499,Mutiny of the Worker Bees,Movie,2020,2020.0,Carlos Morett
s2501,What Are the Odds?,Movie,2020,2020.0,Megha Ramaswamy
s2502,Either Me Or My Auntie,Movie,2006,2020.0,Saeed Hamed
s2503,Escaping Tel Aviv,Movie,2009,2020.0,Sherif Arafa
s2504,Game Over,Movie,2012,2020.0,Ahmed Al-Badry
s2505,Karkar,Movie,2007,2020.0,Ali Ragab
s2506,My Sleeping Lover,Movie,2008,2020.0,Ahmad El-Badri
s2507,Omar & Salma 2,Movie,2009,2020.0,Ahmad El-Badri
s2508,Patton Oswalt: I Love Everything,TV Show,2020,2020.0,Marcus Raboy
s2510,Tarek's Situation,Movie,2006,2020.0,Wael Ehsan
s2511,The Beach Loafer,Movie,2004,2020.0,Ali Ragab
s2512,Wadjda,Movie,2012,2020.0,Haifaa Al-Mansour
s2513,Zaki Chan,Movie,2005,2020.0,Wael Ihsan
s2514,Light in the Dark,Movie,2019,2020.0,Ekene Som Mekwunye
s2517,The End,Movie,2019,2020.0,Mohammed Alhmly
s2521,Heaven Without People,Movie,2017,2020.0,Lucien Bourjeily
s2522,"I love you, stupid",Movie,2019,2020.0,Laura Mañá
s2523,Inhuman Resources,TV Show,2020,2020.0,Ziad Doueiri
s2528,Sleepless Society: Two Pillows & A Lost Soul,TV Show,2020,2020.0,Sivaroj Kongsakul
s2532,Dilan 1990,Movie,2018,2020.0,Fajar Bustomi
s2532,Dilan 1990,Movie,2018,2020.0,Pidi Baiq
s2533,Dilan 1991,Movie,2019,2020.0,Fajar Bustomi
s2533,Dilan 1991,Movie,2019,2020.0,Pidi Baiq
s2534,Fan of Amoory,Movie,2018,2020.0,Salmeen AlMurry Amer
s2535,Malang,Movie,2020,2020.0,Mohit Suri
s2536,Match,Movie,2017,2020.0,Obaid Alhmoudi
s2537,Rencor tatuado,Movie,2018,2020.0,Julián Hernández
s2538,The Delivery Boy,Movie,2018,2020.0,Adekunle Nodash Adejuyigbe
s2539,Wedy Atkalam,Movie,2018,2020.0,Sadeq Behbehani
s2540,Fire in the Blood,Movie,2012,2020.0,Dylan Mohan Gray
s2541,The Wrong Missy,Movie,2020,2020.0,Tyler Spindel
s2542,Ali & Alia,Movie,2019,2020.0,Hussein El Ansary
s2544,Unbreakable Kimmy Schmidt: Kimmy vs. the Reverend,Movie,2020,2020.0,Claire Scanlon
s2545,Action Replayy,Movie,2010,2020.0,Vipul Amrutlal Shah
s2546,Andaz Apna Apna,Movie,1994,2020.0,Rajkumar Santoshi
s2548,Have a Good Trip: Adventures in Psychedelics,Movie,2020,2020.0,Donick Cary
s2550,John Henry,Movie,2020,2020.0,Will Forbes
s2551,18 Presents,Movie,2020,2020.0,Francesco Amato
s2554,The Eddy,TV Show,2020,2020.0,Damien Chazelle
s2554,The Eddy,TV Show,2020,2020.0,Houda Benyamina
s2554,The Eddy,TV Show,2020,2020.0,Laïla Marrakchi
s2554,The Eddy,TV Show,2020,2020.0,Alan Poul
s2556,Aerials,Movie,2016,2020.0,S.A. Zaidi
s2557,In Paradox,Movie,2019,2020.0,Hamad AlSarraf
s2558,Scissor Seven,TV Show,2020,2020.0,He Xiaofeng
s2559,Si Doel the Movie,Movie,2018,2020.0,Rano Karno
s2560,Becoming,Movie,2020,2020.0,Nadia Hallgren
s2561,"Sí, Mi Amor",Movie,2020,2020.0,Pedro Flores Maldonado
s2562,Jerry Seinfeld: 23 Hours To Kill,Movie,2020,2020.0,Joe DeMaio
s2563,Arctic Dogs,Movie,2019,2020.0,Aaron Woodley
s2564,Luccas Neto em: Acampamento de Férias 2,Movie,2020,2020.0,Lucas Margutti
s2565,One Day: Justice Delivered,Movie,2019,2020.0,Ashok Nanda
s2566,Almost Happy,TV Show,2020,2020.0,Hernán Guerschuny
s2567,Bennett's War,Movie,2019,2020.0,Alex Ranarivelo
s2568,Death Can Wait,Movie,2020,2020.0,Fernando Ayllón
s2571,Lady Driver,Movie,2019,2020.0,Shaun Paul Piccinino
s2572,Mike Birbiglia: My Girlfriend's Boyfriend,Movie,2013,2020.0,Seth Barrish
s2573,Roped,Movie,2020,2020.0,Shaun Paul Piccinino
s2574,The Stand at Paxton County,Movie,2020,2020.0,Brett Hedlund
s2577,All Day and a Night,Movie,2020,2020.0,Joe Robert Cole
s2578,Cracked Up: The Darrell Hammond Story,Movie,2018,2020.0,Michelle Esrick
s2579,Get In,Movie,2019,2020.0,Olivier Abbou
s2580,Go! Go! Cory Carson: The Chrissy,Movie,2020,2020.0,Alex Woo
s2580,Go! Go! Cory Carson: The Chrissy,Movie,2020,2020.0,Stanley Moore
s2582,I Am Divine,Movie,2013,2020.0,Jeffrey Schwarz
s2583,Madagascar: Escape 2 Africa,Movie,2008,2020.0,Eric Darnell
s2583,Madagascar: Escape 2 Africa,Movie,2008,2020.0,Tom McGrath
s2585,Material,Movie,2012,2020.0,Craig Freimond
s2588,Mrs. Serial Killer,Movie,2020,2020.0,Shirish Kunder
s2590,Psycho,Movie,2020,2020.0,Mysskin
s2592,The Half Of It,Movie,2020,2020.0,Alice Wu
s2593,The Heartbreak Kid,Movie,2007,2020.0,Bobby Farrelly
s2593,The Heartbreak Kid,Movie,2007,2020.0,Peter Farrelly
s2594,Thomas & Friends: Marvelous Machinery: A New Arrival,Movie,2020,2020.0,Joey So
s2595,Thomas & Friends: Marvelous Machinery: World of Tomorrow,Movie,2020,2020.0,Joey So
s2596,Thomas & Friends: Thomas and the Royal Engine,Movie,2020,2020.0,Joey So
s2597,What a Girl Wants,Movie,2003,2020.0,Dennie Gordon
s2598,Dangerous Lies,Movie,2020,2020.0,Michael M. Scott
s2602,Rich in Love,Movie,2020,2020.0,Bruno Garotti
s2603,The Forest of Love: Deep Cut,TV Show,2020,2020.0,Sion Sono
s2604,The Victims' Game,TV Show,2020,2020.0,David Chuang
s2604,The Victims' Game,TV Show,2020,2020.0,Chen Kuan-chung
s2605,A Secret Love,Movie,2020,2020.0,Chris Bolan
s2606,Ekşi Elmalar,Movie,2016,2020.0,Yılmaz Erdoğan
s2608,Love Is War,Movie,2019,2020.0,Omoni Oboli
s2611,R.K.Nagar,Movie,2019,2020.0,Saravana Rajan
s2613,Beynelmilel,Movie,2006,2020.0,Muharrem Gülmez
s2613,Beynelmilel,Movie,2006,2020.0,Sırrı Süreyya Önder
s2614,Bir Baba Hindu,Movie,2016,2020.0,Sermiyan Midyat
s2615,Boushkash,Movie,2008,2020.0,Ahmed Yousry
s2615,Boushkash,Movie,2008,2020.0,Hazem Fouda
s2616,Cinar Agaci,Movie,2011,2020.0,Handan İpekçi
s2617,Görümce,Movie,2016,2020.0,Kıvanç Baruönü
s2618,İstanbul Kırmızısı,Movie,2017,2020.0,Ferzan Özpetek
s2619,Küçük Esnaf,Movie,2016,2020.0,Bedran Güzel
s2620,Lembi 8 Giga,Movie,2010,2020.0,Ashraf Fayeq
s2621,Neseli Hayat,Movie,2009,2020.0,Yılmaz Erdoğan
s2622,Organize Isler,Movie,2005,2020.0,Yılmaz Erdoğan
s2623,The Reliant,Movie,2019,2020.0,Paul Munger
s2624,We'll Be Right Back After The Break,Movie,2012,2020.0,Ahmed Nader Galal
s2625,5Gang,Movie,2019,2020.0,Matei Dima
s2626,Love Aaj Kal,Movie,2020,2020.0,Imtiaz Ali
s2627,The Lift Boy,Movie,2020,2020.0,Jonathan Augustin
s2630,Bheeshma,Movie,2020,2020.0,Venky Kudumula
s2631,Bittersweet,Movie,2010,2020.0,Khaled Marei
s2633,No Direction Home: Bob Dylan,Movie,2005,2020.0,Martin Scorsese
s2634,She Made Me a Criminal,Movie,2006,2020.0,Amr Arafa
s2635,The Artist,Movie,2011,2020.0,Michel Hazanavicius
s2636,The Dealer,Movie,2010,2020.0,Ahmed Saleh
s2637,The International Player,Movie,2009,2020.0,Ahmed Medhat
s2638,The Promise,Movie,2008,2020.0,Mohamed Yassin
s2639,الف مبروك,Movie,2009,2020.0,Ahmed Nader Galal
s2643,Kolaiyuthir Kaalam,Movie,2019,2020.0,Chakri Toleti
s2645,"Yours Sincerely, Kanan Gill",Movie,2020,2020.0,Neville Shah
s2647,My Stupid Boss,Movie,2016,2020.0,Upi Avianto
s2648,My Stupid Boss 2,Movie,2019,2020.0,Upi Avianto
s2650,This Earth of Mankind,Movie,2019,2020.0,Hanung Bramantyo
s2651,Time to Hunt,Movie,2020,2020.0,Yoon Sung-hyun
s2653,Circus of Books,Movie,2020,2020.0,Rachel Mason
s2654,The Plagues of Breslau,Movie,2018,2020.0,Patryk Vega
s2655,The Set Up,Movie,2019,2020.0,Niyi Akinmolayan
s2656,The Silence of the Marsh,Movie,2019,2020.0,Marc Vigil
s2657,The Willoughbys,Movie,2020,2020.0,Kris Pearn
s2660,Middleditch & Schwartz,TV Show,2020,2020.0,Ryan Polito
s2664,Varane Avashyamund,Movie,2020,2020.0,Anoop Sathyan
s2668,Babamın Ceketi,Movie,2018,2020.0,Müfit Can Saçıntı
s2669,Earth and Blood,Movie,2020,2020.0,Julien Leclercq
s2672,Rising High,Movie,2020,2020.0,Cüneyt Kaya
s2673,Sergio,Movie,2020,2020.0,Greg Barker
s2674,The Legacy of the Bones,Movie,2019,2020.0,Fernando González Molina
s2675,Alelí,Movie,2019,2020.0,Leticia Jorge Romero
s2676,Fary : Hexagone,TV Show,2020,2020.0,Adrien Lagier
s2676,Fary : Hexagone,TV Show,2020,2020.0,Ousmane Ly
s2678,"Hail, Caesar!",Movie,2016,2020.0,Ethan Coen
s2678,"Hail, Caesar!",Movie,2016,2020.0,Joel Coen
s2679,Jem and the Holograms,Movie,2015,2020.0,Jon M. Chu
s2680,Maurício Meirelles: Generating Chaos,Movie,2020,2020.0,Diego Pignataro
s2681,Puerto Ricans in Paris,Movie,2015,2020.0,Ian Edelman
s2682,Stunt School,Movie,2019,2020.0,Ali Yorgancıoğlu
s2683,For the Broken Hearted,Movie,2018,2020.0,Digo Ricio
s2684,Mischief,Movie,2019,2020.0,Emcy Joseph
s2686,World Famous Lover,Movie,2020,2020.0,Kranthi Madhav
s2687,Chris D'Elia: No Pain,Movie,2020,2020.0,Matt D'Elia
s2688,New Money,Movie,2018,2020.0,Tope Oshin
s2689,Moms at War,Movie,2018,2020.0,Omoni Oboli
s2691,Code 8,Movie,2019,2020.0,Jeff Chan
s2694,Love Wedding Repeat,Movie,2020,2020.0,Dean Craig
s2695,School Life,Movie,2019,2020.0,Grand Corps Malade
s2695,School Life,Movie,2019,2020.0,Mehdi Idir
s2696,The Main Event,Movie,2020,2020.0,Jay Karas
s2697,The Trial,TV Show,2019,2020.0,Stefano Lodovichi
s2698,Tigertail,Movie,2020,2020.0,Alan Yang
s2701,Born Beautiful,Movie,2019,2020.0,Perci Intalan
s2702,The Last Airbender,Movie,2010,2020.0,M. Night Shyamalan
s2703,Tiffany Haddish: She Ready! From the Hood To Hollywood!,Movie,2017,2020.0,Chris Robinson
s2704,Mine 9,Movie,2019,2020.0,Eddie Mensore
s2705,The Florida Project,Movie,2017,2020.0,Sean Baker
s2706,Dark Light,Movie,2019,2020.0,Padraig Reynolds
s2707,The Killing of a Sacred Deer,Movie,2017,2020.0,Yorgos Lanthimos
s2708,Angel Has Fallen,Movie,2019,2020.0,Ric Roman Waugh
s2710,Coffee & Kareem,Movie,2020,2020.0,Michael Dowse
s2712,Money Heist: The Phenomenon,Movie,2020,2020.0,Pablo Lejarreta
s2712,Money Heist: The Phenomenon,Movie,2020,2020.0,Luis Alfaro
s2713,The Death of Stalin,Movie,2017,2020.0,Armando Iannucci
s2714,Sol Levante,Movie,2020,2020.0,Akira Saitoh
s2715,Violet Evergarden: Eternity and the Auto Memory Doll,Movie,2019,2020.0,Haruka Fujita
s2716,Agneepath,Movie,1990,2020.0,Mukul Anand
s2717,Brothers,Movie,2015,2020.0,Karan Malhotra
s2718,Chhota Bheem and the Curse of Damyaan,Movie,2012,2020.0,Rajiv Chilaka
s2720,David Batra: Elefanten i rummet,Movie,2020,2020.0,David Batra
s2720,David Batra: Elefanten i rummet,Movie,2020,2020.0,Jon Rudberg
s2721,Dostana,Movie,2008,2020.0,Tarun Mansukhani
s2722,Duniya,Movie,1984,2020.0,Ramesh Talwar
s2723,Duplicate,Movie,1998,2020.0,Mahesh Bhatt
s2724,Friendship,Movie,1980,2020.0,Raj Khosla
s2725,Gori Tere Pyaar Mein,Movie,2013,2020.0,Punit Malhotra
s2726,Gumrah,Movie,1993,2020.0,Mahesh Bhatt
s2727,Hasee Toh Phasee,Movie,2014,2020.0,Vinil Mathew
s2729,Humpty Sharma Ki Dulhania,Movie,2014,2020.0,Shashank Khaitan
s2730,Kaal,Movie,2005,2020.0,Soham Shah
s2731,Kabhi Alvida Naa Kehna,Movie,2006,2020.0,Karan Johar
s2732,Kabhi Khushi Kabhie Gham,Movie,2001,2020.0,Karan Johar
s2733,Kal Ho Naa Ho,Movie,2003,2020.0,Nikkhil Advani
s2734,Kapoor & Sons,Movie,2016,2020.0,Shakun Batra
s2735,Kuch Kuch Hota Hai,Movie,1998,2020.0,Karan Johar
s2736,Magnificent,Movie,2015,2020.0,Vikas Bahl
s2738,Mighty Raju Rio Calling,Movie,2014,2020.0,Rajiv Chilaka
s2738,Mighty Raju Rio Calling,Movie,2014,2020.0,Anirban Majumder
s2738,Mighty Raju Rio Calling,Movie,2014,2020.0,Alka Amarkant Dubey
s2739,Muqaddar ka Faisla,Movie,1987,2020.0,Prakash Mehra
s2742,SETHUM AAYIRAM PON,Movie,2020,2020.0,Anand Ravichandran
s2745,The Little Vampire,Movie,2017,2020.0,Richard Claus
s2745,The Little Vampire,Movie,2017,2020.0,Karsten Kiilerich
s2746,The Runaways,Movie,2010,2020.0,Floria Sigismondi
s2748,Ungli,Movie,2014,2020.0,Renzil D'Silva
s2750,Wildling,Movie,2018,2020.0,Fritz Böhm
s2751,A truthful Mother,Movie,2020,2020.0,Ravishankar Venkateswaran
s2753,Bal Ganesh,TV Show,2019,2020.0,Vijay S. Bhanushali
s2755,Greater,Movie,2016,2020.0,David Hunt
s2756,Indian Horse,Movie,2017,2020.0,Stephen S. Campanelli
s2757,Paharganj,Movie,2019,2020.0,Rakesh Ranjan Kumar
s2758,Pretty Little Stalker,Movie,2018,2020.0,Sam Irvin
s2759,Through My Father's Eyes: The Ronda Rousey Story,Movie,2019,2020.0,Gary Stretch
s2761,Kannum Kannum Kollaiyadithaal,Movie,2020,2020.0,Desingh Periyasamy
s2763,Rogue Warfare,Movie,2019,2020.0,Mike Gunther
s2764,Dragons: Rescue Riders: Hunt for the Golden Dragon,Movie,2020,2020.0,TJ Sullivan
s2764,Dragons: Rescue Riders: Hunt for the Golden Dragon,Movie,2020,2020.0,Greg Rankin
s2767,Maska,Movie,2020,2020.0,Neeraj Udhwani
s2769,The Decline,Movie,2020,2020.0,Patrice Laliberté
s2770,There's Something in the Water,Movie,2019,2020.0,Ellen Page
s2770,There's Something in the Water,Movie,2019,2020.0,Ian Daniel
s2771,True: Wuzzle Wegg Day,Movie,2020,2020.0,Todd Kauffman
s2771,True: Wuzzle Wegg Day,Movie,2020,2020.0,Mark Thornton
s2772,Uncorked,Movie,2020,2020.0,Prentice Penny
s2774,Willy and the Guardians of the Lake: Tales from the Lakeside Winter Adventure,Movie,2019,2020.0,Zsolt Pálfi
s2776,Happy Old Year,Movie,2019,2020.0,Nawapol Thamrongrattanarit
s2777,Making Unorthodox,Movie,2020,2020.0,Marlene Melchior
s2779,Bethany Hamilton: Unstoppable,Movie,2019,2020.0,Aaron Lieber
s2781,Curtiz,Movie,2018,2020.0,Tamas Yvan Topolanszky
s2782,The Occupant,Movie,2020,2020.0,Àlex Pastor
s2782,The Occupant,Movie,2020,2020.0,David Pastor
s2783,Tom Segura: Ball Hog,Movie,2020,2020.0,Rami Hachache
s2787,A Life of Speed: The Juan Manuel Fangio Story,Movie,2020,2020.0,Francisco Macri
s2790,El silencio es bienvenido,Movie,2017,2020.0,Gabriela García Rivas
s2796,"Tiger King: Murder, Mayhem and Madness",TV Show,2020,2020.0,Eric Goode
s2796,"Tiger King: Murder, Mayhem and Madness",TV Show,2020,2020.0,Rebecca Chaiklin
s2797,Ultras,Movie,2020,2020.0,Francesco Lettieri
s2799,3022,Movie,2019,2020.0,John Suits
s2800,Altered Carbon: Resleeved,Movie,2020,2020.0,Takeru Nakajima
s2800,Altered Carbon: Resleeved,Movie,2020,2020.0,Yoshiyuki Okada
s2801,Masameer - The Movie,Movie,2020,2020.0,Malik Nejer
s2802,AllI Wish,Movie,2017,2020.0,Susan Walter
s2804,Lu Over the Wall,Movie,2017,2020.0,Masaaki Yuasa
s2806,XV: Beyond the Tryline,Movie,2016,2020.0,Pierre Deschamps
s2807,Bert Kreischer: Hey Big Boy,Movie,2020,2020.0,Jeff Tomsic
s2810,Search Party,Movie,2014,2020.0,Scot Armstrong
s2811,Bypass Road,Movie,2019,2020.0,Naman Nitin Mukesh
s2812,Digs & Discoveries: All Track's Lead to Rome,Movie,2019,2020.0,Joey So
s2813,Digs & Discoveries: Mines of Mystery,Movie,2019,2020.0,Joey So
s2814,Ken Burns Presents: College Behind Bars: A Film by Lynn Novick and Produced by Sarah Botstein,TV Show,2019,2020.0,Lynn Novick
s2815,Steam Team to the Rescue,Movie,2019,2020.0,Joey So
s2816,Jai Mummy Di,Movie,2020,2020.0,Navjot Gulati
s2818,Baby Mamas,Movie,2018,2020.0,Stephanie Zwane
s2820,Go Karts,Movie,2020,2020.0,Owen Trevor
s2821,Justine,Movie,2019,2020.0,Stephanie Turner
s2822,Kingdom,TV Show,2020,2020.0,Kim Seong-hun
s2823,Lost Girls,Movie,2020,2020.0,Liz Garbus
s2824,Miracle in Cell No. 7,Movie,2019,2020.0,Mehmet Ada Öztekin
s2829,Carmen Sandiego: To Steal or Not to Steal,Movie,2020,2020.0,Jos Humphrey
s2830,Marc Maron: End Times Fun,Movie,2020,2020.0,Lynn Shelton
s2831,Sitara: Let Girls Dream,Movie,2020,2020.0,Sharmeen Obaid-Chinoy
s2832,Alakada Reloaded,Movie,2017,2020.0,Toyin Abraham
s2833,All About Love,Movie,2017,2020.0,Adze Ugah
s2834,Guilty,Movie,2020,2020.0,Ruchi Narain
s2835,I am Jonas,Movie,2019,2020.0,Christophe Charrier
s2836,Miles Davis: Birth of the Cool,Movie,2019,2020.0,Stanley Nelson
s2837,Spenser Confidential,Movie,2020,2020.0,Peter Berg
s2838,Twin Murders: the Silence of the White City,Movie,2020,2020.0,Daniel Calparsoro
s2840,93 Days,Movie,2016,2020.0,Steve Gukas
s2841,Angu Vaikuntapurathu (Malayalam),Movie,2020,2020.0,Trivikram Srinivas
s2843,Tootsies & The Fake,Movie,2019,2020.0,Kittiphak Thonguam
s2844,Aurora,Movie,2010,2020.0,Cristi Puiu
s2845,Lil Peep: Everybody’s Everything,Movie,2019,2020.0,Sebastian Jones
s2845,Lil Peep: Everybody’s Everything,Movie,2019,2020.0,Ramez Silyan
s2846,The Death of Mr. Lazarescu,Movie,2005,2020.0,Cristi Puiu
s2847,Velvet,TV Show,2016,2020.0,Carlos Sedes
s2848,Freaks,Movie,2018,2020.0,Adam B. Stein
s2848,Freaks,Movie,2018,2020.0,Zach Lipovsky
s2849,Luccas Neto in: The End of Christmas,Movie,2019,2020.0,Lucas Margutti
s2850,Taylor Tomlinson: Quarter-Life Crisis,Movie,2020,2020.0,Marcus Raboy
s2851,The Last Bomb of the Second World War,Movie,2019,2020.0,Athiyan Athirai
s2852,Uncovered,Movie,2019,2020.0,Zuko Nodada
s2853,W.E.,Movie,2011,2020.0,Madonna
s2854,Fat Ballerina - David A. Arnold,Movie,2020,2020.0,Milton Horowitz
s2857,Bhangra Paa Le,Movie,2019,2020.0,Sneha Taurani
s2859,Calico Critters: Everyone's Big Dream Flying in the Sky,Movie,2019,2020.0,Momoko Kamiya
s2860,Frank & Lola,Movie,2016,2020.0,Matthew Ross
s2861,Hugo,Movie,2011,2020.0,Martin Scorsese
s2862,Ordinary World,Movie,2016,2020.0,Lee Kirk
s2863,"Pop, Lock 'n Roll",Movie,2017,2020.0,Ziggy Hofmeyr
s2864,There Will Be Blood,Movie,2007,2020.0,Paul Thomas Anderson
s2865,Velvet Colección: Grand Finale,Movie,2020,2020.0,Gustavo Ron
s2866,Voulez-vous rire avec moi ce soir?,Movie,2018,2020.0,Yacine Belhousse
s2867,ZZ TOP: THAT LITTLE OL' BAND FROM TEXAS,Movie,2019,2020.0,Sam Dunn
s2868,All The Bright Places,Movie,2020,2020.0,Brett Haley
s2874,Ala Vaikunthapurramuloo,Movie,2020,2020.0,Trivikram Srinivas
s2877,Pokémon: Mewtwo Strikes Back - Evolution,Movie,2019,2020.0,Kunihiko Yuyama
s2877,Pokémon: Mewtwo Strikes Back - Evolution,Movie,2019,2020.0,Motonori Sakakibara
s2878,Six Windows in the Desert,TV Show,2020,2020.0,Ali Kalthami
s2878,Six Windows in the Desert,TV Show,2020,2020.0,Meshal Aljaser
s2878,Six Windows in the Desert,TV Show,2020,2020.0,Faris Godus
s2878,Six Windows in the Desert,TV Show,2020,2020.0,Mohamed al Salman
s2878,Six Windows in the Desert,TV Show,2020,2020.0,Faisal al Amer
s2879,Couple of Days,Movie,2016,2020.0,Tolu Awobiyi
s2880,Gbomo Gbomo Express,Movie,2015,2020.0,Walter Taylaur
s2882,Taxi Driver,Movie,2015,2020.0,Daniel Oriahi
s2883,The Arbitration,Movie,2016,2020.0,Niyi Akinmolayan
s2885,The Visit,Movie,2015,2020.0,Oyefunke Fayoyin
s2886,When Love Happens,Movie,2014,2020.0,Seyi Babatope
s2887,Pete Davidson: Alive From New York,Movie,2020,2020.0,Jason Orley
s2888,Full Count,Movie,2019,2020.0,Robert Eagar
s2890,Girl on the Third Floor,Movie,2019,2020.0,Travis Stevens
s2891,Unabomber - In His Own Words,TV Show,2018,2020.0,Mick Grogan
s2896,System Crasher,Movie,2020,2020.0,Nora Fingscheidt
s2897,The Body,Movie,2019,2020.0,Jeethu Joseph
s2898,The Last Thing He Wanted,Movie,2020,2020.0,Dee Rees
s2899,Yeh Ballet,Movie,2020,2020.0,Sooni Taraporevala
s2900,Pretville,Movie,2012,2020.0,Linda Korsten
s2902,Untamed Romania,Movie,2018,2020.0,Tom Barton-Humphreys
s2904,By the Sea,Movie,2015,2020.0,Angelina Jolie
s2905,Miss Virginia,Movie,2019,2020.0,R.J. Daniel Hanna
s2906,MR. RIGHT,Movie,2015,2020.0,Paco Cabezas
s2907,On the Real,TV Show,2017,2020.0,Tosin Coker
s2908,Term Life,Movie,2016,2020.0,Peter Billingsley
s2909,The Forest,Movie,2016,2020.0,Jason Zada
s2910,Monster High: Electrified,Movie,2017,2020.0,Avgousta Zourelidi
s2912,A Shaun the Sheep Movie: Farmageddon,Movie,2019,2020.0,Richard Phelan
s2912,A Shaun the Sheep Movie: Farmageddon,Movie,2019,2020.0,Will Becher
s2913,Cuddle Weather,Movie,2019,2020.0,Rod Cabatana Marmol
s2914,Fanatyk,Movie,2017,2020.0,Michał Tylka
s2915,Isi & Ossi,Movie,2020,2020.0,Oliver Kienle
s2916,Liefling,Movie,2010,2020.0,Brian Webber
s2917,Panipat - The Great Betrayal,Movie,2019,2020.0,Ashutosh Gowariker
s2919,The Ghost and the Tout,Movie,2018,2020.0,Charles Uwagbai
s2920,Dragon Quest Your Story,Movie,2019,2020.0,Takashi Yamazaki
s2920,Dragon Quest Your Story,Movie,2019,2020.0,Ryuichi Yagi
s2920,Dragon Quest Your Story,Movie,2019,2020.0,Makoto Hanafusa
s2924,Sleepless Society: Insomnia,TV Show,2019,2020.0,Pantham Thongsang
s2924,Sleepless Society: Insomnia,TV Show,2019,2020.0,Cheewatan Pusitsuksa
s2925,French Toast,Movie,2015,2020.0,Paul Krüger
s2925,French Toast,Movie,2015,2020.0,Anél Stolp
s2926,To All the Boys: P.S. I Still Love You,Movie,2020,2020.0,Michael Fimognari
s2929,Good Time,Movie,2017,2020.0,Benny Safdie
s2929,Good Time,Movie,2017,2020.0,Josh Safdie
s2930,ROAD TO ROMA,Movie,2020,2020.0,Andres Clariond
s2931,Love for Sale 2,Movie,2019,2020.0,Andibachtiar Yusuf
s2933,Fronteras,Movie,2018,2020.0,Andrew Dean
s2934,Polaroid,Movie,2019,2020.0,Lars Klevberg
s2935,The Coldest Game,Movie,2019,2020.0,Lukasz Kosmicki
s2936,Thottappan,Movie,2019,2020.0,Shanavas K. Bavakutty
s2937,Azali,Movie,2018,2020.0,Kwabena Gyansah
s2940,Horse Girl,Movie,2020,2020.0,Jeff Baena
s2941,Jada,Movie,2019,2020.0,Kumaran
s2944,The Ballad of Lefty Brown,Movie,2017,2020.0,Jared Moshé
s2947,Gardeners of Eden,Movie,2014,2020.0,Austin Peck
s2947,Gardeners of Eden,Movie,2014,2020.0,Anneliese Vandenberg
s2948,Arrow,TV Show,2019,2020.0,James Bamford
s2949,The Pharmacist,TV Show,2020,2020.0,Julia Willoughby Nason
s2949,The Pharmacist,TV Show,2020,2020.0,Jenner Furst
s2950,Uppity: The Willy T. Ribbs Story,Movie,2020,2020.0,Nate Adams
s2950,Uppity: The Willy T. Ribbs Story,Movie,2020,2020.0,Adam Carolla
s2951,Dragonheart: Vengeance,Movie,2020,2020.0,Ivan Silvestrini
s2952,"Faith, Hope & Love",Movie,2019,2020.0,Robert Krantz
s2953,Tom Papa: You're Doing Great!,Movie,2020,2020.0,Gregory Jacobs
s2955,Thambi,Movie,2019,2020.0,Jeethu Joseph
s2956,The Silent War,Movie,2020,2020.0,Alfonso Cortés-Cavanillas
s2957,Chronically Metropolitan,Movie,2016,2020.0,Xavier Manrique
s2958,Hum Aapke Hain Koun,Movie,1994,2020.0,Sooraj R. Barjatya
s2961,Justice,Movie,2017,2020.0,Richard Gabai
s2962,Love Jacked,Movie,2018,2020.0,Alfons Adetuyi
s2963,Miraculous: Tales of Ladybug & Cat Noir,TV Show,2019,2020.0,Thomas Astruc
s2964,Misfit 2,Movie,2019,2020.0,Erwin van den Eshof
s2969,The Car: Road to Revenge,Movie,2019,2020.0,G.J. Echternkamp
s2970,Together For Eternity,Movie,1999,2020.0,Sooraj R. Barjatya
s2971,37 Seconds,Movie,2020,2020.0,Hikari
s2973,Gang of the Caribbean,Movie,2016,2020.0,Jean-Claude Flamand-Barny
s2974,Hakkunde,Movie,2017,2020.0,Oluseyi Asurf
s2976,Miss Americana,Movie,2020,2020.0,Lana Wilson
s2979,Kevin Hart: I'm a Grown Little Man,Movie,2009,2020.0,Shannon Hartman
s2982,Close Enemies,Movie,2018,2020.0,David Oelhoffen
s2986,Shimla Mirchi,Movie,2020,2020.0,Ramesh Sippy
s2987,Sillu Karuppatti,Movie,2019,2020.0,Halitha Shameem
s2988,Vir Das: For India,Movie,2020,2020.0,Vir Das
s2988,Vir Das: For India,Movie,2020,2020.0,Ajay Bhuyan
s2989,Menashe,Movie,2017,2020.0,Josh Z. Weinstein
s2989,Menashe,Movie,2017,2020.0,Joshua Z. Weinstein
s2990,A Sun,Movie,2019,2020.0,Chung Mong-hong
s2991,Die Ontwaking,Movie,2015,2020.0,Johnny Breedt
s2996,Airplane Mode,Movie,2020,2020.0,César Rodrigues
s2997,Alex Fernández: The Best Comedian in the World,Movie,2020,2020.0,Alex Díaz
s3000,The Ghost Bride,TV Show,2020,2020.0,Quek Shio-chuan
s3003,Whisky,Movie,2004,2020.0,Pablo Stoll
s3003,Whisky,Movie,2004,2020.0,Juan Pablo Rebella
s3004,Fortune Feimster: Sweet & Salty,Movie,2020,2020.0,Krysia Plonka
s3005,KD (A) Karuppudurai,Movie,2019,2020.0,Madhumita
s3007,Motichoor Chaknachoor,Movie,2019,2020.0,Debamitra Biswal
s3008,WHAT DID JACK DO?,Movie,2020,2020.0,David Lynch
s3009,The Bling Ring,Movie,2013,2020.0,Sofia Coppola
s3010,A Fall from Grace,Movie,2020,2020.0,Tyler Perry
s3015,Deadcon,Movie,2019,2020.0,Caryn Waechter
s3017,Hop,Movie,2011,2020.0,Tim Hill
s3018,Jezebel,Movie,2019,2020.0,Numa Perrier
s3019,Legend,Movie,2015,2020.0,Brian Helgeland
s3020,NiNoKuni,Movie,2019,2020.0,Yoshiyuki Momose
s3022,Steve Jobs,Movie,2015,2020.0,Danny Boyle
s3023,Bulbul Can Sing,Movie,2018,2020.0,Rima Das
s3024,Eye For An Eye,Movie,2019,2020.0,Paco Plaza
s3026,MindGamers,Movie,2017,2020.0,Andrew Goth
s3027,The Brave,Movie,2019,2020.0,William Kaufman
s3028,Leslie Jones: Time Machine,Movie,2020,2020.0,David Benioff
s3028,Leslie Jones: Time Machine,Movie,2020,2020.0,D.B. Weiss
s3030,Women of Mafia 2,Movie,2019,2020.0,Patryk Vega
s3032,Betty White: First Lady of Television,Movie,2018,2020.0,Steve Boettcher
s3033,Made in China,Movie,2019,2020.0,Mikhil Musale
s3037,Jamtara - Sabka Number Ayega,TV Show,2020,2020.0,Soumendra Padhi
s3039,Monsters: Dark Continent,Movie,2014,2020.0,Tom Green
s3042,Bulletproof 2,Movie,2020,2020.0,Don Michael Paul
s3044,A Ghost Story,Movie,2017,2020.0,David Lowery
s3045,"Live Twice, Love Once",Movie,2020,2020.0,Maria Ripoll
s3047,All the Freckles in the World,Movie,2020,2020.0,Yibrán Asuad
s3049,Half Girlfriend,Movie,2017,2020.0,Mohit Suri
s3052,Aruna & Her Palate,Movie,2018,2020.0,Edwin
s3055,Breaking the Bank,Movie,2014,2020.0,Vadim Jean
s3058,Garfield Gets Real,Movie,2007,2020.0,Mark A.Z. Dippé
s3058,Garfield Gets Real,Movie,2007,2020.0,Kyung Ho Lee
s3059,Garfield's Fun Fest,Movie,2008,2020.0,Mark A.Z. Dippé
s3059,Garfield's Fun Fest,Movie,2008,2020.0,Eondeok Han
s3060,Garfield's Pet Force,Movie,2009,2020.0,Mark A.Z. Dippé
s3061,Ghost Stories,Movie,2020,2020.0,Anurag Kashyap
s3061,Ghost Stories,Movie,2020,2020.0,Dibakar Banerjee
s3061,Ghost Stories,Movie,2020,2020.0,Karan Johar
s3061,Ghost Stories,Movie,2020,2020.0,Zoya Akhtar
s3062,Jeff Dunham: Unhinged in Hollywood,Movie,2015,2020.0,Michael Simon
s3063,Jimmy Neutron: Boy Genius,Movie,2001,2020.0,John A. Davis
s3065,Luccas Neto in: Children's Day,Movie,2019,2020.0,Lucas Margutti
s3068,"Nisman: The Prosecutor, the President, and the Spy",TV Show,2020,2020.0,Justin Webster
s3069,Pan's Labyrinth,Movie,2006,2020.0,Guillermo del Toro
s3070,Pokémon the Movie: Power of Us,Movie,2018,2020.0,Tetsuo Yajima
s3071,Posesif,Movie,2017,2020.0,Edwin
s3073,Riot,Movie,2015,2020.0,John Lyde
s3074,Road Trip: Beer Pong,Movie,2009,2020.0,Steve Rash
s3078,Aaviri,Movie,2019,2019.0,Ravi Babu
s3079,Albert Pinto Ko Gussa Kyun Aata Hai?,Movie,2019,2019.0,Soumitra Ranade
s3081,Benchwarmers 2: Breaking Balls,Movie,2019,2019.0,Jon Rosenbaum
s3082,How High 2,Movie,2019,2019.0,Bruce Leddy
s3090,Hot Gimmick: Girl Meets Boy,Movie,2019,2019.0,Yuki Yamato
s3091,Blitz Patrollie,Movie,2013,2019.0,Andrew Wessels
s3092,"El Pepe, a Supreme Life",Movie,2018,2019.0,Emir Kusturica
s3094,The Vendor,Movie,2018,2019.0,Odunlade Adekola
s3095,The App,Movie,2019,2019.0,Elisa Fuksas
s3097,You,TV Show,2019,2019.0,Lee Toland Krieger
s3098,Doom: Annihilation,Movie,2019,2019.0,Tony Giglio
s3099,Fireworks,Movie,2017,2019.0,Akiyuki Shinbo
s3099,Fireworks,Movie,2017,2019.0,Nobuyuki Takeuchi
s3100,Grand-Daddy Day Care,Movie,2019,2019.0,Ron Oliver
s3101,Jarhead: Law of Return,Movie,2019,2019.0,Don Michael Paul
s3102,MFKZ,Movie,2017,2019.0,Shojiro Nishimi
s3102,MFKZ,Movie,2017,2019.0,Guillaume Renard
s3103,Sweetheart,Movie,2019,2019.0,J.D. Dillard
s3105,Como caído del cielo,Movie,2019,2019.0,Pepe Bojórquez
s3106,John Mulaney & The Sack Lunch Bunch,Movie,2019,2019.0,Rhys Thomas
s3108,Jacob's Ladder,Movie,2019,2019.0,David M. Rosenthal
s3110,Back of the Net,Movie,2019,2019.0,Louise Alston
s3111,Lost in London,Movie,2017,2019.0,Sunkanmi Adebayo
s3113,Being Mrs Elliot,Movie,2014,2019.0,Omoni Oboli
s3114,Falz Experience,Movie,2018,2019.0,Falz
s3115,Iyore,Movie,2015,2019.0,Frank Rajah Arase
s3116,The First Lady,Movie,2015,2019.0,Omoni Oboli
s3117,The Two Popes,Movie,2019,2019.0,Fernando Meirelles
s3119,After the Raid,Movie,2019,2019.0,Rodrigo Reyes
s3122,Don't F**k with Cats: Hunting an Internet Killer,TV Show,2019,2019.0,Mark Lewis
s3124,Ronny Chieng: Asian Comedian Destroys America!,Movie,2019,2019.0,Sebastian DiNatale
s3125,"Sincerely Yours, Dhaka",Movie,2018,2019.0,Nuhash Humayun
s3125,"Sincerely Yours, Dhaka",Movie,2018,2019.0,Syed Ahmed Shawki
s3125,"Sincerely Yours, Dhaka",Movie,2018,2019.0,Rahat Rahman
s3125,"Sincerely Yours, Dhaka",Movie,2018,2019.0,Robiul Alam Robi
s3125,"Sincerely Yours, Dhaka",Movie,2018,2019.0,Golam Kibria Farooki
s3125,"Sincerely Yours, Dhaka",Movie,2018,2019.0,Mir Mukarram Hossain
s3125,"Sincerely Yours, Dhaka",Movie,2018,2019.0,Tanvir Ahsan
s3125,"Sincerely Yours, Dhaka",Movie,2018,2019.0,Mahmudul Islam
s3125,"Sincerely Yours, Dhaka",Movie,2018,2019.0,Abdullah Al Noor
s3125,"Sincerely Yours, Dhaka",Movie,2018,2019.0,Krishnendu Chattopadhyay
s3125,"Sincerely Yours, Dhaka",Movie,2018,2019.0,Syed Saleh Ahmed Sobhan
s3126,The Danish Girl,Movie,2015,2019.0,Tom Hooper
s3127,Bangistan,Movie,2015,2019.0,Karan Anshuman
s3131,"Crazy, Lovely, Cool",TV Show,2018,2019.0,Obi Emelonye
s3132,Dil Chahta Hai,Movie,2001,2019.0,Farhan Akhtar
s3133,Dil Dhadakne Do,Movie,2015,2019.0,Zoya Akhtar
s3134,Don,Movie,2006,2019.0,Farhan Akhtar
s3135,Don 2,Movie,2011,2019.0,Farhan Akhtar
s3136,Fukrey,Movie,2013,2019.0,Mrighdeep Singh Lamba
s3137,Game,Movie,2011,2019.0,Abhinay Deo
s3138,Girls und Panzer,TV Show,2012,2019.0,Tsutomu Mizushima
s3139,Holy Expectations,Movie,2019,2019.0,Fernando Ayllón
s3140,Honeymoon Travels Pvt. Ltd.,Movie,2007,2019.0,Reema Kagti
s3141,Isoken,Movie,2017,2019.0,Jadesola Osiberu
s3142,Karthik Calling Karthik,Movie,2010,2019.0,Vijay Lalwani
s3143,Lakshya,Movie,2004,2019.0,Farhan Akhtar
s3144,Luck by Chance,Movie,2009,2019.0,Zoya Akhtar
s3145,Potato Potahto,Movie,2017,2019.0,Shirley Frimpong-Manso
s3146,Rock On!!,Movie,2008,2019.0,Abhishek Kapoor
s3148,Talaash,Movie,2012,2019.0,Reema Kagti
s3150,Zindagi Na Milegi Dobara,Movie,2011,2019.0,Zoya Akhtar
s3151,6 Underground,Movie,2019,2019.0,Michael Bay
s3152,A Trip to Jamaica,Movie,2016,2019.0,Robert O. Peters
s3153,My Wife and I,Movie,2017,2019.0,Bunmi Ajakaiye
s3154,Okafor's Law,Movie,2016,2019.0,Omoni Oboli
s3155,Seven and a half dates,Movie,2018,2019.0,Biodun Stephen
s3156,The 9th Precinct,Movie,2019,2019.0,Ding-Lin Wang
s3157,Zero Hour,Movie,2018,2019.0,Robert O. Peters
s3158,Jack Whitehall: Christmas with My Father,Movie,2019,2019.0,Richard van't Riet
s3159,The Sky Is Pink,Movie,2019,2019.0,Shonali Bose
s3160,Good and Prosperous,Movie,2017,2019.0,Sameh Abdulaziz
s3161,Michelle Wolf: Joke Show,Movie,2019,2019.0,Lance Bangs
s3162,A Family Reunion Christmas,Movie,2019,2019.0,Robbie Countryman
s3163,It Comes at Night,Movie,2017,2019.0,Trey Edward Shults
s3164,Saaho,Movie,2019,2019.0,Sujeeth
s3165,Nothing to Lose 2,Movie,2019,2019.0,Alexandre Avancini
s3167,Banana Island Ghost,Movie,2017,2019.0,BB Sasore
s3168,Celebrity Marriage,Movie,2017,2019.0,Pascal Amanfo
s3170,Marriage Story,Movie,2019,2019.0,Noah Baumbach
s3171,No Game No Life: Zero,Movie,2017,2019.0,Atsuko Ishizuka
s3172,Slow Country,Movie,2017,2019.0,Eric Aghimien
s3175,The Chosen One,TV Show,2019,2019.0,Michel Tikhomiroff
s3176,The Confession Killer,TV Show,2019,2019.0,Robert Kenner
s3176,The Confession Killer,TV Show,2019,2019.0,Taki Oldham
s3179,Wives on Strike,Movie,2016,2019.0,Omoni Oboli
s3180,Wives on Strike: The Revolution,Movie,2017,2019.0,Omoni Oboli
s3181,A Christmas Prince: The Royal Baby,Movie,2019,2019.0,John Schultz
s3187,Tiffany Haddish: Black Mitzvah,Movie,2019,2019.0,Linda Mendoza
s3189,A Cinderella Story: Christmas Wish,Movie,2019,2019.0,Michelle Johnston
s3190,Baby Dolls,Movie,2019,2019.0,Vijay Kumar Arora
s3191,Cut Bank,Movie,2014,2019.0,Matt Shakman
s3192,Dead Kids,Movie,2019,2019.0,Mikhail Red
s3194,High End Yaariyan,Movie,2019,2019.0,Pankaj Batra
s3195,Iron Fists and Kung-Fu Kicks,Movie,2019,2019.0,Serge Ou
s3196,Jindua,Movie,2017,2019.0,Navaniat Singh
s3198,Mahi NRI,Movie,2017,2019.0,Gaurav Bavdankar
s3199,Qismat,Movie,2018,2019.0,Jagdeep Sidhu
s3201,Tee Shot: Ariya Jutanugarn,Movie,2019,2019.0,Tanawat Aiemjinda
s3202,Thug Life,Movie,2017,2019.0,Mukesh Vohra
s3203,Wandering Stars,Movie,2019,2019.0,Syrine Boulanouar
s3203,Wandering Stars,Movie,2019,2019.0,Nekfeu
s3204,Why Me?,Movie,2015,2019.0,Tudor Giurgiu
s3206,Guatemala: Heart of the Mayan World,Movie,2019,2019.0,Luis Ara
s3206,Guatemala: Heart of the Mayan World,Movie,2019,2019.0,Ignacio Jaunsolo
s3207,The Zoya Factor,Movie,2019,2019.0,Abhishek Sharma
s3208,Atlantics,Movie,2019,2019.0,Mati Diop
s3210,Crazy people,Movie,2018,2019.0,Moses Inwang
s3211,I Lost My Body,Movie,2019,2019.0,Jérémy Clapin
s3212,Kalushi: The Story of Solomon Mahlangu,Movie,2016,2019.0,Mandla Dube
s3214,Lagos Real Fake Life,Movie,2018,2019.0,Mike Ezuruonye
s3215,Payday,Movie,2018,2019.0,Cheta Chukwu
s3216,The Accidental Spy,Movie,2017,2019.0,Roger Russell
s3218,The Island,Movie,2018,2019.0,Toka McBaror
s3219,Holiday Rush,Movie,2019,2019.0,Leslie Small
s3224,Defiance,Movie,2008,2019.0,Edward Zwick
s3225,Evvarikee Cheppoddu,Movie,2019,2019.0,Basava Shankar Eeday
s3226,Little Singham: Mahabali,Movie,2019,2019.0,Prakash Satam
s3227,The Body Remembers When the World Broke Open,Movie,2019,2019.0,Elle-Máijá Tailfeathers
s3227,The Body Remembers When the World Broke Open,Movie,2019,2019.0,Kathleen Hepburn
s3228,The Irishman,Movie,2019,2019.0,Martin Scorsese
s3229,Mike Birbiglia: The New One,Movie,2019,2019.0,Seth Barrish
s3230,Super Monsters Save Christmas,Movie,2019,2019.0,Steve Ball
s3234,Pranaam,Movie,2019,2019.0,Sanjiv Jaiswal
s3235,What the F* Is Going On?,Movie,2019,2019.0,Marta Jaenes
s3235,What the F* Is Going On?,Movie,2019,2019.0,Rosa Márquez
s3236,Shot Caller,Movie,2017,2019.0,Ric Roman Waugh
s3238,Brother,Movie,2019,2019.0,Julien Abraham
s3240,Girls und Panzer der Film,Movie,2015,2019.0,Tsutomu Mizushima
s3245,Shelby American,Movie,2019,2019.0,Nate Adams
s3245,Shelby American,Movie,2019,2019.0,Adam Carolla
s3249,The Knight Before Christmas,Movie,2019,2019.0,Monika Mitchell
s3251,"Bikram: Yogi, Guru, Predator",Movie,2019,2019.0,Eva Orner
s3252,Dorasaani,Movie,2019,2019.0,KVR Mahendra
s3254,"Lorena, Light-Footed Woman",Movie,2019,2019.0,Juan Carlos Rulfo
s3255,Mallesham,Movie,2019,2019.0,Raj R
s3257,Iliza Shlesinger: Unveiled,Movie,2019,2019.0,Steve Paley
s3260,Iron Sky: The Coming Race,Movie,2019,2019.0,Timo Vuorensola
s3261,Jeff Dunham: All Over the Map,Movie,2014,2019.0,Robb Dipple
s3262,Suffragette,Movie,2015,2019.0,Sarah Gavron
s3263,The Green Inferno,Movie,2013,2019.0,Eli Roth
s3265,Earthquake Bird,Movie,2019,2019.0,Wash Westmoreland
s3266,El sendero de la anaconda,Movie,2019,2019.0,Alessandro Angulo
s3267,GO! The Unforgettable Party,Movie,2019,2019.0,Mauro Scandolari
s3268,Guna 369,Movie,2019,2019.0,Arjun Jandyala
s3269,House Arrest,Movie,2019,2019.0,Shashanka Ghosh
s3269,House Arrest,Movie,2019,2019.0,Samit Basu
s3273,K-on! the movie,Movie,2011,2019.0,Naoko Yamada
s3274,Klaus,Movie,2019,2019.0,Sergio Pablos
s3279,SunGanges,Movie,2018,2019.0,Valli Bindana
s3281,The Garden of Words,Movie,2013,2019.0,Makoto Shinkai
s3286,Fadily Camara : La plus drôle de tes copines,Movie,2019,2019.0,Gautier & Leduc
s3290,Jeff Garlin: Our Man In Chicago,Movie,2019,2019.0,Christopher Storer
s3291,A Single Man,Movie,2009,2019.0,Tom Ford
s3293,To Be of Service,Movie,2019,2019.0,Josh Aronson
s3297,Let It Snow,Movie,2019,2019.0,Luke Snellin
s3298,Paradise Beach,Movie,2019,2019.0,Xavier Durringer
s3300,U Turn,Movie,2016,2019.0,Pawan Kumar
s3301,Burning Cane,Movie,2019,2019.0,Phillip Youmans
s3303,Shadow,Movie,2018,2019.0,Zhang Yimou
s3304,Luccas Neto in: Summer Camp,Movie,2019,2019.0,Lucas Margutti
s3306,Seth Meyers: Lobby Baby,Movie,2019,2019.0,Neal Brennan
s3308,The Lovers,Movie,2017,2019.0,Azazel Jacobs
s3309,Tune in for Love,Movie,2019,2019.0,Jung Ji-woo
s3310,Undercover Brother 2,Movie,2019,2019.0,Leslie Small
s3312,Minimalism: A Documentary About the Important Things,Movie,2016,2019.0,Matt D'Avella
s3313,Oththa Seruppu Size 7,Movie,2019,2019.0,Parthiban
s3316,A Fairly Odd Summer,Movie,2014,2019.0,Savage Steve Holland
s3318,Big Time Movie,Movie,2012,2019.0,Savage Steve Holland
s3319,Escape from Mr. Lemoncello’s Library,Movie,2017,2019.0,Scott McAboy
s3320,Hey Arnold! The Jungle Movie,Movie,2017,2019.0,Raymie Muzquiz
s3320,Hey Arnold! The Jungle Movie,Movie,2017,2019.0,Stu Livingston
s3321,Jinxed,Movie,2013,2019.0,Stephen Herek
s3322,LEGENDS OF THE HIDDEN TEMPLE,Movie,2016,2019.0,Joe Menendez
s3323,"Liar, Liar, Vampire",Movie,2015,2019.0,Vince Marcello
s3324,The Boy Who Cried Werewolf,Movie,2010,2019.0,Eric Bross
s3325,The Massively Mixed-Up Middle School Mystery,Movie,2015,2019.0,Will Eisenberg
s3327,A Remarkable Tale,Movie,2019,2019.0,Marina Seresesky
s3330,American Son,Movie,2019,2019.0,Kenny Leon
s3332,Christmas in the Heartland,Movie,2017,2019.0,Harvey Lowry
s3333,Christmas Survival,Movie,2018,2019.0,James Dearden
s3335,Drive,Movie,2019,2019.0,Tarun Mansukhani
s3336,Fire in Paradise,Movie,2019,2019.0,Drea Cooper
s3336,Fire in Paradise,Movie,2019,2019.0,Zackary Canepari
s3338,Holiday in the Wild,Movie,2019,2019.0,Ernie Barbarash
s3339,Holly Star,Movie,2018,2019.0,Michael A. Nickles
s3344,Santa Girl,Movie,2019,2019.0,Blayne Weaver
s3347,The House of Flowers Presents: The Funeral,Movie,2019,2019.0,Manolo Caro
s3348,The King,Movie,2019,2019.0,David Michôd
s3349,The Man Without Gravity,Movie,2019,2019.0,Marco Bonfanti
s3350,The Old Thieves: The Legend of Artegios,Movie,2007,2019.0,Everardo González
s3354,Zoé: Panoramas,Movie,2016,2019.0,Rodrigo Guardiola
s3354,Zoé: Panoramas,Movie,2016,2019.0,Gabriel Cruz Rivas
s3355,Grego Rossello: Disculpe las molestias,Movie,2019,2019.0,Juani Libonatti
s3357,Nowhere Man,TV Show,2019,2019.0,DJ Chen
s3359,"Bring It On, Ghost",TV Show,2016,2019.0,Park Joon-hwa
s3360,Mehandi Circus,Movie,2019,2019.0,Saravana Rajendran
s3363,Arsenio Hall: Smart & Classy,Movie,2019,2019.0,Brian Volk-Weiss
s3366,A 3 Minute Hug,Movie,2019,2019.0,Everardo González
s3367,Little Miss Sumo,Movie,2018,2019.0,Matt Kay
s3372,Consequences,Movie,2014,2019.0,Ozan Açıktan
s3373,Dolemite Is My Name,Movie,2019,2019.0,Craig Brewer
s3375,It Takes a Lunatic,Movie,2019,2019.0,Billy Lyons
s3377,My Next Guest with David Letterman and Shah Rukh Khan,Movie,2019,2019.0,Michael Steed
s3380,Rattlesnake,Movie,2019,2019.0,Zak Hilditch
s3381,The Awakening of Motti Wolkenbruch,Movie,2018,2019.0,Michael Steiner
s3384,Echo in the Canyon,Movie,2019,2019.0,Andrew Slater
s3385,Revenge of the Pontianak,Movie,2019,2019.0,Glen Goei
s3385,Revenge of the Pontianak,Movie,2019,2019.0,Gavin Yap
s3387,Dancing with the Birds,Movie,2019,2019.0,Huw Cordey
s3388,Master Z: The Ip Man Legacy,Movie,2018,2019.0,Yuen Woo-ping
s3389,Jenny Slate: Stage Fright,Movie,2019,2019.0,Gillian Robespierre
s3390,Free Fire,Movie,2016,2019.0,Ben Wheatley
s3391,Little Singham: Kaal Ki Tabaahi,Movie,2019,2019.0,Prakash Satam
s3392,The Command,Movie,2018,2019.0,Thomas Vinterberg
s3393,10 Days in Sun City,Movie,2017,2019.0,Adze Ugah
s3399,Eli,Movie,2019,2019.0,Ciarán Foy
s3400,In My Country,Movie,2018,2019.0,Frank Rajah Arase
s3403,"Love, Surreal and Odd",Movie,2017,2019.0,Yılmaz Erdoğan
s3406,Seventeen,Movie,2019,2019.0,Daniel Sánchez Arévalo
s3408,Tatu,Movie,2017,2019.0,Don Omope
s3409,Tell Me Who I Am,Movie,2019,2019.0,Ed Perkins
s3410,The Laundromat,Movie,2019,2019.0,Steven Soderbergh
s3412,Up North,Movie,2018,2019.0,Tope Oshin
s3413,Upstarts,Movie,2019,2019.0,Udai Singh Pawar
s3414,Verses of Love 2,Movie,2017,2019.0,Guntur Soeharjanto
s3418,Ghosts of Sugar Land,Movie,2019,2019.0,Bassam Tariq
s3419,League of Legends Origins,Movie,2019,2019.0,Leslie Iwerks
s3420,Park Na-rae: Glamour Warning,Movie,2019,2019.0,Kim Joo-hyung
s3422,Sinister 2,Movie,2015,2019.0,Ciarán Foy
s3423,The Game Changers,Movie,2018,2019.0,Louie Psihoyos
s3424,Black Money Love,TV Show,2014,2019.0,Ahmet Katıksız
s3425,"Martin Matte: La vie, la mort...eh la la..!",Movie,2019,2019.0,Jean-François Blais
s3426,Street Flow,Movie,2019,2019.0,Leïla Sy
s3426,Street Flow,Movie,2019,2019.0,Kery James
s3428,Bygones Be Bygones,Movie,2017,2019.0,Hakan Algül
s3429,El Camino: A Breaking Bad Movie,Movie,2019,2019.0,Vince Gilligan
s3430,Fractured,Movie,2019,2019.0,Brad Anderson
s3432,The Bling Lagosians,Movie,2019,2019.0,Bolanle Austen-Peters
s3433,The Forest of Love,Movie,2019,2019.0,Sion Sono
s3435,The Influence,Movie,2019,2019.0,Dennis Rovira van Boekholt
s3437,GEN HOSHINO STADIUM TOUR “POP VIRUS”,Movie,2019,2019.0,Naoto Amazutsumi
s3439,After,Movie,2019,2019.0,Jenny Gage
s3440,Home Is Where the Killer Is,Movie,2019,2019.0,Kaila York
s3442,Deon Cole: Cole Hearted,Movie,2019,2019.0,Ryan Polito
s3444,Love for Sale,Movie,2018,2019.0,Andibachtiar Yusuf
s3447,Noblemen,Movie,2019,2019.0,Vandana Kataria
s3449,Brother in Love,Movie,2019,2019.0,Onur Bilgetay
s3451,In the Tall Grass,Movie,2019,2019.0,Vincenzo Natali
s3452,Kids on the Block,Movie,2019,2019.0,Tugçe Soysop
s3457,Super Monsters: Vida's First Halloween,Movie,2019,2019.0,Jacob Joice
s3457,Super Monsters: Vida's First Halloween,Movie,2019,2019.0,Steve Ball
s3460,Ready to Mingle,Movie,2019,2019.0,Luis Javier Henaine
s3461,Salam - The First ****** Nobel Laureate,Movie,2018,2019.0,Anand Kamalakar
s3462,Cheese in the Trap,TV Show,2016,2019.0,Lee Yoon-jung
s3466,First Kiss,Movie,2018,2019.0,Roy Poortmans
s3469,Limitless,Movie,2017,2019.0,Vrinda Samartha
s3472,Nikki Glaser: Bangin’,Movie,2019,2019.0,Nicholaus Goossen
s3473,Rugrats in Paris: The Movie,Movie,2000,2019.0,Stig Bergqvist
s3473,Rugrats in Paris: The Movie,Movie,2000,2019.0,Paul Demeyer
s3476,The Rugrats Movie,Movie,1998,2019.0,Igor Kovalyov
s3476,The Rugrats Movie,Movie,1998,2019.0,Norton Virgien
s3477,The Squid and the Whale,Movie,2005,2019.0,Noah Baumbach
s3478,Gotham,TV Show,2019,2019.0,Danny Cannon
s3479,Mo Gilligan: Momentum,Movie,2019,2019.0,Chris Howe
s3480,Cultivating the Seas: History and Future of the Full-Cycle Cultured Kindai Tuna,Movie,2019,2019.0,Mana Yasuda
s3481,TUNA GIRL,Movie,2019,2019.0,Mana Yasuda
s3483,Deliha 2,Movie,2018,2019.0,Gupse Özay
s3485,In the Shadow of the Moon,Movie,2019,2019.0,Jim Mickle
s3486,Sturgill Simpson Presents Sound & Fury,Movie,2019,2019.0,Jumpei Mizusaki
s3486,Sturgill Simpson Presents Sound & Fury,Movie,2019,2019.0,Koji Morimoto
s3486,Sturgill Simpson Presents Sound & Fury,Movie,2019,2019.0,Michael Arias
s3486,Sturgill Simpson Presents Sound & Fury,Movie,2019,2019.0,Masaru Matsumoto
s3486,Sturgill Simpson Presents Sound & Fury,Movie,2019,2019.0,Arthell Isom
s3486,Sturgill Simpson Presents Sound & Fury,Movie,2019,2019.0,Henry Thurlow
s3486,Sturgill Simpson Presents Sound & Fury,Movie,2019,2019.0,Takanobu Mizuno
s3486,Sturgill Simpson Presents Sound & Fury,Movie,2019,2019.0,Elsa Nakamichi
s3486,Sturgill Simpson Presents Sound & Fury,Movie,2019,2019.0,Hajime Sasaki
s3486,Sturgill Simpson Presents Sound & Fury,Movie,2019,2019.0,Shinji Takagi
s3487,Malaal,Movie,2019,2019.0,Mangesh Hadawale
s3488,The Grandmaster,Movie,2013,2019.0,Wong Kar Wai
s3491,Birders,Movie,2019,2019.0,Otilia Portillo Padua
s3493,Oh! Baby (Malayalam),Movie,2019,2019.0,B. V. Nandini Reddy
s3494,Oh! Baby (Tamil),Movie,2019,2019.0,B. V. Nandini Reddy
s3495,Inside Man: Most Wanted,Movie,2019,2019.0,Michael J. Bassett
s3496,Jeff Dunham: Beside Himself,Movie,2019,2019.0,Troy Miller
s3497,Manmadhudu 2,Movie,2019,2019.0,Rahul Ravindran
s3498,Under the Eiffel Tower,Movie,2018,2019.0,Archie Borders
s3499,Do Paise Ki Dhoop Chaar Aane Ki Baarish,Movie,2009,2019.0,Deepti Naval
s3501,Between Two Ferns: The Movie,Movie,2019,2019.0,Scott Aukerman
s3504,Criminal: Spain,TV Show,2019,2019.0,Mariano Barroso
s3507,The Hockey Girls,TV Show,2019,2019.0,Kiko Cruz Claverol
s3507,The Hockey Girls,TV Show,2019,2019.0,Patricia Font
s3508,Travel Mates 2,Movie,2018,2019.0,Bedran Güzel
s3510,Kabir Singh,Movie,2019,2019.0,Sandeep Reddy Vanga
s3512,Avengement,Movie,2019,2019.0,Jesse V. Johnson
s3513,Sebastian Maniscalco: What's Wrong with People?,Movie,2012,2019.0,Manny Rodriguez
s3514,Los Tigres del Norte at Folsom Prison,Movie,2019,2019.0,Tom Donahue
s3515,Steal a Pencil for Me,Movie,2006,2019.0,Michèle Ohayon
s3517,Oh! Baby,Movie,2019,2019.0,B. V. Nandini Reddy
s3518,The Crystal Calls Making the Dark Crystal: Age of Resistance,Movie,2019,2019.0,Randall Lobb
s3519,"Hello, Privilege. It's Me, Chelsea",Movie,2019,2019.0,Alex Stapleton
s3521,Locked on You,Movie,2018,2019.0,Kıvanç Baruönü
s3523,Shanghai Fortress,Movie,2019,2019.0,Teng Huatao
s3524,Tall Girl,Movie,2019,2019.0,Nzingha Stewart
s3529,Bill Burr: Paper Tiger,Movie,2019,2019.0,Mike Binder
s3530,Evelyn,Movie,2019,2019.0,Orlando von Einsiedel
s3531,Article 15,Movie,2019,2019.0,Anubhav Sinha
s3532,Care of Kancharapalem,Movie,2018,2019.0,Maha Venkatesh
s3533,Ee Nagaraniki Emaindi,Movie,2018,2019.0,Tharun Bhascker
s3534,Kill Me If You Dare,Movie,2019,2019.0,Şenol Sönmez
s3537,Saawan,Movie,2016,2019.0,Farhan Alam
s3538,Watchman,Movie,2019,2019.0,A. L. Vijay
s3539,Elena,Movie,2012,2019.0,Petra Costa
s3542,Naruto,TV Show,2006,2019.0,Hayato Date
s3543,Olmo & the Seagull,Movie,2014,2019.0,Petra Costa
s3543,Olmo & the Seagull,Movie,2014,2019.0,Lea Glob
s3545,Spookley the Square Pumpkin,Movie,2004,2019.0,Bernie Denk
s3546,Uncle Naji in UAE,Movie,2019,2019.0,Ahmed Zain
s3548,Back to School,Movie,2019,2019.0,Rémy Four
s3548,Back to School,Movie,2019,2019.0,Julien War
s3549,Feo pero sabroso,Movie,2018,2019.0,Fernando Ayllón
s3550,Mi amigo Alexis,Movie,2019,2019.0,Alejandro Fernández Almendras
s3555,Unbridled,Movie,2018,2019.0,Jota Linares
s3556,Falling Inn Love,Movie,2019,2019.0,Roger Kumble
s3557,Kardec,Movie,2019,2019.0,Wagner de Assis
s3558,Travis Scott: Look Mom I Can Fly,Movie,2019,2019.0,White Trash Tyler
s3560,Dave Chappelle: Sticks & Stones,Movie,2019,2019.0,Stan Lathan
s3561,Drink Drank Drunk,Movie,2016,2019.0,Yeung Yat-Tak
s3564,Kaake Da Viyah,Movie,2019,2019.0,Rai Yuvraj Bains
s3565,Marriage Palace,Movie,2018,2019.0,Sunil Thakur
s3566,Mayday Life,Movie,2019,2019.0,Muh Chen
s3567,Saavat,Movie,2019,2019.0,Saurabh Sinha
s3568,American Factory,Movie,2019,2019.0,Steven Bognar
s3568,American Factory,Movie,2019,2019.0,Julia Reichert
s3569,Game Over (Hindi Version),Movie,2019,2019.0,Ashwin Saravanan
s3570,Game Over (Tamil Version),Movie,2019,2019.0,Ashwin Saravanan
s3571,Game Over (Telugu Version),Movie,2019,2019.0,Ashwin Saravanan
s3573,The Girl Allergic to Wi-Fi,Movie,2018,2019.0,Jun Lana
s3575,Simon Amstell: Set Free,Movie,2019,2019.0,Julia Knowles
s3583,Selfless,Movie,2015,2019.0,Tarsem Singh
s3584,Sextuplets,Movie,2019,2019.0,Michael Tiddes
s3587,The Little Switzerland,Movie,2019,2019.0,Kepa Sojo
s3590,Sacred Games,TV Show,2019,2019.0,Vikramaditya Motwane
s3590,Sacred Games,TV Show,2019,2019.0,Anurag Kashyap
s3591,Til Death Do Us Part,TV Show,2019,2019.0,Cho Li
s3591,Til Death Do Us Part,TV Show,2019,2019.0,Chen Hung-yi
s3591,Til Death Do Us Part,TV Show,2019,2019.0,Weica Wang
s3591,Til Death Do Us Part,TV Show,2019,2019.0,Liu Bang-yao
s3591,Til Death Do Us Part,TV Show,2019,2019.0,Lin Guan-fu
s3591,Til Death Do Us Part,TV Show,2019,2019.0,Shen Chi
s3591,Til Death Do Us Part,TV Show,2019,2019.0,YC Tom Lee
s3592,Whindersson Nunes: Adult,Movie,2019,2019.0,Diego Pignataro
s3594,Uyare,Movie,2019,2019.0,Manu Ashokan
s3595,90 ML,Movie,2019,2019.0,Anita Udeep
s3596,Calum von Moger: Unbroken,Movie,2019,2019.0,Vlad Yudin
s3597,Hasta los dientes,Movie,2018,2019.0,Alberto Arnaut Estrada
s3600,Colin Quinn: Red State Blue State,Movie,2019,2019.0,Robert Moresco
s3603,Jaoon Kahan Bata Ae Dil,Movie,2018,2019.0,Aadish Keluskar
s3604,Rocko's Modern Life: Static Cling,Movie,2019,2019.0,Joe Murray
s3604,Rocko's Modern Life: Static Cling,Movie,2019,2019.0,Cosmo Segurson
s3606,The Family,TV Show,2019,2019.0,Jesse Moss
s3614,Reply 1994,TV Show,2014,2019.0,Shin Won-ho
s3615,Reply 1997,TV Show,2012,2019.0,Shin Won-ho
s3617,Badla,Movie,2019,2019.0,Sujoy Ghosh
s3618,Theo Von: No Offense,Movie,2016,2019.0,John Asher
s3619,Crazy Beautiful You,Movie,2015,2019.0,Mae Czarina Cruz
s3620,I'm Brent Morin,Movie,2015,2019.0,Lance Bangs
s3621,Jim Jefferies : BARE,Movie,2014,2019.0,Shannon Hartman
s3622,Screwball,Movie,2018,2019.0,Billy Corben
s3623,Sebastian Maniscalco: Why Would You Do That,Movie,2016,2019.0,Joe DeMaio
s3624,Enter the Anime,Movie,2019,2019.0,Alex Burunova
s3626,No One Will Ever Know,Movie,2017,2019.0,Jesús Torres Torres
s3627,Misfit,Movie,2017,2019.0,Erwin van den Eshof
s3629,Léa & I,Movie,2019,2019.0,Camille Shooshani
s3631,Uriyadi 2,Movie,2019,2019.0,Vijay Kumar
s3632,Manu,Movie,2018,2019.0,Phanindra Narsetti
s3635,The Red Sea Diving Resort,Movie,2019,2019.0,Gideon Raff
s3636,Whitney Cummings: Can I Touch It?,Movie,2019,2019.0,Marcus Raboy
s3638,Boi,Movie,2018,2019.0,Jorge M. Fontana
s3639,Eerie,Movie,2019,2019.0,Mikhail Red
s3640,Girls With Balls,Movie,2019,2019.0,Olivier Afonso
s3642,The Son,Movie,2019,2019.0,Sebastián Schindel
s3644,The Great Hack,Movie,2019,2019.0,Karim Amer
s3644,The Great Hack,Movie,2019,2019.0,Jehane Noujaim
s3646,D.L. Hughley: Contrarian,Movie,2018,2019.0,Jay Chapman
s3647,Demetri Martin: The Overthinker,Movie,2018,2019.0,Jay Karas
s3647,Demetri Martin: The Overthinker,Movie,2018,2019.0,Demetri Martin
s3648,The Beast Stalker,Movie,2008,2019.0,Dante Lam
s3649,The Midas Touch,Movie,2013,2019.0,Chi Keung Fung
s3650,The Twins Effect II,Movie,2004,2019.0,Corey Yuen
s3650,The Twins Effect II,Movie,2004,2019.0,Patrick Leung
s3651,Twins Mission,Movie,2007,2019.0,To-hoi Kong
s3653,"¡Ay, mi madre!",Movie,2019,2019.0,Frank Ariza
s3654,Comedians in Cars Getting Coffee,TV Show,2019,2019.0,Jerry Seinfeld
s3658,Secret Obsession,Movie,2019,2019.0,Peter Sullivan
s3659,Mauli,Movie,2018,2019.0,Aditya Sarpotdar
s3662,Bogda,Movie,2018,2019.0,Nisheeta Keni
s3663,"Frankenstein’s Monster’s Monster, Frankenstein",Movie,2019,2019.0,Daniel Gray Longino
s3669,4L,Movie,2019,2019.0,Gerardo Olivares
s3671,Cities of Last Things,Movie,2018,2019.0,Wi Ding Ho
s3673,Kidnapping Stella,Movie,2019,2019.0,Thomas Sieben
s3676,Point Blank,Movie,2019,2019.0,Joe Lynch
s3677,The Milk System,Movie,2017,2019.0,Andreas Pichler
s3679,Parchís: the Documentary,Movie,2019,2019.0,Daniel Arasanz
s3680,Aziz Ansari: RIGHT NOW,Movie,2019,2019.0,Spike Jonze
s3682,"River, el más grande siempre",Movie,2019,2019.0,Marcelo Altmark
s3682,"River, el más grande siempre",Movie,2019,2019.0,Mariano Mucci
s3682,"River, el más grande siempre",Movie,2019,2019.0,Luis A. Scalella
s3684,Cristina,Movie,2016,2019.0,Michèle Ohayon
s3694,Katherine Ryan: Glitter Room,Movie,2019,2019.0,Linda Mendoza
s3698,War Against Women,Movie,2013,2019.0,Hernán Zin
s3699,Inhuman Kiss,Movie,2019,2019.0,Sittisiri Mongkolsiri
s3700,Romeo Akbar Walter,Movie,2019,2019.0,Robbie Grewal
s3702,Super Deluxe,Movie,2019,2019.0,Thiagarajan Kumararaja
s3704,El testigo,Movie,2018,2019.0,Kate Horne
s3707,La Leyenda del Diamante,Movie,2017,2019.0,Roberto Girault Facha
s3710,ANIMA,Movie,2019,2019.0,Paul Thomas Anderson
s3712,Daniel Sosa: Maleducado,Movie,2019,2019.0,Alex Díaz
s3712,Daniel Sosa: Maleducado,Movie,2019,2019.0,Marcos Bucay
s3714,Kahaani,Movie,2012,2019.0,Sujoy Ghosh
s3715,Unbroken,Movie,2019,2019.0,Svati Chakravarty Bhatkal
s3716,Mike Epps: Only One Mike,Movie,2019,2019.0,Kevin Bray
s3718,Triple Threat,Movie,2019,2019.0,Jesse V. Johnson
s3718,Triple Threat,Movie,2019,2019.0,Jesse Johnson
s3719,Blood Will Tell,Movie,2019,2019.0,Miguel Cohan
s3719,Blood Will Tell,Movie,2019,2019.0,Miguel Cohan
s3720,Bolívar,TV Show,2019,2019.0,Luis Alberto Restrepo
s3720,Bolívar,TV Show,2019,2019.0,Andrés Beltrán
s3720,Bolívar,TV Show,2019,2019.0,Jaime Rayo
s3721,EVANGELION: DEATH (TRUE)²,Movie,1998,2019.0,Hideaki Anno
s3729,The End of Evangelion,Movie,1997,2019.0,Hideaki Anno
s3729,The End of Evangelion,Movie,1997,2019.0,Kazuya Tsurumaki
s3730,Rakkhosh,Movie,2019,2019.0,Abhijit Kokate
s3730,Rakkhosh,Movie,2019,2019.0,Srivinay Salian
s3731,The Wolf's Call,Movie,2019,2019.0,Antonin Baudry
s3732,Beats,Movie,2019,2019.0,Chris Robinson
s3733,The Edge of Democracy,Movie,2019,2019.0,Petra Costa
s3734,Adam Devine: Best Time of Our Lives,Movie,2019,2019.0,Jay Karas
s3735,Cop Car,Movie,2015,2019.0,Jon Watts
s3736,Right Here Right Now,Movie,2018,2019.0,Jakob Lass
s3739,Life Overtakes Me,Movie,2019,2019.0,John Haptas
s3739,Life Overtakes Me,Movie,2019,2019.0,Kristine Samuelson
s3740,Luckee,Movie,2019,2019.0,Sanjay Jadhav
s3741,Pihu,Movie,2018,2019.0,Vinod Kapri
s3744,The Alcàsser Murders,TV Show,2019,2019.0,Elías León
s3748,DJ Cinderella,Movie,2019,2019.0,Bruno Garotti
s3754,Murder Mystery,Movie,2019,2019.0,Kyle Newacheck
s3757,Oprah Presents When They See Us Now,Movie,2019,2019.0,Mark Ritchie
s3758,The 3rd Eye 2,Movie,2019,2019.0,Rocky Soraya
s3759,Jo Koy: Comin' In Hot,Movie,2019,2019.0,Shannon Hartman
s3760,Rolling Thunder Revue: A Bob Dylan Story by Martin Scorsese,Movie,2019,2019.0,Martin Scorsese
s3762,Belmonte,Movie,2018,2019.0,Federico Veiroj
s3764,Elisa & Marcela,Movie,2019,2019.0,Isabel Coixet
s3765,I Am Mother,Movie,2019,2019.0,Grant Sputore
s3766,Luka Chuppi,Movie,2019,2019.0,Laxman Utekar
s3767,Pachamama,Movie,2019,2019.0,Juan Antin
s3768,Rock My Heart,Movie,2019,2019.0,Hanno Olderdissen
s3769,Stree,Movie,2018,2019.0,Amar Kaushik
s3772,The Black Godfather,Movie,2019,2019.0,Reginald Hudlin
s3773,Alles ist gut,Movie,2019,2019.0,Eva Trobisch
s3774,A Silent Voice,Movie,2016,2019.0,Naoko Yamada
s3776,Cosmos Laundromat: First Cycle,Movie,2015,2019.0,Mathieu Auvray
s3777,Miranda Sings Live…Your Welcome,Movie,2019,2019.0,Marcus Raboy
s3778,Silent,Movie,2014,2019.0,Limbert Fabian
s3778,Silent,Movie,2014,2019.0,Brandon Oldenburg
s3782,Krutant,Movie,2019,2019.0,Datta Mohan Bhandare
s3784,III Smoking Barrels,Movie,2017,2019.0,Sanjib Dey
s3786,"Oh, Ramona!",Movie,2019,2019.0,Cristina Jacob
s3787,We Are Legends,Movie,2019,2019.0,Daniel Yee Heng Chan
s3789,Chopsticks,Movie,2019,2019.0,Sachin Yardi
s3791,Mere Pyare Prime Minister,Movie,2019,2019.0,Rakeysh Omprakash Mehra
s3792,Pegasus,Movie,2019,2019.0,Han Han
s3794,Svaha: The Sixth Finger,Movie,2019,2019.0,Jang Jae-hyun
s3796,After Maria,Movie,2019,2019.0,Nadia Hallgren
s3798,Joy,Movie,2019,2019.0,Sudabeh Mortezai
s3799,Rim of the World,Movie,2019,2019.0,McG
s3801,The Perfection,Movie,2019,2019.0,Richard Shepard
s3803,The Lonely Island Presents: The Unauthorized Bash Brothers Experience,Movie,2019,2019.0,Mike Diva
s3803,The Lonely Island Presents: The Unauthorized Bash Brothers Experience,Movie,2019,2019.0,Akiva Schaffer
s3804,A Tale of Two Kitchens,Movie,2019,2019.0,Trisha Ziff
s3805,The Man Who Feels No Pain,Movie,2018,2019.0,Vasan Bala
s3806,Wanda Sykes: Not Normal,Movie,2019,2019.0,Linda Mendoza
s3809,1994,TV Show,2019,2019.0,Diego Enrique Osorno
s3810,Born in Gaza,Movie,2014,2019.0,Hernán Zin
s3811,Born in Syria,Movie,2016,2019.0,Hernán Zin
s3812,Dying to Tell,Movie,2018,2019.0,Hernán Zin
s3814,Maria,Movie,2019,2019.0,Pedring A. Lopez
s3815,ReMastered: The Lion's Share,Movie,2019,2019.0,Sam Cullman
s3816,Saverio Raimondo: Il Satiro Parlante,Movie,2019,2019.0,Francesco Imperato
s3817,See You Yesterday,Movie,2019,2019.0,Stefon Bristol
s3819,Good Sam,Movie,2019,2019.0,Kate Melville
s3820,Jonaki,Movie,2018,2019.0,Aditya Vikram Sengupta
s3821,PATRICK (2019),Movie,2019,2019.0,Mandie Fletcher
s3823,Hamid,Movie,2018,2019.0,Aijaz Khan
s3826,Backdraft 2,Movie,2019,2019.0,Gonzalo López-Gallego
s3829,Weed the People,Movie,2018,2019.0,Abby Epstein
s3830,Malibu Rescue,Movie,2019,2019.0,Savage Steve Holland
s3831,Merata: How Mum Decolonised the Screen,Movie,2018,2019.0,Hepi Mita
s3833,Dry Martina,Movie,2018,2019.0,Che Sandoval
s3834,Shéhérazade,Movie,2019,2019.0,Jean-Bernard Marlin
s3835,The Great Magician,Movie,2011,2019.0,Yee Tung-Shing
s3837,In Family I Trust,Movie,2018,2019.0,Patricia Font
s3842,Wine Country,Movie,2019,2019.0,Amy Poehler
s3843,Gatao 2: Rise of the King,Movie,2018,2019.0,Yen Cheng-kuo
s3858,Last Breath,Movie,2019,2019.0,Alex Parkinson
s3858,Last Breath,Movie,2019,2019.0,Richard da Costa
s3859,The Wandering Earth,Movie,2019,2019.0,Frant Gwo
s3860,All In My Family,Movie,2019,2019.0,Hao Wu
s3861,Crime Diaries: Night Out,TV Show,2019,2019.0,Felipe Cano
s3863,Despite Everything,Movie,2019,2019.0,Gabriela Tagliavini
s3864,"Extremely Wicked, Shockingly Evil and Vile",Movie,2019,2019.0,Joe Berlinger
s3866,Jo Pil-ho: The Dawning Rage,Movie,2018,2019.0,Lee Jeong-beom
s3867,The Last Summer,Movie,2019,2019.0,William Bindley
s3869,Laatu,Movie,2018,2019.0,Manav Shah
s3870,Olympus Has Fallen,Movie,2013,2019.0,Antoine Fuqua
s3872,John & Yoko: Above Us Only Sky,Movie,2018,2019.0,Michael Epstein
s3873,Knock Down The House,Movie,2019,2019.0,Rachel Lears
s3874,Munafik 2,Movie,2018,2019.0,Syamsul Yusof
s3875,Sur Sapata,Movie,2019,2019.0,Mangesh Kanthale
s3876,A Home with A View,Movie,2019,2019.0,Herman Yau
s3878,Anthony Jeselnik: Fire in the Maternity Ward,Movie,2019,2019.0,Marcus Raboy
s3886,Teen Aur Aadha,Movie,2018,2019.0,Dar Gai
s3889,Loving is Losing,Movie,2019,2019.0,Fernando Ayllón
s3890,Money Trap,Movie,2019,2019.0,Yılmaz Erdoğan
s3891,Njan Prakashan,Movie,2018,2019.0,Sathyan Anthikad
s3892,ReMastered: Devil at the Crossroads,Movie,2019,2019.0,Brian Oakes
s3894,The Hateful Eight: Extended Version,TV Show,2015,2019.0,Quentin Tarantino
s3895,A Fortunate Man,Movie,2018,2019.0,Bille August
s3896,Grass Is Greener,Movie,2019,2019.0,Fab Five Freddie
s3897,Brené Brown: The Call to Courage,Movie,2019,2019.0,Sandra Restrepo
s3900,Music Teacher,Movie,2019,2019.0,Sarthak Dasgupta
s3904,Someone Great,Movie,2019,2019.0,Jennifer Kaytin Robinson
s3905,The Ruthless,Movie,2019,2019.0,Renato De Maria
s3906,A Little Chaos,Movie,2014,2019.0,Alan Rickman
s3907,Franco Escamilla: Bienvenido al mundo,Movie,2019,2019.0,Ulises Valencia
s3908,HOMECOMING: A film by Beyoncé,Movie,2019,2019.0,Beyoncé Knowles-Carter
s3909,About Time,Movie,2013,2019.0,Richard Curtis
s3911,Bollywood Calling,Movie,2001,2019.0,Nagesh Kukunoor
s3912,Ek Khiladi Ek Haseena,Movie,2005,2019.0,Suparn Verma
s3913,Generation Iron 3,Movie,2018,2019.0,Vlad Yudin
s3914,Hazaaron Khwaishein Aisi,Movie,2003,2019.0,Sudhir Mishra
s3915,Jhankaar Beats,Movie,2003,2019.0,Sujoy Ghosh
s3916,Mumbai Matinee,Movie,2003,2019.0,Anant Balani
s3917,Rainbow Jelly,Movie,2018,2019.0,Soukarya Ghosal
s3918,Shabd,Movie,2005,2019.0,Leena Yadav
s3919,Shortcut Safari,Movie,2016,2019.0,Amitabha Singh
s3920,Thriller,Movie,2018,2019.0,Dallas Jackson
s3922,Who Would You Take to a Deserted Island?,Movie,2019,2019.0,Jota Linares
s3923,Dabbe 5: Zehr-i Cin,Movie,2014,2019.0,Hasan Karacadağ
s3924,Dabbe: The Possession,Movie,2013,2019.0,Hasan Karacadağ
s3927,The Perfect Date,Movie,2019,2019.0,Chris Nelson
s3929,Persona,TV Show,2019,2019.0,Lee Kyoungmi
s3929,Persona,TV Show,2019,2019.0,Yim Pilsung
s3929,Persona,TV Show,2019,2019.0,Jeon Go-woon
s3929,Persona,TV Show,2019,2019.0,Kim Jong-kwan
s3930,Liss Pereira: Reteniendo líquidos,Movie,2019,2019.0,Fernando Ayllón
s3931,The Silence,Movie,2019,2019.0,John R. Leonetti
s3933,Sarvam Thaala Mayam (Telugu Version),Movie,2018,2019.0,Rajiv Menon
s3934,Petta (Telugu Version),Movie,2019,2019.0,Karthik Subbaraj
s3936,Alien Warfare,Movie,2019,2019.0,Jeremiah Jones
s3940,Petta,Movie,2019,2019.0,Karthik Subbaraj
s3946,Unicorn Store,Movie,2019,2019.0,Brie Larson
s3948,Ricardo Quevedo: Los amargados somos más,Movie,2019,2019.0,Fernando Ayllón
s3949,Suzzanna: Buried Alive,Movie,2018,2019.0,Rocky Soraya
s3949,Suzzanna: Buried Alive,Movie,2018,2019.0,Anggy Umbara
s3951,Ek Ladki Ko Dekha Toh Aisa Laga,Movie,2019,2019.0,Shelly Chopra Dhar
s3952,Jagat,Movie,2015,2019.0,Shanjey Kumar Perumal
s3953,Kevin Hart: Irresponsible,Movie,2019,2019.0,Leslie Small
s3955,Love O2O,Movie,2016,2019.0,Tianyu Zhao
s3956,Pinky Memsaab,Movie,2018,2019.0,Shazia Ali Khan
s3958,The Trap,Movie,2017,2019.0,Erik White
s3960,Mercy Black,Movie,2019,2019.0,Owen Egerton
s3961,The Burial of Kojo,Movie,2018,2019.0,"Sam ""Blitz"" Bazawule"
s3963,15 August,Movie,2019,2019.0,Swapnaneel Jayakar
s3964,Bayonet,Movie,2019,2019.0,Kyzza Terrazas
s3967,The Highwaymen,Movie,2019,2019.0,John Lee Hancock
s3968,The Legend of Cocaine Island,Movie,2019,2019.0,Theo Love
s3973,Danur: I Can See Ghosts,Movie,2017,2019.0,Awi Suryadi
s3974,Verses of Love,Movie,2008,2019.0,Hanung Bramantyo
s3975,Nate Bargatze: The Tennessee Kid,Movie,2019,2019.0,Ryan Polito
s3976,Sei,Movie,2018,2019.0,Raj Babu
s3978,Superlopez,Movie,2018,2019.0,Javier Ruiz Caldera
s3979,Oversize Cops,Movie,2017,2019.0,Chanon Yingyong
s3979,Oversize Cops,Movie,2017,2019.0,Phuwanit Pholdee
s3983,Mirage,Movie,2018,2019.0,Oriol Paulo
s3984,ReMastered: The Miami Showband Massacre,Movie,2019,2019.0,Stuart Sender
s3986,The Dirt,Movie,2019,2019.0,Jeff Tremaine
s3991,The Amazing Praybeyt Benjamin,Movie,2014,2019.0,Wenn V. Deramas
s3992,The Super Parental Guardians,Movie,2016,2019.0,Joyce Bernal
s3993,The Third Party,Movie,2016,2019.0,Jason Paul Laxamana
s3994,The Unmarried Wife,Movie,2016,2019.0,Maryo J. De los Reyes
s3995,Vince and Kath and James,Movie,2016,2019.0,Theodore Boborol
s3996,Alexis Viera: A Story of Surviving,Movie,2019,2019.0,Luis Ara
s3998,Imago,Movie,2018,2019.0,Karan Shivajirao Chavan
s3998,Imago,Movie,2018,2019.0,Vikram Tanajirao Patil
s4000,Amy Schumer Growing,Movie,2019,2019.0,Amy Schumer
s4001,5 Flights Up,Movie,2014,2019.0,Richard Loncraine
s4003,Bombairiya,Movie,2018,2019.0,Pia Sukanya
s4004,Burn Out,Movie,2017,2019.0,Yann Gozlan
s4005,Edoardo Ferrario: Temi Caldi,Movie,2019,2019.0,Francesco Imperato
s4006,Girl,Movie,2018,2019.0,Lukas Dhont
s4008,Jeff Dunham: Arguing with Myself,Movie,2006,2019.0,Manny Rodriguez
s4009,Jeff Dunham: Controlled Chaos,Movie,2011,2019.0,Michael Simon
s4009,Jeff Dunham: Controlled Chaos,Movie,2011,2019.0,Matthew McNeil
s4010,Jeff Dunham: Minding the Monsters,Movie,2012,2019.0,Manny Rodriguez
s4011,Jeff Dunham's Very Special Christmas Special,Movie,2008,2019.0,Michael Simon
s4012,Late Life: The Chien-Ming Wang Story,Movie,2018,2019.0,Frank W Chen
s4014,Paskal,Movie,2018,2019.0,Adrian Teh
s4018,A Love Story,Movie,2007,2019.0,Maryo J. De los Reyes
s4019,Barcelona: A Love Untold,Movie,2016,2019.0,Olivia M. Lamasan
s4020,Everything About Her,Movie,2016,2019.0,Joyce Bernal
s4021,Finally Found Someone,Movie,2017,2019.0,Theodore Boborol
s4022,Seven Sundays,Movie,2017,2019.0,Cathy Garcia-Molina
s4025,Triple Frontier,Movie,2019,2019.0,J.C. Chandor
s4026,Jimmy Carr: The Best of Ultimate Gold Greatest Hits,Movie,2019,2019.0,Brian Klein
s4032,Hajwala 2: Mysterious Mission,Movie,2018,2019.0,Ibrahim Bin Mohamed
s4032,Hajwala 2: Mysterious Mission,Movie,2018,2019.0,Hasan Aljaberi
s4034,Juanita,Movie,2019,2019.0,Clark Johnson
s4035,Lady J,Movie,2019,2019.0,Emmanuel Mouret
s4037,Walk. Ride. Rodeo.,Movie,2019,2019.0,Conor Allyn
s4038,Nappily Ever After,Movie,2018,2019.0,Haifaa Al-Mansour
s4039,Sisterakas,Movie,2012,2019.0,Wenn V. Deramas
s4040,Starting Over Again,Movie,2014,2019.0,Olivia M. Lamasan
s4041,That Thing Called Tadhana,Movie,2015,2019.0,Antoinette Jadaone
s4042,The Love Affair,Movie,2015,2019.0,Nuel Naval
s4046,The Hard Way,Movie,2019,2019.0,Keoni Waxman
s4047,Everyday I Love You,Movie,2015,2019.0,Mae Czarina Cruz
s4048,No Other Woman,Movie,2011,2019.0,Ruel S. Bayani
s4049,River's Edge,Movie,2018,2019.0,Isao Yukisada
s4050,Sarkar,Movie,2018,2019.0,A.R. Murugadoss
s4051,Weapon of Choice,Movie,2018,2019.0,Fritz Ofner
s4052,"2,215",Movie,2018,2019.0,Nottapon Boonprakob
s4053,BNK48: Girls Don't Cry,Movie,2018,2019.0,Nawapol Thamrongrattanarit
s4054,Budapest,Movie,2018,2019.0,Xavier Gens
s4059,Pants on Fire,Movie,2014,2019.0,Jonathan A. Rosenbaum
s4060,Paranormal Investigation,Movie,2018,2019.0,Franck Phelizon
s4061,Radio Rebel,Movie,2012,2019.0,Peter Howitt
s4062,Sarvam Thaala Mayam (Tamil Version),Movie,2018,2019.0,Rajiv Menon
s4063,The Boy Who Harnessed the Wind,Movie,2019,2019.0,Chiwetel Ejiofor
s4065,The Last Runway,Movie,2018,2019.0,Rodrigo Salomón
s4065,The Last Runway,Movie,2018,2019.0,Pietro Scappini
s4066,The Spiderwick Chronicles,Movie,2008,2019.0,Mark Waters
s4067,Your Son,Movie,2018,2019.0,Miguel Ángel Vivas
s4068,Quién te cantará,Movie,2018,2019.0,Carlos Vermut
s4069,A Second Chance,Movie,2015,2019.0,Cathy Garcia-Molina
s4070,Beauty and the Bestie,Movie,2015,2019.0,Wenn V. Deramas
s4071,Bride For Rent,Movie,2014,2019.0,Mae Czarina Cruz
s4072,Can't Help Falling in Love,Movie,2017,2019.0,Mae Czarina Cruz
s4073,Evening Shadows,Movie,2018,2019.0,Sridhar Rangayan
s4074,Four Sisters and a Wedding,Movie,2013,2019.0,Cathy Garcia-Molina
s4075,It Takes a Man and a Woman,Movie,2013,2019.0,Cathy Garcia-Molina
s4076,My Ex & Whys,Movie,2017,2019.0,Cathy Garcia-Molina
s4077,She's Dating the Gangster,Movie,2014,2019.0,Cathy Garcia-Molina
s4078,The Breakup Playlist,Movie,2015,2019.0,Dan Villegas
s4079,The Mistress,Movie,2012,2019.0,Olivia M. Lamasan
s4081,Zach Galifianakis: Live at the Purple Onion,Movie,2006,2019.0,Michael Blieden
s4082,Life of An Outcast,Movie,2018,2019.0,Pawan K Shrivastava
s4083,The Photographer Of Mauthausen,Movie,2018,2019.0,Mar Targarona
s4084,Bert Kreischer: The Machine,Movie,2016,2019.0,Ryan Polito
s4086,Firebrand,Movie,2019,2019.0,Aruna Raje
s4087,Paddleton,Movie,2019,2019.0,Alex Lehmann
s4088,Paris Is Us,Movie,2019,2019.0,Elisabeth Vogler
s4089,Shonar Pahar,Movie,2018,2019.0,Parambrata Chatterjee
s4092,The Drug King,Movie,2018,2019.0,Woo Min-ho
s4093,Kevin James: Sweat the Small Stuff,Movie,2001,2019.0,Paul Miller
s4094,Transformer,Movie,2017,2019.0,Michael Del Monte
s4095,Genius,Movie,2018,2019.0,Suseenthiran
s4096,Black Sea,Movie,2015,2019.0,Kevin MacDonald
s4097,Studio 54,Movie,2018,2019.0,Matt Tyrnauer
s4098,Awe,Movie,2018,2019.0,Prasanth Varma
s4099,Ayana,Movie,2017,2019.0,Gangadhar Salimath
s4100,Behind the Curve,Movie,2018,2019.0,Daniel J. Clark
s4101,Buddies,Movie,2012,2019.0,Marcelo Galvão
s4102,Candyflip,Movie,2017,2019.0,Shanawaz Nellikunnil
s4103,Chameli,Movie,2004,2019.0,Sudhir Mishra
s4104,Fatso,Movie,2012,2019.0,Rajat Kapoor
s4105,Hjørdis,TV Show,2015,2019.0,Lars Kaalund
s4107,Neevevaro,Movie,2018,2019.0,Hari Nath
s4108,Pyaar Ke Side Effects,Movie,2006,2019.0,Saket Chaudhary
s4109,Sur: The Melody of Life,Movie,2002,2019.0,Tanuja Chandra
s4111,The Breaker Upperers,Movie,2018,2019.0,Jackie van Beek
s4111,The Breaker Upperers,Movie,2018,2019.0,Madeleine Sami
s4113,Ugly Aur Pagli,Movie,2008,2019.0,Sachin Kamlakar Khot
s4114,Yucatán,Movie,2018,2019.0,Daniel Monzón
s4116,"Ken Jeong: You Complete Me, Ho",Movie,2019,2019.0,Jon M. Chu
s4118,Period. End of Sentence.,Movie,2018,2019.0,Rayka Zehtabchi
s4121,High Flying Bird,Movie,2019,2019.0,Steven Soderbergh
s4122,Kevin Hart's Guide to Black History,Movie,2019,2019.0,Tom Stern
s4124,ReMastered: The Two Killings of Sam Cooke,Movie,2019,2019.0,Kelly Duane de la Vega
s4125,The Tree of Blood,Movie,2018,2019.0,Julio Medem
s4129,"Ray Romano: Right Here, Around the Corner",Movie,2019,2019.0,Michael Showalter
s4134,Await Further Instructions,Movie,2018,2019.0,Johnny Kevorkian
s4135,Manusangada,Movie,2017,2019.0,Amshan Kumar
s4136,14 Minutes from Earth,Movie,2016,2019.0,Adam Davis
s4136,14 Minutes from Earth,Movie,2016,2019.0,Jerry Kolber
s4136,14 Minutes from Earth,Movie,2016,2019.0,Trey Nelson
s4136,14 Minutes from Earth,Movie,2016,2019.0,Erich Sturm
s4137,Dear Ex,Movie,2018,2019.0,Hsu Chih-yen
s4137,Dear Ex,Movie,2018,2019.0,Mag Hsu
s4139,Lego DC Comics: Batman Be-Leaguered,Movie,2014,2019.0,Rick Morales
s4140,LEGO Marvel Super Heroes: Black Panther,Movie,2018,2019.0,Michael D. Black
s4147,Velvet Buzzsaw,Movie,2019,2019.0,Dan Gilroy
s4148,Hantu Kak Limah,Movie,2018,2019.0,Mamat Khalid
s4149,Love Off the Cuff,Movie,2017,2019.0,Pang Ho-cheung
s4151,Maharaja: The Story of Ranjit Singh,Movie,2010,2019.0,Amarjit Virdi
s4152,Virsa,Movie,2010,2019.0,Pankaj Batra
s4153,Bhasmasur,Movie,2017,2019.0,Nishil Sheth
s4154,"Gabriel ""Fluffy"" Iglesias: One Show Fits All",Movie,2019,2019.0,Manny Rodriguez
s4155,High Society,Movie,2018,2019.0,Byun Hyuk
s4156,Up Among  The Stars,Movie,2018,2019.0,Zoe Berriatúa
s4157,Alt-Right: Age of Rage,Movie,2018,2019.0,Adam Bhala Lough
s4158,Habibie & Ainun,Movie,2012,2019.0,Faozan Rizal
s4159,Nathicharami,Movie,2018,2019.0,Mansore
s4160,Rudy Habibie,Movie,2016,2019.0,Hanung Bramantyo
s4161,Surga Yang Tak Dirindukan,Movie,2015,2019.0,Kuntz Agus
s4162,Surga Yang Tak Dirindukan 2,Movie,2017,2019.0,Hanung Bramantyo
s4162,Surga Yang Tak Dirindukan 2,Movie,2017,2019.0,Meisa Felaroze
s4165,Goyo: The Boy General,Movie,2018,2019.0,Jerrold Tarog
s4166,Animas,Movie,2018,2019.0,Laura Alvea
s4166,Animas,Movie,2018,2019.0,José Ortuño
s4170,Mi Obra Maestra,Movie,2018,2019.0,Gastón Duprat
s4174,Just Love,Movie,2018,2019.0,Andy Caballero
s4174,Just Love,Movie,2018,2019.0,Diego Corsini
s4175,Innocent,TV Show,2017,2019.0,Seren Yüce
s4177,FYRE: The Greatest Party That Never Happened,Movie,2019,2019.0,Chris Smith
s4178,IO,Movie,2019,2019.0,Jonathan Helpert
s4181,Old Lord Savanna,Movie,2018,2019.0,André D'Elia
s4182,Patria,Movie,2019,2019.0,Matías Gueilburt
s4183,Soni,Movie,2018,2019.0,Ivan Ayr
s4186,Abducted in Plain Sight,Movie,2017,2019.0,Skye Borgman
s4187,"Abdullah, The Final Witness",Movie,2016,2019.0,Hashim Nadeem Khan
s4189,Echcharikkai,Movie,2018,2019.0,Sarjun
s4191,Pandigai,Movie,2017,2019.0,Feroz
s4192,Pari,Movie,2018,2019.0,Syed Atif Ali
s4193,Revenger,Movie,2018,2019.0,Lee Seung-won
s4194,Sebastian Maniscalco: Stay Hungry,Movie,2019,2019.0,Rik Reinholdtsen
s4195,The Doll,Movie,2016,2019.0,Rocky Soraya
s4196,The Doll 2,Movie,2017,2019.0,Rocky Soraya
s4198,Baazaar,Movie,2018,2019.0,Gauravv K Chawla
s4199,All of You,Movie,2017,2019.0,Dan Villegas
s4204,ReMastered: Massacre at the Stadium,Movie,2019,2019.0,Bent-Jorgen Perlmutt
s4205,Solo,Movie,2018,2019.0,Hugo Stuven
s4206,The Last Laugh,Movie,2019,2019.0,Greg Pritikin
s4209,GODZILLA The Planet Eater,Movie,2018,2019.0,Kobun Shizuno
s4209,GODZILLA The Planet Eater,Movie,2018,2019.0,Hiroyuki Seshita
s4210,Next Enti?,Movie,2018,2019.0,Kunal Kohli
s4211,Komola Rocket,Movie,2018,2019.0,Noor Imran Mithu
s4212,Nang Nak,Movie,1999,2019.0,Nonzee Nimibutr
s4213,And Breathe Normally,Movie,2018,2019.0,Ísold Uggadóttir
s4214,El Potro: Unstoppable,Movie,2018,2019.0,Lorena Munoz
s4215,Lionheart,Movie,2018,2019.0,Genevieve Nnaji
s4218,Monty Python and the Holy Grail,Movie,1975,2019.0,Terry Gilliam
s4218,Monty Python and the Holy Grail,Movie,1975,2019.0,Terry Jones
s4220,Back to the 90s,Movie,2015,2019.0,Yanyong Kuruaungkoul
s4222,Merku Thodarchi Malai,Movie,2018,2019.0,Lenin Bharathi
s4223,Moshe Kasher: Live in Oakland,Movie,2012,2019.0,Jay Chapman
s4224,Pokémon the Movie: I Choose You!,Movie,2017,2019.0,Kunihiko Yuyama
s4225,Puriyatha Puthir,Movie,2017,2019.0,Ranjit Jeyakodi
s4226,Taramani,Movie,2017,2019.0,Ram
s4229,Whitney Cummings: Money Shot,Movie,2010,2019.0,John Fortenberry
s4230,Bill Hicks: One Night Stand,Movie,1991,2018.0,John Fortenberry
s4232,Bill Hicks: Relentless,Movie,1992,2018.0,Chris Bould
s4233,Bill Hicks: Revelations,Movie,1993,2018.0,Chris Bould
s4234,Bill Hicks: Sane Man,Movie,1989,2018.0,Kevin Booth
s4234,Bill Hicks: Sane Man,Movie,1989,2018.0,David Johndrow
s4235,Gina Yashere: Laughing to America,Movie,2013,2018.0,Paul M. Green
s4237,Mexicanos de Bronce,Movie,2016,2018.0,Julio Fernández Talamantes
s4238,Sam Kinison: Breaking the Rules,Movie,1987,2018.0,Walter C. Miller
s4239,Sam Kinison: Family Entertainment Hour,Movie,1991,2018.0,Walter C. Miller
s4240,Sam Kinison: Live in Vegas,Movie,1991,2018.0,Walter C. Miller
s4243,Taylor Swift reputation Stadium Tour,Movie,2018,2018.0,Paul Dugdale
s4244,The Seven Deadly Sins the Movie: Prisoners of the Sky,Movie,2018,2018.0,Noriyuki Abe
s4245,Tim Allen: Men Are Pigs,Movie,1990,2018.0,Ellen Brown
s4247,Tim Minchin And The Heritage Orchestra Live,Movie,2011,2018.0,Matt Askem
s4248,Tim Minchin: So F**king Rock,Movie,2008,2018.0,Matt Askem
s4249,Todd Glass: Stand-Up Special,Movie,2012,2018.0,Jay Chapman
s4250,Tom Papa Live in New York City,Movie,2011,2018.0,Rob Zombie
s4253,A Twelve Year Night,Movie,2018,2018.0,Álvaro Brechner
s4256,Life Ki Toh Lag Gayi,Movie,2012,2018.0,Rakesh Mehta
s4259,The Birth Reborn 3,Movie,2018,2018.0,Eduardo Chauvet
s4260,When Angels Sleep,Movie,2018,2018.0,Gonzalo Bendala
s4263,Watership Down,TV Show,2018,2018.0,Noam Murro
s4268,Bad Seeds,Movie,2018,2018.0,Kheiron
s4269,Bird Box,Movie,2018,2018.0,Susanne Bier
s4276,Struggle: The Life and Lost Art of Szukalski,Movie,2018,2018.0,Irek Dobrowolski
s4278,23:59,Movie,2011,2018.0,Gilbert Chan
s4279,Aggretsuko: We Wish You a Metal Christmas,Movie,2018,2018.0,Rarecho
s4281,Imperfect,Movie,2012,2018.0,Steve Cheng
s4282,Lang Tong,Movie,2015,2018.0,Sam Loh
s4283,Miss J Contemplates Her Choice,Movie,2014,2018.0,Jason Lai
s4284,Ascharyachakit!,Movie,2018,2018.0,Samit Kakkad
s4285,Ellen DeGeneres: Relatable,TV Show,2018,2018.0,Joel Gallen
s4285,Ellen DeGeneres: Relatable,TV Show,2018,2018.0,Tig Notaro
s4286,Lilli,Movie,2018,2018.0,Prasobh Vijayan
s4287,Prince of Peoria: A Christmas Moose Miracle,Movie,2018,2018.0,Jon Rosenbaum
s4288,Andhadhun,Movie,2018,2018.0,Sriram Raghavan
s4290,Dragons: Dawn of the Dragon Racers,Movie,2014,2018.0,Elaine Bogan
s4290,Dragons: Dawn of the Dragon Racers,Movie,2014,2018.0,John Sanford
s4292,Kill the Messenger,Movie,2014,2018.0,Michael Cuesta
s4293,Maps to the Stars,Movie,2014,2018.0,David Cronenberg
s4294,Springsteen on Broadway,Movie,2018,2018.0,Thom Zimny
s4295,The Theory of Everything,Movie,2014,2018.0,James Marsh
s4296,F.R.E.D.I.,Movie,2018,2018.0,Sean Olson
s4298,Kita Kita,Movie,2017,2018.0,Sigrid Andrea Bernardo
s4300,Once in a Lifetime Sessions with Kasabian,Movie,2018,2018.0,Matt Askem
s4302,Once in a Lifetime Sessions with Snow Patrol,Movie,2018,2018.0,Matt Askem
s4303,Sad Hill Unearthed,Movie,2017,2018.0,Guillermo de Oliveira
s4304,Vanjagar Ulagam,Movie,2018,2018.0,Manoj Beedha
s4307,ROMA,Movie,2018,2018.0,Alfonso Cuarón
s4314,"Out of Many, One",Movie,2018,2018.0,John Hoffman
s4314,"Out of Many, One",Movie,2018,2018.0,Nanfu Wang
s4315,Vir Das: Losing It,Movie,2018,2018.0,Marcus Raboy
s4316,5 Star Christmas,Movie,2018,2018.0,Marco Risi
s4318,Dumplin',Movie,2018,2018.0,Anne Fletcher
s4319,Free Rein: The Twelve Neighs of Christmas,Movie,2018,2018.0,Marek Losey
s4320,Mowgli: Legend of the Jungle,Movie,2018,2018.0,Andy Serkis
s4322,Pine Gap,TV Show,2018,2018.0,Mat King
s4323,ReMastered: Who Killed Jam Master Jay?,Movie,2018,2018.0,Brian Oakes
s4324,Super Monsters and the Wish Star,Movie,2018,2018.0,Jacob Joice
s4325,The American Meme,Movie,2018,2018.0,Bert Marcus
s4326,RUSSELL BRAND: RE:BIRTH,Movie,2018,2018.0,Chris Howe
s4329,Teefa in Trouble,Movie,2018,2018.0,Ahsan Rahim
s4330,A Beautiful Life,Movie,2011,2018.0,Andrew Lau Wai-Keung
s4331,Accident,Movie,2009,2018.0,Cheang Pou Soi
s4332,"Ayotzinapa, el paso de la tortuga",Movie,2018,2018.0,Enrique García Meza
s4333,Battle,Movie,2018,2018.0,Katarina Launing
s4334,Blind Detective,Movie,2013,2018.0,Johnnie To
s4335,Break Up 100,Movie,2014,2018.0,Lawrence Cheng
s4336,Chal Bhaag,Movie,2014,2018.0,Prakash Balwant Saini
s4337,Crossroads: One Two Jaga,Movie,2018,2018.0,Nam Ron
s4338,Don't Go Breaking My Heart,Movie,2011,2018.0,Johnnie To
s4339,Don't Go Breaking My Heart 2,Movie,2014,2018.0,Johnnie To
s4340,Faraar,Movie,2015,2018.0,Baljit Singh Deo
s4342,Helios,Movie,2015,2018.0,Leung Lok Man
s4342,Helios,Movie,2015,2018.0,Luk Kim-ching
s4343,Line Walker,Movie,2016,2018.0,Jazz Boon
s4344,Look for a Star,Movie,2009,2018.0,Andrew Lau Wai-Keung
s4346,Once a Gangster,Movie,2010,2018.0,Felix Chong
s4347,Power Paandi,Movie,2017,2018.0,Dhanush
s4349,SDU: Sex Duties Unit,Movie,2013,2018.0,Gary Mak
s4350,Set Off,Movie,2008,2018.0,Liu Jiang
s4352,A Christmas Prince: The Royal Wedding,Movie,2018,2018.0,John Schultz
s4353,Angela's Christmas,Movie,2018,2018.0,Damien O’Connor
s4355,El club de los insomnes,Movie,2018,2018.0,Joseduardo Giordano
s4355,El club de los insomnes,Movie,2018,2018.0,Sergio Goyri Jr.
s4356,Happy as Lazzaro,Movie,2018,2018.0,Alice Rohrwacher
s4358,Manto,Movie,2018,2018.0,Nandita Das
s4359,Rajma Chawal,Movie,2018,2018.0,Leena Yadav
s4361,The World Is Yours,Movie,2018,2018.0,Romain Gavras
s4362,Time Share,Movie,2018,2018.0,Sebastián Hofmann
s4365,My Little Pony Friendship Is Magic: Best Gift Ever,Movie,2018,2018.0,Denny Lu
s4365,My Little Pony Friendship Is Magic: Best Gift Ever,Movie,2018,2018.0,Mike Myhre
s4370,The Christmas Chronicles,Movie,2018,2018.0,Clay Kaytis
s4371,The Tribe,Movie,2018,2018.0,Fernando Colomo
s4374,Puppy Star Christmas,Movie,2018,2018.0,Robert Vince
s4375,Sabrina,Movie,2018,2018.0,Rocky Soraya
s4376,Target,Movie,2018,2018.0,Raditya Dika
s4378,Trevor Noah: Son of Patricia,Movie,2018,2018.0,David Paul Meyer
s4379,The Pixar Story,Movie,2007,2018.0,Leslie Iwerks
s4383,Cam,Movie,2018,2018.0,Daniel Goldhaber
s4384,Nothing to Hide,Movie,2018,2018.0,Fred Cavayé
s4386,The Ballad of Buster Scruggs,Movie,2018,2018.0,Joel Coen
s4386,The Ballad of Buster Scruggs,Movie,2018,2018.0,Ethan Coen
s4389,Aalorukkam,Movie,2018,2018.0,V C Abhilash
s4391,Christmas Wedding Planner,Movie,2017,2018.0,Justin G. Dyck
s4392,Halkaa,Movie,2018,2018.0,Nila Madhab Panda
s4393,May the Devil Take You,Movie,2018,2018.0,Timo Tjahjanto
s4394,Muzaffarnagar Baaqi Hai,Movie,2015,2018.0,Nakul Singh Sawhney
s4395,Odu Raja Odu,Movie,2018,2018.0,Nishanth Ravindaran
s4395,Odu Raja Odu,Movie,2018,2018.0,Jathin Sanker Raj
s4396,Savita Damodar Paranjpe,Movie,2018,2018.0,Swapna Waghmare Joshi
s4397,The Giant,Movie,2017,2018.0,Aitor Arregi
s4397,The Giant,Movie,2017,2018.0,Jon Garaño
s4398,BuyBust,Movie,2018,2018.0,Erik Matti
s4399,Loudon Wainwright III: Surviving Twin,Movie,2018,2018.0,Christopher Guest
s4402,"All's Well, End's Well (2009)",Movie,2009,2018.0,Vincent Kok
s4403,Lommbock,Movie,2017,2018.0,Christian Zübert
s4405,Outlaw King,Movie,2018,2018.0,David Mackenzie
s4412,Bucket List,Movie,2018,2018.0,Tejas Prabha Vijay Deoskar
s4415,Ana e Vitória,Movie,2018,2018.0,Matheus Souza
s4417,ReMastered: Tricky Dick & The Man in Black,Movie,2018,2018.0,Sara Dosa
s4418,The Holiday Calendar,Movie,2018,2018.0,Bradley Walsh
s4419,The Other Side of the Wind,Movie,2018,2018.0,Orson Welles
s4420,They’ll Love Me When I’m Dead,Movie,2018,2018.0,Morgan Neville
s4421,Aagey Se Right,Movie,2009,2018.0,Indrajit Nattoji
s4422,Aamir,Movie,2008,2018.0,Raj Kumar Gupta
s4423,ABCD 2,Movie,2015,2018.0,Remo D'Souza
s4424,ABCD: Any Body Can Dance,Movie,2013,2018.0,Remo D'Souza
s4425,Arjun: The Warrior Prince,Movie,2011,2018.0,Arnab Chaudhuri
s4426,Asees,Movie,2018,2018.0,Rana Ranbir
s4427,Barfi!,Movie,2012,2018.0,Anurag Basu
s4428,Chance Pe Dance,Movie,2010,2018.0,Ken Ghosh
s4429,Christmas With A View,Movie,2018,2018.0,Justin G. Dyck
s4430,Chup Chup Ke,Movie,2006,2018.0,Priyadarshan
s4430,Chup Chup Ke,Movie,2006,2018.0,Kookie V. Gulati
s4432,Dhan Dhana Dhan Goal,Movie,2007,2018.0,Vivek Agnihotri
s4433,Dhoondte Reh Jaoge,Movie,2009,2018.0,Umesh Shukla
s4434,Do Dooni Chaar,Movie,2010,2018.0,Habib Faisal
s4435,Edge of Fear,Movie,2018,2018.0,Bobby Roth
s4436,"Edmilson Filho: Notas, Comedy about Relationships",Movie,2017,2018.0,Halder Gomes
s4438,Gaddar: the Traitor,Movie,2015,2018.0,Amitoj Mann
s4439,Ghanchakkar,Movie,2013,2018.0,Raj Kumar Gupta
s4440,Grandmaster,Movie,2012,2018.0,B. Unnikrishnan
s4441,Hattrick,Movie,2007,2018.0,Milan Luthria
s4442,Heroine,Movie,2012,2018.0,Madhur Bhandarkar
s4443,Himmatwala,Movie,2013,2018.0,Sajid Khan
s4444,Husbands in Goa,Movie,2012,2018.0,Saji Surendran
s4445,Jatts in Golmaal,Movie,2013,2018.0,Ksshitij Chaudhary
s4446,Kai Po Che!,Movie,2013,2018.0,Abhishek Kapoor
s4447,Kalakalappu,Movie,2012,2018.0,Sundar C.
s4448,Katt Williams: The Pimp Chronicles: Pt. 1,Movie,2006,2018.0,Gary Binkow
s4449,Katti Batti,Movie,2015,2018.0,Nikhil Advani
s4450,Life in a ... Metro,Movie,2007,2018.0,Anurag Basu
s4451,Marc Maron: Thinky Pain,Movie,2013,2018.0,Lance Bangs
s4452,Mumbai Meri Jaan,Movie,2008,2018.0,Nishikant Kamat
s4453,Mundeyan Ton Bachke Rahin,Movie,2014,2018.0,Navinder Pal Singh
s4454,No One Killed Jessica,Movie,2011,2018.0,Raj Kumar Gupta
s4455,Oye Lucky! Lucky Oye!,Movie,2008,2018.0,Dibakar Banerjee
s4456,Paan Singh Tomar,Movie,2010,2018.0,Tigmanshu Dhulia
s4457,Raja Natwarlal,Movie,2014,2018.0,Kunal Deshmukh
s4458,Satyagraha,Movie,2013,2018.0,Prakash Jha
s4459,Settai,Movie,2013,2018.0,R. Kannan
s4460,Sigaram Thodu,Movie,2014,2018.0,Gaurav Narayanan
s4461,Sommore: The Reign Continues,Movie,2015,2018.0,Kevin Layne
s4463,The Untold Tales of Armistead Maupin,Movie,2017,2018.0,Jennifer M. Kroot
s4464,Vaya,Movie,2016,2018.0,Akin Omotoso
s4465,Welcome to Sajjanpur,Movie,2008,2018.0,Shyam Benegal
s4467,Zokkomon,Movie,2011,2018.0,Satyajit Bhatkal
s4468,Gun City,Movie,2018,2018.0,Dani de la Torre
s4469,Heneral Luna,Movie,2015,2018.0,Jerrold Tarog
s4471,Dragon Tiger Gate,Movie,2006,2018.0,Wilson Yip
s4472,Been So Long,Movie,2018,2018.0,Tinge Krishnan
s4473,Dovlatov,Movie,2018,2018.0,Aleksey German
s4474,Jefe,Movie,2018,2018.0,Sergio Barrejón
s4476,Shirkers,Movie,2018,2018.0,Sandi Tan
s4478,W/O Ram,Movie,2018,2018.0,Vijay Yelakanti
s4481,Ronnie Coleman: The King,Movie,2018,2018.0,Vlad Yudin
s4482,Baahubali: The Beginning (English Version),Movie,2015,2018.0,S.S. Rajamouli
s4483,ADAM SANDLER 100% FRESH,Movie,2018,2018.0,Steve Brill
s4485,Scorpion King 5: Book of Souls,Movie,2018,2018.0,Don Michael Paul
s4487,How to Get Over a Breakup,Movie,2018,2018.0,Joanna Lombardi
s4487,How to Get Over a Breakup,Movie,2018,2018.0,Bruno Ascenzo
s4491,"Club de Cuervos Presents: I, Potro",Movie,2018,2018.0,Marcos Bucay
s4493,Gnome Alone,Movie,2018,2018.0,Peter Lepeniotis
s4494,Illang: The Wolf Brigade,Movie,2018,2018.0,Kim Jee-woon
s4497,Naa Bangaaru Talli,Movie,2013,2018.0,Rajesh Touchriver
s4500,S Storm,Movie,2016,2018.0,David Lam
s4501,The Night Comes for Us,Movie,2018,2018.0,Timo Tjahjanto
s4503,Mr. Chandramouli,Movie,2018,2018.0,Thiru
s4506,"Ron White: If You Quit Listening, I'll Shut Up",Movie,2018,2018.0,Tom Forrest
s4507,Meghnadbodh Rohoshyo,Movie,2017,2018.0,Anik Datta
s4508,Sanju,Movie,2018,2018.0,Rajkumar Hirani
s4510,Soorma,Movie,2018,2018.0,Shaad Ali
s4511,Apostle,Movie,2018,2018.0,Gareth Evans
s4513,Errementari: The Blacksmith and the Devil,Movie,2018,2018.0,Paul Urkijo Alijo
s4514,Feminists: What Were They Thinking?,Movie,2018,2018.0,Johanna Demetrakas
s4515,FIGHTWORLD,TV Show,2018,2018.0,Padraic McKinley
s4516,Kuntilanak,Movie,2018,2018.0,Rizal Mantovani
s4517,ReMastered: Who Shot the Sheriff,Movie,2018,2018.0,Kief Davidson
s4520,The Kindergarten Teacher,Movie,2018,2018.0,Sara Colangelo
s4523,22 July,Movie,2018,2018.0,Paul Greengrass
s4525,Tales From the Hood 2,Movie,2018,2018.0,Rusty Cundieff
s4525,Tales From the Hood 2,Movie,2018,2018.0,Darin Scott
s4526,Mo Amer: The Vagabond,Movie,2018,2018.0,Stan Lathan
s4527,Pulang,Movie,2018,2018.0,Kabir Bhatia
s4529,Seven in Heaven,Movie,2018,2018.0,Chris Eigeman
s4533,Malevolent,Movie,2018,2018.0,Olaf de Fleur
s4534,Private Life,Movie,2018,2018.0,Tamara Jenkins
s4538,The Black Prince,Movie,2017,2018.0,Kavi Raz
s4539,Truth or Dare,Movie,2017,2018.0,Nick Simon
s4540,Death Race: Beyond Anarchy,Movie,2017,2018.0,Don Michael Paul
s4541,Eric ldle's What About Dick?,Movie,2012,2018.0,Eric Idle
s4541,Eric ldle's What About Dick?,Movie,2012,2018.0,Aubrey Powell
s4542,Joe Rogan: Strange Times,Movie,2018,2018.0,Anthony Giordano
s4544,Monty Python Conquers America,Movie,2008,2018.0,Will Yapp
s4545,"Monty Python Live (Mostly): One Down, Five to Go",Movie,2014,2018.0,Eric Idle
s4546,Monty Python: Before the Flying Circus,Movie,2000,2018.0,Will Yapp
s4548,Monty Python: Live at The Hollywood Bowl,Movie,1982,2018.0,Terry Hughes
s4548,Monty Python: Live at The Hollywood Bowl,Movie,1982,2018.0,Ian MacNaughton
s4549,Monty Python: The Meaning of Live,Movie,2014,2018.0,Roger Graef
s4549,Monty Python: The Meaning of Live,Movie,2014,2018.0,James Rogan
s4553,Monty Python's Life of Brian,Movie,1979,2018.0,Terry Jones
s4555,Parrot Sketch Not Included: Twenty Years of Monty Python,Movie,1989,2018.0,Ian MacNaughton
s4556,The Meaning of Monty Python,Movie,2013,2018.0,Albert Sharpe
s4557,25 Kille,Movie,2016,2018.0,Simranjit Singh Hundal
s4558,A Witches' Ball,Movie,2017,2018.0,Justin G. Dyck
s4559,Agyaat,Movie,2009,2018.0,Ram Gopal Varma
s4560,Anjaan,Movie,2014,2018.0,N. Linguswamy
s4561,Bathinda Express,Movie,2016,2018.0,Deep Joshi
s4562,Delhi 6,Movie,2009,2018.0,Rakeysh Omprakash Mehra
s4563,Dev.D,Movie,2009,2018.0,Anurag Kashyap
s4564,Dil Vil Pyaar Vyaar,Movie,2014,2018.0,Manjeet Maan
s4565,Dushman,Movie,2017,2018.0,Shagufta Rafique
s4566,Ek Main Aur Ekk Tu,Movie,2012,2018.0,Shakun Batra
s4567,Freedom at Midnight,Movie,2018,2018.0,Tinu Pappachan
s4568,Haani,Movie,2013,2018.0,Amitoj Mann
s4569,Happy Go Lucky,Movie,2014,2018.0,Amarpreet G S Chabbra
s4570,Harishchandrachi Factory,Movie,2009,2018.0,Paresh Mokashi
s4572,Jagga Jasoos,Movie,2017,2018.0,Anurag Basu
s4573,Jatt James Bond,Movie,2014,2018.0,Rohit Jugraj
s4574,Jodhaa Akbar,Movie,2008,2018.0,Ashutosh Gowariker
s4575,Judge Singh LLB,Movie,2015,2018.0,Atharv Baluja
s4576,Kaminey,Movie,2009,2018.0,Vishal Bhardwaj
s4577,Khido Khundi,Movie,2018,2018.0,Rohit Jugraj
s4578,Khoobsurat,Movie,2014,2018.0,Shashanka Ghosh
s4579,Kisaan,Movie,2009,2018.0,Puneet Sira
s4580,Kismat Konnection,Movie,2008,2018.0,Aziz Mirza
s4581,Kurbaan,Movie,2009,2018.0,Renzil D'Silva
s4582,Lock,Movie,2016,2018.0,Smeep Kang
s4583,Luv Shuv Tey Chicken Khurana,Movie,2012,2018.0,Sameer Sharma
s4584,"Main, Meri Patni Aur Woh",Movie,2005,2018.0,Chandan Arora
s4585,Manje Bistre,Movie,2017,2018.0,Baljit Singh Deo
s4586,Motor Mitraan Di,Movie,2016,2018.0,Amitoj Mann
s4587,Mugamoodi,Movie,2012,2018.0,Mysskin
s4588,Muran,Movie,2011,2018.0,Rajan Madhav
s4589,My Friend Pinto,Movie,2011,2018.0,Raaghav Dar
s4590,My Little Pony Equestria Girls: Forgotten Friendship,Movie,2018,2018.0,Ishi Rudell
s4591,My Little Pony Equestria Girls: Rollercoaster of Friendship,Movie,2018,2018.0,Ishi Rudell
s4592,My Suicide,Movie,2009,2018.0,David Lee Miller
s4593,Naan Sigappu Manithan,Movie,2014,2018.0,Thiru
s4594,Nasha,Movie,2013,2018.0,Amit Saxena
s4595,Naughty Jatts,Movie,2013,2018.0,Pankaj Batra
s4596,Needhi Singh,Movie,2016,2018.0,Jaivi Dhanda
s4597,Peace Haven,Movie,2016,2018.0,Suman Ghosh
s4598,Phantom,Movie,2015,2018.0,Kabir Khan
s4599,Pizza,Movie,2014,2018.0,Akshay Akkineni
s4600,Pooja Kiven Aa,Movie,2013,2018.0,Nidhi Sharma
s4601,Race,Movie,2008,2018.0,Mastan Alibhai Burmawalla
s4601,Race,Movie,2008,2018.0,Abbas Alibhai Burmawalla
s4602,Race 2,Movie,2013,2018.0,Abbas Alibhai Burmawalla
s4602,Race 2,Movie,2013,2018.0,Mastan Alibhai Burmawalla
s4603,Saadey CM Saab,Movie,2015,2018.0,Vipin Parashar
s4604,Sat Shri Akaal England,Movie,2017,2018.0,Vikram Pradhan
s4606,Thaandavam,Movie,2012,2018.0,Vijay
s4607,The Birth Reborn,Movie,2018,2018.0,Eduardo Chauvet
s4608,Theeya Velai Seyyanum Kumaru,Movie,2013,2018.0,Sundar C.
s4610,Tiger,Movie,2016,2018.0,Sartaj Singh Pannu
s4611,Udaan,Movie,2010,2018.0,Vikramaditya Motwane
s4612,Vettai,Movie,2012,2018.0,N. Linguswamy
s4613,Wake Up Sid,Movie,2009,2018.0,Ayaan Mukherji
s4614,We Are Family,Movie,2010,2018.0,Sidharth Malhotra
s4615,What the Jatt!!,Movie,2015,2018.0,Saket Behl
s4616,Zindagi Kitni Haseen Hay,Movie,2016,2018.0,Anjum Shahzad
s4617,Big Miracle,Movie,2012,2018.0,Ken Kwapis
s4618,Paradise Lost,Movie,2018,2018.0,Monique Gardenberg
s4619,Animal World,Movie,2018,2018.0,Han Yan
s4620,Hold the Dark,Movie,2018,2018.0,Jeremy Saulnier
s4621,Lessons from a School Shooting: Notes from Dunblane,Movie,2018,2018.0,Kim A. Snyder
s4625,The 3rd Eye,Movie,2018,2018.0,Rocky Soraya
s4626,Two Catalonias,Movie,2018,2018.0,Álvaro Longoria
s4626,Two Catalonias,Movie,2018,2018.0,Gerardo Olivares
s4627,In Darkness,Movie,2018,2018.0,Anthony Byrne
s4631,Quincy,Movie,2018,2018.0,Rashida Jones
s4631,Quincy,Movie,2018,2018.0,Alan Hicks
s4642,The Angel,Movie,2018,2018.0,Ariel Vromen
s4643,The Land of Steady Habits,Movie,2018,2018.0,Nicole Holofcener
s4647,On My Skin,Movie,2018,2018.0,Alessio Cremonini
s4650,The Resistance Banker,Movie,2018,2018.0,Joram Lürsen
s4654,City of Joy,Movie,2018,2018.0,Madeleine Gavin
s4657,Next Gen,Movie,2018,2018.0,Kevin R. Adams
s4657,Next Gen,Movie,2018,2018.0,Joe Ksander
s4658,Sierra Burgess Is A Loser,Movie,2018,2018.0,Ian Samuels
s4660,The Most Assassinated Woman in the World,Movie,2018,2018.0,Franck Ribière
s4661,PK,Movie,2014,2018.0,Rajkumar Hirani
s4662,The Debt Collector,Movie,2018,2018.0,Jesse V. Johnson
s4665,Age of Rebellion,TV Show,2018,2018.0,Peter Ho
s4666,Carbon,Movie,2017,2018.0,Olivier Marchal
s4667,Garbage,Movie,2018,2018.0,Qaushiq Mukherjee
s4668,​​Kuch Bheege Alfaaz,Movie,2018,2018.0,Onir
s4669,Love and Shukla,Movie,2017,2018.0,Jatla Siddartha
s4670,Once Again,Movie,2018,2018.0,Kanwal Sethi
s4672,Sparring,Movie,2017,2018.0,Samuel Jouy
s4676,The Laws of Thermodynamics,Movie,2018,2018.0,Mateo Gil
s4680,Naam Shabana,Movie,2017,2018.0,Shivam Nair
s4681,Qarib Qarib Singlle,Movie,2017,2018.0,Tanuja Chandra
s4682,Spyder,Movie,2017,2018.0,A.R. Murugadoss
s4684,Maria Bamford: The Special Special Special,Movie,2012,2018.0,Jordan Brady
s4685,Bert Kreischer: Secret Time,Movie,2018,2018.0,Todd Biermann
s4686,GHOUL,TV Show,2018,2018.0,Patrick Graham
s4687,One Last Shot,Movie,1998,2018.0,Mike Clattenburg
s4688,Take My Brother Away,TV Show,2018,2018.0,Han Qing
s4689,The After Party,Movie,2018,2018.0,Ian Edelman
s4691,Bareilly Ki Barfi,Movie,2017,2018.0,Ashwiny Iyer Tiwari
s4692,Mersal,Movie,2017,2018.0,Atlee Kumar
s4693,Mom,Movie,2017,2018.0,Ravi Udyawar
s4694,Pad Man,Movie,2018,2018.0,R. Balki
s4695,Toilet: Ek Prem Katha,Movie,2017,2018.0,Shree Narayan Singh
s4698,The Motive,Movie,2017,2018.0,Manuel Martín Cuenca
s4699,To All the Boys I’ve Loved Before,Movie,2018,2018.0,Susan Johnson
s4700,Yoo Byung Jae: Discomfort Zone,Movie,2018,2018.0,Y. Joon Chung
s4701,Bhavesh Joshi Superhero,Movie,2018,2018.0,Vikramaditya Motwane
s4702,For Here or to Go?,Movie,2015,2018.0,Rucha Humnabadkar
s4706,The Guernsey Literary and Potato Peel Pie Society,Movie,2018,2018.0,Mike Newell
s4707,The Package,Movie,2018,2018.0,Jake Szymanski
s4708,Zion,Movie,2018,2018.0,Floyd Russ
s4709,Perdida,Movie,2018,2018.0,Alejandro Montiel
s4713,2 States,Movie,2014,2018.0,Abhishek Varman
s4714,Baaghi,Movie,2016,2018.0,Sabir Khan
s4715,Brij Mohan Amar Rahe,Movie,2018,2018.0,Nikhil Nagesh Bhat
s4716,Flavors of Youth: International Version,Movie,2018,2018.0,Xiaoxing Yi
s4716,Flavors of Youth: International Version,Movie,2018,2018.0,Yoshitaka Takeuchi
s4716,Flavors of Youth: International Version,Movie,2018,2018.0,Haoling Li
s4719,Like Father,Movie,2018,2018.0,Lauren Miller Rogen
s4720,7 Khoon Maaf,Movie,2011,2018.0,Vishal Bhardwaj
s4721,Chillar Party,Movie,2011,2018.0,Vikas Bahl
s4721,Chillar Party,Movie,2011,2018.0,Nitesh Tiwari
s4722,Fashion,Movie,2008,2018.0,Madhur Bhandarkar
s4723,Fitoor,Movie,2016,2018.0,Abhishek Kapoor
s4724,Fiza,Movie,2000,2018.0,Khalid Mohamed
s4725,Guzaarish,Movie,2010,2018.0,Sanjay Leela Bhansali
s4726,Haider,Movie,2014,2018.0,Vishal Bhardwaj
s4727,Highway,Movie,2014,2018.0,Imtiaz Ali
s4728,I Hate Luv Storys,Movie,2010,2018.0,Punit Malhotra
s4729,Joker,Movie,2012,2018.0,Shirish Kunder
s4730,Main aurr Mrs. Khanna,Movie,2009,2018.0,Prem Soni
s4731,Mohenjo Daro,Movie,2016,2018.0,Ashutosh Gowariker
s4732,Raajneeti,Movie,2010,2018.0,Prakash Jha
s4733,Rang De Basanti,Movie,2006,2018.0,Rakeysh Omprakash Mehra
s4734,Rowdy Rathore,Movie,2012,2018.0,Prabhu Deva
s4735,Tamasha,Movie,2015,2018.0,Imtiaz Ali
s4736,Tere Naal Love Ho Gaya,Movie,2012,2018.0,Mandeep Kumar
s4737,Thank You,Movie,2011,2018.0,Anees Bazmee
s4738,The Blue Umbrella,Movie,2005,2018.0,Vishal Bhardwaj
s4740,Being Napoleon,Movie,2018,2018.0,Jesse Handsher
s4740,Being Napoleon,Movie,2018,2018.0,Olivier Roland
s4741,Invisible,Movie,2017,2018.0,Pablo Giorgelli
s4746,Da Kath & Kim Code,Movie,2005,2018.0,Ted Emery
s4747,Kath & Kimderella,Movie,2012,2018.0,Ted Emery
s4749,The Mansion,Movie,2017,2018.0,Tony Datis
s4750,Coco y Raulito: Carrusel de ternura,Movie,2018,2018.0,Raúl Campos
s4750,Coco y Raulito: Carrusel de ternura,Movie,2018,2018.0,Jan Suter
s4752,Extinction,Movie,2018,2018.0,Ben Young
s4754,The Bleeding Edge,Movie,2018,2018.0,Kirby Dick
s4756,Parmanu: The Story of Pokhran,Movie,2018,2018.0,Abhishek Sharma
s4757,Iliza Shlesinger: Elder Millennial,Movie,2018,2018.0,Steve Paley
s4758,The Warning,Movie,2018,2018.0,Daniel Calparsoro
s4761,Duck Duck Goose,Movie,2018,2018.0,Chris Jenkins
s4766,Nothing to Lose,Movie,2018,2018.0,Alexandre Avancini
s4769,Camarón: The Film,Movie,2018,2018.0,Alexis Morante
s4770,GODZILLA City on the Edge of Battle,Movie,2018,2018.0,Kobun Shizuno
s4770,GODZILLA City on the Edge of Battle,Movie,2018,2018.0,Hiroyuki Seshita
s4771,Going for Gold,Movie,2018,2018.0,Clay Glen
s4774,How It Ends,Movie,2018,2018.0,David M. Rosenthal
s4775,Jim Jefferies: This Is Me Now,Movie,2018,2018.0,Scott Zabielski
s4776,Romina,Movie,2018,2018.0,Diego Cohen
s4780,Mr. Sunshine,TV Show,2018,2018.0,Lee Eung-bok
s4782,Luciano Mellera: Infantiloide,Movie,2018,2018.0,Raúl Campos
s4782,Luciano Mellera: Infantiloide,Movie,2018,2018.0,Jan Suter
s4783,The Legacy of a Whitetail Deer Hunter,Movie,2018,2018.0,Jody Hill
s4784,The Skin of the Wolf,Movie,2018,2018.0,Samu Fuentes
s4785,White Fang,Movie,2018,2018.0,Alexandre Espigares
s4786,Sommore: Chandelier Status,Movie,2013,2018.0,Kevin Layne
s4787,Felipe Esparza: They're Not Going to Laugh at You,Movie,2012,2018.0,Scott L. Montoya
s4788,Joan Rivers: Don't Start with Me,Movie,2012,2018.0,Scott L. Montoya
s4789,Katt Williams: Kattpacalypse,Movie,2012,2018.0,Marcus Raboy
s4790,King of Peking,Movie,2018,2018.0,Sam Voutas
s4791,Anthony Kaun Hai?,Movie,2006,2018.0,Raj Kaushal
s4792,Bo Burnham: what.,Movie,2013,2018.0,Bo Burnham
s4792,Bo Burnham: what.,Movie,2013,2018.0,Christopher Storer
s4793,Chalte Chalte,Movie,2003,2018.0,Aziz Mirza
s4794,Deewana Main Deewana,Movie,2013,2018.0,K.C. Bokadia
s4795,Duck Butter,Movie,2018,2018.0,Miguel Arteta
s4796,I Am Kalam,Movie,2010,2018.0,Nila Madhab Panda
s4797,My Birthday Song,Movie,2018,2018.0,Samir Soni
s4798,Namastey London,Movie,2007,2018.0,Vipul Amrutlal Shah
s4800,Soul Robbers,Movie,2015,2018.0,Juan Antonio de la Riva
s4801,Tum Milo Toh Sahi,Movie,2010,2018.0,Kabir Sadanand
s4802,What We Started,Movie,2017,2018.0,Bert Marcus
s4802,What We Started,Movie,2017,2018.0,Cyrus Saidi
s4803,Zoo,Movie,2018,2018.0,Shlok Sharma
s4804,Bill Burr: You People Are All the Same,Movie,2012,2018.0,Jay Karas
s4806,The Maus,Movie,2017,2018.0,Yayo Herrero
s4807,Calibre,Movie,2018,2018.0,Matt Palmer
s4809,Jani Dueñas: Grandes fracasos de ayer y hoy,Movie,2018,2018.0,Raúl Campos
s4809,Jani Dueñas: Grandes fracasos de ayer y hoy,Movie,2018,2018.0,Jan Suter
s4811,Penalty Kick,Movie,2018,2018.0,Rodrigo Triana
s4812,Recovery Boys,Movie,2018,2018.0,Elaine McMillion Sheldon
s4813,TAU,Movie,2018,2018.0,Federico D'Alessandro
s4815,W. Kamau Bell: Private School Negro,Movie,2018,2018.0,Shannon Hartman
s4817,Expelled from Paradise,Movie,2014,2018.0,Seiji Mizushima
s4818,"To Each, Her Own",Movie,2018,2018.0,Myriam Aziza
s4820,Brain on Fire,Movie,2016,2018.0,Gerard Barrett
s4823,Us and Them,Movie,2018,2018.0,Rene Liu
s4824,Hannah Gadsby: Nanette,Movie,2018,2018.0,Madeleine Parry
s4824,Hannah Gadsby: Nanette,Movie,2018,2018.0,Jon Olb
s4826,Lust Stories,Movie,2018,2018.0,Zoya Akhtar
s4826,Lust Stories,Movie,2018,2018.0,Karan Johar
s4826,Lust Stories,Movie,2018,2018.0,Anurag Kashyap
s4826,Lust Stories,Movie,2018,2018.0,Dibakar Banerjee
s4827,Maktub,Movie,2018,2018.0,Oded Raz
s4828,Pacificum: Return to the Ocean,Movie,2017,2018.0,Mariana Tschudi
s4828,Pacificum: Return to the Ocean,Movie,2017,2018.0,Héctor Gálvez
s4829,Set It Up,Movie,2018,2018.0,Claire Scanlon
s4830,Sunday's Illness,Movie,2017,2018.0,Ramón Salazar
s4831,The last hour,Movie,2017,2018.0,Eduardo Mendoza de Echave
s4834,Alex Strangelove,Movie,2018,2018.0,Craig Johnson
s4835,Ali's Wedding,Movie,2018,2018.0,Jeffrey Walker
s4836,Franco Escamilla: Por la anécdota,Movie,2018,2018.0,Ulises Valencia
s4840,B.A. Pass 2,Movie,2017,2018.0,Shadab Khan
s4841,Bad Genius,Movie,2017,2018.0,Nattawut Poonpiriya
s4843,Outside In,Movie,2018,2018.0,Lynn Shelton
s4844,Pedal the World,Movie,2015,2018.0,Felix Starck
s4848,Sara's Notebook,Movie,2018,2018.0,Norberto López Amado
s4850,Fernando Sanjiao: Hombre,Movie,2018,2018.0,Raúl Campos
s4850,Fernando Sanjiao: Hombre,Movie,2018,2018.0,Jan Suter
s4851,Ibiza,Movie,2018,2018.0,Alex Richanbach
s4852,Steve Martin and Martin Short: An Evening You Will Forget for the Rest of Your Life,Movie,2018,2018.0,Marcus Raboy
s4855,Tig Notaro Happy To Be Here,Movie,2018,2018.0,Tig Notaro
s4856,Catching Feelings,Movie,2018,2018.0,Kagiso Lediga
s4859,Katt Williams: American Hustle (The Movie),Movie,2007,2018.0,Brit McAdams
s4860,Food on the Go,Movie,2017,2018.0,Mercedes Cordova
s4861,Aiyaary,Movie,2018,2018.0,Neeraj Pandey
s4862,Lupin the 3rd: The Castle of Cagliostro: Special Edition,Movie,1979,2018.0,Hayao Miyazaki
s4864,Ali Wong: Hard Knock Wife,Movie,2018,2018.0,Jay Karas
s4865,Spivak,Movie,2017,2018.0,Anthony Abrams
s4865,Spivak,Movie,2017,2018.0,Adam Larson Broder
s4867,Carlos Ballarta: Furia Ñera,Movie,2018,2018.0,Raúl Campos
s4867,Carlos Ballarta: Furia Ñera,Movie,2018,2018.0,Jan Suter
s4868,Evil Genius,TV Show,2018,2018.0,Trey Borzillieri
s4868,Evil Genius,TV Show,2018,2018.0,Barbara Schroeder
s4869,The Kissing Booth,Movie,2018,2018.0,Vince Marcello
s4871,Hari Kondabolu: Warn Your Relatives,Movie,2018,2018.0,Bobcat Goldthwait
s4872,My Fuhrer,Movie,2007,2018.0,Dani Levy
s4873,Family Blood,Movie,2018,2018.0,Sonny Mallhi
s4874,Pup Star: World Tour,Movie,2018,2018.0,Robert Vince
s4876,Anon,Movie,2018,2018.0,Andrew Niccol
s4877,Dany Boon: Des Hauts De France,Movie,2018,2018.0,Isabelle Nanty
s4878,End Game,Movie,2018,2018.0,Rob Epstein
s4878,End Game,Movie,2018,2018.0,Jeffrey Friedman
s4879,Forgive Us Our Debts,Movie,2018,2018.0,Antonio Morabito
s4881,Lo más sencillo es complicarlo todo,Movie,2018,2018.0,Rene Bueno
s4882,Manhunt,Movie,2017,2018.0,John Woo
s4883,Thi Mai,Movie,2017,2018.0,Patricia Ferreira
s4884,Si saben cómo me pongo ¿pá qué me invitan?,Movie,2018,2018.0,Fernando Ayllón
s4885,Jailbreak,Movie,2017,2018.0,Jimmy Henderson
s4886,Ajji,Movie,2017,2018.0,Devashish Makhija
s4887,CIA: Comrade in America,Movie,2017,2018.0,Amal Neerad
s4888,Coffee for All,Movie,2017,2018.0,Fluvio Iannuci
s4888,Coffee for All,Movie,2017,2018.0,Roly Santos
s4889,Darc,Movie,2018,2018.0,Julius R. Nasso
s4890,Despido Procedente,Movie,2017,2018.0,Lucas Figueroa
s4891,John Mulaney: Kid Gorgeous at Radio City,Movie,2018,2018.0,Alex Timbers
s4892,My Perfect Romance,Movie,2018,2018.0,Justin G. Dyck
s4894,Pocoyo & The Space Circus,Movie,2008,2018.0,Alfonso Rodríguez
s4898,Pocoyo Special Sports,Movie,2016,2018.0,Guillermo Garcia
s4898,Pocoyo Special Sports,Movie,2016,2018.0,David Cantolla
s4900,Sometimes,Movie,2016,2018.0,Priyadarshan
s4902,The Clapper,Movie,2017,2018.0,Dito Montiel
s4903,Toc Toc,Movie,2017,2018.0,Vicente Villanueva
s4905,Running Shaadi,Movie,2017,2018.0,Amit Roy
s4906,The Price of Success,Movie,2017,2018.0,Teddy Lussi-Modeste
s4907,Bobby Kennedy for President,TV Show,2018,2018.0,Dawn Porter
s4908,Candy Jar,Movie,2018,2018.0,Ben Shelton
s4910,Holy Goalie,Movie,2017,2018.0,Curro Velázquez
s4912,The Rachel Divide,Movie,2018,2018.0,Laura Brownson
s4913,The Week Of,Movie,2018,2018.0,Robert Smigel
s4916,Enissa Amani: Ehrenwort,Movie,2018,2018.0,Max Amini
s4917,Bill Nye: Science Guy,Movie,2017,2018.0,Jason Sussberg
s4917,Bill Nye: Science Guy,Movie,2017,2018.0,David Alvarado
s4918,Fishtronaut: The Movie,Movie,2018,2018.0,Célia Catunda
s4918,Fishtronaut: The Movie,Movie,2018,2018.0,Kiko Mistrorigo
s4918,Fishtronaut: The Movie,Movie,2018,2018.0,Rodrigo Eba
s4919,Psychokinesis,Movie,2018,2018.0,Sang-ho Yeon
s4920,Kevin James: Never Don't Give Up,Movie,2018,2018.0,Andy Fickman
s4921,Dude,Movie,2018,2018.0,Olivia Milch
s4922,Kodachrome,Movie,2018,2018.0,Mark Raso
s4923,Mercury 13,Movie,2018,2018.0,David Sington
s4923,Mercury 13,Movie,2018,2018.0,Heather Walsh
s4924,All The Reasons To Forget,Movie,2017,2018.0,Pedro Coutinho
s4928,Beyond Skyline,Movie,2017,2018.0,Liam O'Donnell
s4929,Come Sunday,Movie,2018,2018.0,Joshua Marston
s4930,I Am not an Easy Man,Movie,2018,2018.0,Eleonore Pourriat
s4932,Pickpockets,Movie,2017,2018.0,Peter Webber
s4933,Greg Davies: You Magnificent Beast,Movie,2018,2018.0,Peter Orton
s4935,6 Balloons,Movie,2018,2018.0,Marja Lewis Ryan
s4936,Amateur,Movie,2018,2018.0,Ryan Koo
s4937,Orbiter 9,Movie,2017,2018.0,Hatem Khraiche
s4938,"Ram Dass, Going Home",Movie,2018,2018.0,Derek Peck
s4939,Seth Rogen's Hilarity for Charity,Movie,2018,2018.0,Ryan Polito
s4940,Sun Dogs,Movie,2017,2018.0,Jennifer Morrison
s4941,Todo lo que sería Lucas Lauriente,Movie,2018,2018.0,Raúl Campos
s4941,Todo lo que sería Lucas Lauriente,Movie,2018,2018.0,Jan Suter
s4944,Day of the Dead: Bloodline,Movie,2018,2018.0,Hèctor Hernández Vicens
s4945,Fary Is the New Black,Movie,2018,2018.0,Kader Aoun
s4946,Ittefaq,Movie,2017,2018.0,Abhay Chopra
s4948,A Sort of Family,Movie,2017,2018.0,Diego Lerman
s4949,Billu,Movie,2009,2018.0,Priyadarshan
s4951,John Mulaney: New in Town,Movie,2012,2018.0,Ryan Polito
s4953,Main Hoon Na,Movie,2004,2018.0,Farah Khan
s4954,Metro,Movie,2016,2018.0,Ananda Krishnan
s4955,Om Shanti Om,Movie,2007,2018.0,Farah Khan
s4956,Paheli,Movie,2005,2018.0,Amol Palekar
s4957,Phir Bhi Dil Hai Hindustani,Movie,2000,2018.0,Aziz Mirza
s4959,Revolt,Movie,2017,2018.0,Joe Miale
s4960,First Match,Movie,2018,2018.0,Olivia Newman
s4961,Happy Anniversary,Movie,2018,2018.0,Jared Stern
s4963,Sofía Niño de Rivera: Selección Natural,Movie,2018,2018.0,Raúl Campos
s4963,Sofía Niño de Rivera: Selección Natural,Movie,2018,2018.0,Jan Suter
s4964,The Titan,Movie,2018,2018.0,Lennart Ruff
s4966,Trailer Park Boys: Countdown to Liquor Day,Movie,2009,2018.0,Mike Clattenburg
s4967,Trailer Park Boys: The Movie,Movie,2006,2018.0,Mike Clattenburg
s4969,James Acaster: Repertoire,TV Show,2018,2018.0,Dan Lucchesi
s4970,Birdshot,Movie,2016,2018.0,Mikhail Red
s4971,"Game Over, Man!",Movie,2018,2018.0,Kyle Newacheck
s4972,Layla M.,Movie,2016,2018.0,Mijke de Jong
s4973,Paradox,Movie,2018,2018.0,Daryl Hannah
s4975,Roxanne Roxanne,Movie,2018,2018.0,Michael Larnell
s4976,Secret Superstar,Movie,2017,2018.0,Advait Chandan
s4978,Benji,Movie,2018,2018.0,Brandon Camp
s4980,Take Your Pills,Movie,2018,2018.0,Alison Klayman
s4982,Yoo Byung Jae: Too Much Information,Movie,2018,2018.0,Yoo Byung-jae
s4983,In This Corner of the World,Movie,2016,2018.0,Sunao Katabuchi
s4984,Jag älskar dig: En skilsmässokomedi,Movie,2016,2018.0,Johan Brisinger
s4987,The Art of Loving,Movie,2017,2018.0,Maria Sadowska
s4988,Steel Rain,Movie,2018,2018.0,Yang Woo-seok
s4990,Ricky Gervais: Humanity,Movie,2018,2018.0,John L. Spencer
s4991,Stretch Armstrong: The Breakout,Movie,2018,2018.0,Victor Cook
s4992,A.I.C.O.,TV Show,2018,2018.0,Kazuya Murata
s4994,The Outsider,Movie,2018,2018.0,Martin Zandvliet
s4996,Ladies First,Movie,2018,2018.0,Uraaz Bahl
s4997,Bullet Head,Movie,2017,2018.0,Paul Solet
s4997,Bullet Head,Movie,2017,2018.0,Rick Benattar
s4999,Gad Elmaleh: American Dream,Movie,2018,2018.0,Michael Simon
s5000,Expedition China,Movie,2017,2018.0,Ben Wallis
s5002,Malena Pichot: Estupidez compleja,Movie,2018,2018.0,Raúl Campos
s5002,Malena Pichot: Estupidez compleja,Movie,2018,2018.0,Jan Suter
s5003,Natalia Valdebenito: El especial,Movie,2018,2018.0,Raúl Campos
s5003,Natalia Valdebenito: El especial,Movie,2018,2018.0,Jan Suter
s5004,Ravenous,Movie,2017,2018.0,Robin Aubert
s5007,Battle Drone,Movie,2018,2018.0,Mitch Gould
s5008,Dil Se,Movie,1998,2018.0,Mani Ratnam
s5009,Guru,Movie,2007,2018.0,Mani Ratnam
s5010,Judwaa 2,Movie,2017,2018.0,David Dhawan
s5011,Love Beats Rhymes,Movie,2016,2018.0,RZA
s5012,Schubert In Love,Movie,2016,2018.0,Lars Büchel
s5013,Shubh Aarambh,Movie,2017,2018.0,Amit Barot
s5014,Something Huge,Movie,2017,2018.0,Carlo Padial
s5015,Swades,Movie,2004,2018.0,Ashutosh Gowariker
s5016,Swearnet Live,Movie,2014,2018.0,Mike Smith
s5016,Swearnet Live,Movie,2014,2018.0,John Paul Tremblay
s5016,Swearnet Live,Movie,2014,2018.0,Robb Wells
s5017,Trailer Park Boys Live at the North Pole,Movie,2014,2018.0,Mike Smith
s5017,Trailer Park Boys Live at the North Pole,Movie,2014,2018.0,John Paul Tremblay
s5017,Trailer Park Boys Live at the North Pole,Movie,2014,2018.0,Robb Wells
s5018,Trailer Park Boys Live In F**kin' Dublin,Movie,2014,2018.0,Mike Smith
s5018,Trailer Park Boys Live In F**kin' Dublin,Movie,2014,2018.0,John Paul Tremblay
s5018,Trailer Park Boys Live In F**kin' Dublin,Movie,2014,2018.0,Robb Wells
s5019,Trailer Park Boys: Say Goodnight to the Bad Guys,Movie,2008,2018.0,Mike Clattenburg
s5020,Trailer Park Boys: Xmas Special,Movie,2004,2018.0,Mike Clattenburg
s5021,Tu Hai Mera Sunday,Movie,2016,2018.0,Milind Dhaimade
s5022,Yuva,Movie,2004,2018.0,Mani Ratnam
s5023,반드시 잡는다,Movie,2017,2018.0,Hong-seon Kim
s5025,Marlon Wayans: Woke-ish,Movie,2018,2018.0,Marcus Raboy
s5026,Veronica,Movie,2017,2018.0,Paco Plaza
s5029,Mute,Movie,2018,2018.0,Duncan Jones
s5032,Forgotten,Movie,2017,2018.0,Hang-Jun Jang
s5034,FullMetal Alchemist,Movie,2017,2018.0,Fumihiko Sori
s5035,Agustín Aristarán: Soy Rada,Movie,2018,2018.0,Mariano Baez
s5038,Irreplaceable You,Movie,2018,2018.0,Stephanie Laing
s5040,Chris Rock: Tamborine,Movie,2018,2018.0,Bo Burnham
s5041,Love Per Square Foot,Movie,2018,2018.0,Anand Tiwari
s5042,Seeing Allred,Movie,2018,2018.0,Roberta Grossman
s5042,Seeing Allred,Movie,2018,2018.0,Sophie Sartain
s5043,The Ritual,Movie,2018,2018.0,David Bruckner
s5044,The Trader (Sovdagari),Movie,2018,2018.0,Tamta Gabrichidze
s5045,When We First Met,Movie,2018,2018.0,Ari Sandel
s5046,Fred Armisen: Standup For Drummers,Movie,2018,2018.0,Lance Bangs
s5048,The Cloverfield Paradox,Movie,2018,2018.0,Julius Onah
s5050,Kavin Jay: Everybody Calm Down!,Movie,2018,2018.0,Michael McKay
s5051,On Body and Soul,Movie,2017,2018.0,Ildiko Enyedi
s5052,The Bros,Movie,2017,2018.0,You-Jeong Chang
s5054,Newness,Movie,2017,2018.0,Drake Doremus
s5055,Under Arrest,TV Show,2016,2018.0,Dan Forrer
s5056,Expedition Happiness,Movie,2017,2018.0,Selima Taibi
s5057,Jerry Seinfeld: I'm Telling You for the Last Time,Movie,1998,2018.0,Marty Callner
s5059,Holy Camp!,Movie,2017,2018.0,Javier Ambrossi
s5059,Holy Camp!,Movie,2017,2018.0,Javier Calvo
s5060,A Futile and Stupid Gesture,Movie,2018,2018.0,David Wain
s5061,Fakkah Fuzz: Almost Banned,Movie,2018,2018.0,Michael McKay
s5063,Sebastián Marcelo Wainraich,Movie,2018,2018.0,Raúl Campos
s5063,Sebastián Marcelo Wainraich,Movie,2018,2018.0,Jan Suter
s5065,Acts of Vengeance,Movie,2017,2018.0,Isaac Florentine
s5067,Ricardo Quevedo: Hay gente así,Movie,2018,2018.0,Raúl Campos
s5067,Ricardo Quevedo: Hay gente así,Movie,2018,2018.0,Jan Suter
s5068,Todd Glass: Act Happy,Movie,2018,2018.0,Scott Moran
s5069,Countdown to Death: Pablo Escobar,Movie,2017,2018.0,Santiago Diaz
s5069,Countdown to Death: Pablo Escobar,Movie,2017,2018.0,Pablo Martin Farina
s5072,Harith Iskander: I Told You So,Movie,2018,2018.0,Michael McKay
s5073,Step Sisters,Movie,2018,2018.0,Charles Stone III
s5074,The Open House,Movie,2018,2018.0,Matt Angel
s5074,The Open House,Movie,2018,2018.0,Suzanne Coote
s5075,Bad Day for the Cut,Movie,2017,2018.0,Chris Baugh
s5077,Arango y Sanint: Ríase el show,Movie,2018,2018.0,Raúl Campos
s5077,Arango y Sanint: Ríase el show,Movie,2018,2018.0,Jan Suter
s5078,Godzilla,TV Show,2017,2018.0,Kobun Shizuno
s5078,Godzilla,TV Show,2017,2018.0,Hiroyuki Seshita
s5080,Alibaba Aur 40 Chor,Movie,1980,2018.0,Latif Faiziyev
s5080,Alibaba Aur 40 Chor,Movie,1980,2018.0,Umesh Mehra
s5081,Pyar Ke Do Pal,Movie,1986,2018.0,Rajiv Mehra
s5082,Rip Tide,Movie,2017,2018.0,Rhiannon Bannenberg
s5084,Milada,Movie,2017,2018.0,David Mrnka
s5085,The Polka King,Movie,2018,2018.0,Maya Forbes
s5086,The Reservoir Game,Movie,2017,2018.0,Choi Jin-seong
s5087,Tom Segura: Disgraceful,Movie,2018,2018.0,Jay Karas
s5089,The House Next Door,Movie,2017,2018.0,Milind Rau
s5092,Before I Wake,Movie,2016,2018.0,Mike Flanagan
s5093,Devilman Crybaby,TV Show,2018,2018.0,Masaaki Yuasa
s5094,Mustang Island,Movie,2017,2018.0,Craig Elrod
s5095,Eve's Apple,Movie,2017,2018.0,Jose Manuel Colón
s5097,Fullmetal Alchemist: Brotherhood,TV Show,2010,2018.0,Yasuhiro Irie
s5101,Dave Chappelle: Equanimity & The Bird Revelation,TV Show,2017,2017.0,Stan Lathan
s5102,Fun Mom Dinner,Movie,2017,2017.0,Alethea Jones
s5103,Goon: Last of the Enforcers,Movie,2016,2017.0,Jay Baruchel
s5105,The Climb,Movie,2017,2017.0,Ludovic Bernard
s5107,Bibi & Tina: Tohuwabohu Total,Movie,2017,2017.0,Detlev Buck
s5108,Mr. Roosevelt,Movie,2017,2017.0,Noël Wells
s5109,Todd Barry: Spicy Honey,Movie,2017,2017.0,Jay Chapman
s5111,Creep 2,Movie,2017,2017.0,Patrick Brice
s5112,Myths & Monsters,TV Show,2017,2017.0,Daniel Kontur
s5114,Bright,Movie,2017,2017.0,David Ayer
s5115,Desire,Movie,2017,2017.0,Diego Kaplan
s5116,48 Christmas Wishes,Movie,2017,2017.0,Marco Deufemia
s5116,48 Christmas Wishes,Movie,2017,2017.0,Justin G. Dyck
s5117,Jeremiah Tower: The Last Magnificent,Movie,2016,2017.0,Lydia Tenaglia
s5118,Russell Howard: Recalibrate,Movie,2017,2017.0,Peter Orton
s5122,Christmas Inheritance,Movie,2017,2017.0,Ernie Barbarash
s5123,Muramba,Movie,2017,2017.0,Varun Narvekar
s5124,Pottersville,Movie,2017,2017.0,Seth Henrikson
s5125,Seoul Searching,Movie,2015,2017.0,Benson Lee
s5128,Judd Apatow: The Return,Movie,2017,2017.0,Marcus Raboy
s5130,El Camino Christmas,Movie,2017,2017.0,David E. Talbert
s5131,Jaal,Movie,1986,2017.0,Umesh Mehra
s5132,Shikari,Movie,1991,2017.0,Latif Faiziyev
s5132,Shikari,Movie,1991,2017.0,Umesh Mehra
s5133,The Secret,Movie,2006,2017.0,Drew Heriot
s5134,Trolls Holiday Special,Movie,2017,2017.0,Joel Crawford
s5135,Craig Ferguson: Tickle Fight,Movie,2017,2017.0,Jay Chapman
s5136,Jab Harry Met Sejal,Movie,2017,2017.0,Imtiaz Ali
s5137,Temple,Movie,2017,2017.0,Michael Barrett
s5138,A StoryBots Christmas,Movie,2017,2017.0,Evan Spiridellis
s5138,A StoryBots Christmas,Movie,2017,2017.0,Jeff Gill
s5143,Monster Island,Movie,2017,2017.0,Leopoldo Aguilar
s5144,My Happy Family,Movie,2017,2017.0,Nana Ekvtimishvili
s5144,My Happy Family,Movie,2017,2017.0,Simon Gross
s5145,Oggy and the Cockroaches,TV Show,2017,2017.0,Olivier Jean-Marie
s5147,The Worthy,Movie,2016,2017.0,Ali F. Mostafa
s5149,Voyeur,Movie,2017,2017.0,Myles Kane
s5149,Voyeur,Movie,2017,2017.0,Josh Koury
s5152,Poster Boys,Movie,2017,2017.0,Shreyas Talpade
s5153,Cuba and the Cameraman,Movie,2017,2017.0,Jon Alpert
s5154,The Girl from the Song,Movie,2016,2017.0,Ibai Abad
s5157,Bright: The Music Videos,TV Show,2017,2017.0,David Ayer
s5159,Barbra: The Music ... The Mem'ries ... The Magic!,Movie,2017,2017.0,Barbra Streisand
s5159,Barbra: The Music ... The Mem'ries ... The Magic!,Movie,2017,2017.0,Jim Gable
s5161,Beat Bugs: All Together Now,Movie,2017,2017.0,Josh Wakely
s5162,Brian Regan: Nunchucks and Flamethrowers,Movie,2017,2017.0,Troy Miller
s5163,Saving Capitalism,Movie,2017,2017.0,Jacob Kornbluth
s5164,A Christmas Prince,Movie,2017,2017.0,Alex Zamm
s5165,"Jim & Andy: The Great Beyond - Featuring a Very Special, Contractually Obligated Mention of Tony Clifton",Movie,2017,2017.0,Chris Smith
s5168,Mudbound,Movie,2017,2017.0,Dee Rees
s5172,DeRay Davis: How to Act Black,Movie,2017,2017.0,Marcus Raboy
s5173,Bon Cop Bad Cop 2,Movie,2017,2017.0,Alain Desrochers
s5175,Glitter Force Doki Doki,TV Show,2017,2017.0,Go Koga
s5177,Mea Culpa,Movie,2017,2017.0,Raúl Campos
s5177,Mea Culpa,Movie,2017,2017.0,Jan Suter
s5178,The Killer,Movie,2017,2017.0,Marcelo Galvão
s5180,Jerry Seinfeld: Comedian,Movie,2002,2017.0,Christian Charles
s5182,The Journey Is the Destination,Movie,2016,2017.0,Bronwen Hughes
s5183,Let It Fall: Los Angeles 1982-1992,Movie,2017,2017.0,John Ridley
s5184,Mubarakan,Movie,2017,2017.0,Anees Bazmee
s5185,Akulah Balqis,TV Show,2015,2017.0,Pali Yahya
s5187,Bandie,Movie,1978,2017.0,Alo Sarkar
s5188,Getaway Plan,Movie,2016,2017.0,Iñaki Dorronsoro
s5189,Hajwala: The Missing Engine,Movie,2016,2017.0,Ali Bin Matar
s5189,Hajwala: The Missing Engine,Movie,2016,2017.0,Ibrahim Bin Mohamed
s5190,Pettersson and Findus 2,Movie,2016,2017.0,Ali Samadi Ahadi
s5191,The Bittersweet,Movie,2017,2017.0,D Ho
s5197,Judah Friedlander: America Is the Greatest Country in the United States,Movie,2017,2017.0,Judah Friedlander
s5198,The B-Side: Elsa Dorfman's Portrait Photography,Movie,2016,2017.0,Errol Morris
s5199,SPF-18,Movie,2017,2017.0,Alex Israel
s5200,Pup Star: Better 2Gether,Movie,2017,2017.0,Robert Vince
s5202,Joan Didion: The Center Will Not Hold,Movie,2017,2017.0,Griffin Dunne
s5203,Strange Weather,Movie,2016,2017.0,Katherine Dieckmann
s5204,The Hateful Eight,Movie,2015,2017.0,Quentin Tarantino
s5205,Jack Whitehall: At Large,Movie,2017,2017.0,Brian Klein
s5208,1922,Movie,2017,2017.0,Zak Hilditch
s5210,One of Us,Movie,2017,2017.0,Heidi Ewing
s5210,One of Us,Movie,2017,2017.0,Rachel Grady
s5212,Wheelman,Movie,2017,2017.0,Jeremy Rush
s5213,Wedding Unplanned,Movie,2017,2017.0,Reem Kherici
s5214,Patton Oswalt: Annihilation,Movie,2017,2017.0,Bobcat Goldthwait
s5215,Baadshaho,Movie,2017,2017.0,Milan Luthria
s5218,Lucknow Central,Movie,2017,2017.0,Ranjit Tiwari
s5219,Belief: The Possession of Janet Moses,Movie,2015,2017.0,David Stubbs
s5221,Singapore,Movie,1960,2017.0,Shakti Samanta
s5223,Blessed Benefit,Movie,2016,2017.0,Mahmoud al Massad
s5224,Clair Obscur,Movie,2016,2017.0,Yesim Ustaoglu
s5225,"El Especial de Alex Fernández, el Especial",Movie,2017,2017.0,Jan Suter
s5226,Kingdom of Us,Movie,2017,2017.0,Lucy Cohen
s5227,The Babysitter,Movie,2017,2017.0,McG
s5228,The Meyerowitz Stories (New and Selected),Movie,2017,2017.0,Noah Baumbach
s5229,Barakah Meets Barakah,Movie,2016,2017.0,Mahmoud Sabbagh
s5230,Bomb Scared,Movie,2017,2017.0,Borja Cobeaga
s5231,Christina P: Mother Inferior,Movie,2017,2017.0,Jay Karas
s5234,The Death and Life of Marsha P. Johnson,Movie,2017,2017.0,David France
s5235,Rodney Carrington: Here Comes the Truth,Movie,2017,2017.0,Brandon Jones
s5236,26 Years,Movie,2012,2017.0,Geun-hyun Cho
s5239,For Your Own Good,Movie,2017,2017.0,Carlos Therón
s5240,Franca: Chaos and Creation,Movie,2016,2017.0,Francesco Carrozzini
s5241,Generation Iron 2,Movie,2017,2017.0,Vlad Yudin
s5242,Ghost Patrol,Movie,2016,2017.0,Karen J. Lloyd
s5249,The Lion Woman,Movie,2016,2017.0,Vibeke Idsøe
s5250,Verónica,Movie,2017,2017.0,Carlos Algara
s5250,Verónica,Movie,2017,2017.0,Alejandro Martinez-Beltran
s5253,Gerald's Game,Movie,2017,2017.0,Mike Flanagan
s5254,Long Shot,Movie,2017,2017.0,Jacob LaMendola
s5256,Our Souls at Night,Movie,2017,2017.0,Ritesh Batra
s5257,Out of Thin Air,Movie,2017,2017.0,Dylan Howitt
s5261,Much Loved,Movie,2015,2017.0,Nabil Ayouch
s5262,Def Comedy Jam 25,Movie,2017,2017.0,Louis J. Horvitz
s5265,Swearnet: The Movie,Movie,2014,2017.0,Warren P. Sonoda
s5266,The Bar,Movie,2017,2017.0,Álex de la Iglesia
s5267,Gaga: Five Foot Two,Movie,2017,2017.0,Chris Moukarbel
s5268,The Bad Batch,Movie,2016,2017.0,Ana Lily Amirpour
s5269,Jerry Before Seinfeld,Movie,2017,2017.0,Michael Bonfiglio
s5270,Barbie Dolphin Magic,Movie,2017,2017.0,Conrad Helten
s5271,First They Killed My Father,Movie,2017,2017.0,Angelina Jolie
s5272,Strong Island,Movie,2017,2017.0,Yance Ford
s5274,Ghost of the Mountains,Movie,2017,2017.0,Ben Wallis
s5276,Heroin(e),Movie,2017,2017.0,Elaine McMillion Sheldon
s5277,Jeff Dunham: Relative Disaster,Movie,2017,2017.0,Michael Simon
s5278,#realityhigh,Movie,2017,2017.0,Fernando Lebrija
s5280,Fabrizio Copano: Solo pienso en mi,Movie,2017,2017.0,Rodrigo Toro
s5280,Fabrizio Copano: Solo pienso en mi,Movie,2017,2017.0,Francisco Schultz
s5282,Joaquín Reyes: Una y no más,Movie,2017,2017.0,José Miguel Contreras
s5283,Carrie Pilby,Movie,2016,2017.0,Susan Johnson
s5284,Marc Maron: Too Real,Movie,2017,2017.0,Lynn Shelton
s5291,Aakhri Adaalat,Movie,1988,2017.0,Rajiv Mehra
s5293,Berserk: The Golden Age Arc II - The Battle for Doldrey,Movie,2012,2017.0,Toshiyuki Kubooka
s5294,Berserk: The Golden Age Arc III - The Advent,Movie,2013,2017.0,Toshiyuki Kubooka
s5295,Brother's Shadow,Movie,2006,2017.0,Todd S. Yellin
s5297,Ek Jaan Hain Hum,Movie,1983,2017.0,Rajiv Mehra
s5301,Khoon Khoon,Movie,1973,2017.0,Mohammed Hussain
s5303,Little Evil,Movie,2017,2017.0,Eli Craig
s5304,Manoranjan,Movie,1974,2017.0,Shammi Kapoor
s5305,Mujrim,Movie,1989,2017.0,Umesh Mehra
s5307,Offline - Das leben ist kein bonuslevel,Movie,2016,2017.0,Florian Schnell
s5308,Resurface,Movie,2017,2017.0,Josh Izenberg
s5308,Resurface,Movie,2017,2017.0,Wynn Padula
s5309,Rocco,Movie,2016,2017.0,Thierry Demaizière
s5309,Rocco,Movie,2016,2017.0,Alban Teurlai
s5310,Sohni Mahiwal,Movie,1984,2017.0,Latif Faiziyev
s5310,Sohni Mahiwal,Movie,1984,2017.0,Umesh Mehra
s5311,The Distinguished Citizen,Movie,2016,2017.0,Gastón Duprat
s5311,The Distinguished Citizen,Movie,2016,2017.0,Mariano Cohn
s5312,The Guardian Brothers,Movie,2016,2017.0,Gary Wang
s5313,The Last Shaman,Movie,2016,2017.0,Raz Degan
s5314,The Lost Brother,Movie,2017,2017.0,Israel Adrián Caetano
s5315,Todo Sobre El Asado,Movie,2016,2017.0,Mariano Cohn
s5315,Todo Sobre El Asado,Movie,2016,2017.0,Gastón Duprat
s5316,Ryan Hamilton: Happy Face,Movie,2017,2017.0,Marcus Raboy
s5317,Buster's Mal Heart,Movie,2016,2017.0,Sarah Adina Smith
s5318,Berlin Syndrome,Movie,2017,2017.0,Cate Shortland
s5319,Death Note,Movie,2017,2017.0,Adam Wingard
s5320,Lynne Koplitz: Hormonal Beast,Movie,2017,2017.0,Marcus Raboy
s5323,Undefeated,Movie,2011,2017.0,Daniel Lindsay
s5323,Undefeated,Movie,2011,2017.0,T.J. Martin
s5324,What Happened to Monday,Movie,2017,2017.0,Tommy Wirkola
s5326,Brad Paisley's Comedy Rodeo,Movie,2017,2017.0,Jay Chapman
s5327,Colin Quinn: Unconstitutional,Movie,2015,2017.0,Jay Chapman
s5329,The Outcasts,Movie,2017,2017.0,Peter Hutchings
s5330,Chocolate City: Vegas Strip,Movie,2017,2017.0,Jean-Claude La Marre
s5331,Los Herederos,Movie,2015,2017.0,Jorge Hernandez Aldana
s5332,Naked,Movie,2017,2017.0,Michael Tiddes
s5333,Demonic,Movie,2015,2017.0,Will Canon
s5334,The Saint,Movie,2017,2017.0,Ernie Barbarash
s5335,Baahubali 2: The Conclusion (Hindi Version),Movie,2017,2017.0,S.S. Rajamouli
s5336,Baahubali 2: The Conclusion (Malayalam Version),Movie,2017,2017.0,S.S. Rajamouli
s5337,Baahubali 2: The Conclusion (Tamil Version),Movie,2017,2017.0,S.S. Rajamouli
s5338,Baahubali: The Beginning (Hindi Version),Movie,2015,2017.0,S.S. Rajamouli
s5339,Baahubali: The Beginning (Malayalam Version),Movie,2015,2017.0,S.S. Rajamouli
s5340,Baahubali: The Beginning (Tamil Version),Movie,2015,2017.0,S.S. Rajamouli
s5341,LEGO Marvel Super Heroes: Avengers Reassembled!,Movie,2015,2017.0,Rob Silvestri
s5342,Enter the Warriors Gate,Movie,2016,2017.0,Matthias Hoene
s5343,Alan Saldaña: Mi vida de pobre,Movie,2017,2017.0,Raúl Campos
s5343,Alan Saldaña: Mi vida de pobre,Movie,2017,2017.0,Jan Suter
s5344,Icarus,Movie,2017,2017.0,Bryan Fogel
s5345,Message from the King,Movie,2017,2017.0,Fabrice Du Welz
s5347,The Invisible Guardian,Movie,2017,2017.0,Fernando González Molina
s5352,Handsome Devil,Movie,2016,2017.0,John Butler
s5354,Jessica Darling's It List,Movie,2016,2017.0,Ali Scher
s5358,Maz Jobrani: Immigrant,Movie,2017,2017.0,Maz Jobrani
s5359,Opening Night,Movie,2016,2017.0,Isaac Rentz
s5360,Raising the Bar,Movie,2016,2017.0,Clay Glen
s5362,The Blind Christ,Movie,2016,2017.0,Christopher Murray
s5365,Un plus une,Movie,2015,2017.0,Claude Lelouch
s5368,Daughters of Destiny,TV Show,2017,2017.0,Vanessa Roth
s5369,The Incredible Jessica James,Movie,2017,2017.0,Jim Strouse
s5370,Joe Mande’s Award-Winning Comedy Special,Movie,2017,2017.0,Daniel Gray Longino
s5371,I Called Him Morgan,Movie,2016,2017.0,Kasper Collin
s5372,Aditi Mittal: Things They Wouldn't Let Me Say,Movie,2017,2017.0,Fazila Allana
s5373,Ari Shaffir: Double Negative,TV Show,2017,2017.0,Eric Abrams
s5374,Uncertain Glory,Movie,2017,2017.0,Agustí Villaronga
s5375,Amar,Movie,2017,2017.0,Esteban Crespo
s5376,Buddy Thunderstruck: The Maybe Pile,Movie,2017,2017.0,Harry Chaskin
s5377,Chasing Coral,Movie,2017,2017.0,Jeff Orlowski
s5378,To the Bone,Movie,2017,2017.0,Marti Noxon
s5379,D.L. Hughley: Clear,Movie,2014,2017.0,Jay Chapman
s5380,Tom Segura: Completely Normal,Movie,2014,2017.0,Jay Chapman
s5382,Degrassi: Next Class,TV Show,2017,2017.0,Stefan Brogren
s5386,Take Me,Movie,2017,2017.0,Pat Healy
s5388,10 jours en or,Movie,2012,2017.0,Nicolas Brossette
s5389,46,TV Show,2016,2017.0,Serdar Akar
s5390,A 2nd Chance,Movie,2011,2017.0,Clay Glen
s5392,Amrapali,Movie,1966,2017.0,Lekh Tandon
s5395,Hans Teeuwen: Real Rancour,Movie,2018,2017.0,Doesjka van Hoogdalem
s5397,Lal Patthar,Movie,1971,2017.0,Sushil Majumdar
s5399,Liar's Dice,Movie,2013,2017.0,Geetu Mohandas
s5401,Professor,Movie,1962,2017.0,Lekh Tandon
s5403,The Invisible Guest,Movie,2016,2017.0,Paulo Oriol
s5409,Yaar Gaddar,Movie,1994,2017.0,Umesh Mehra
s5412,Zipi & Zape y la Isla del Capitan,Movie,2016,2017.0,Oskar Santos
s5416,Okja,Movie,2017,2017.0,Bong Joon Ho
s5417,Chris D'Elia: Man on Fire,Movie,2017,2017.0,Bill D'Elia
s5418,I Am Michael,Movie,2015,2017.0,Justin Kelly
s5419,Nobody Speak: Trials of the Free Press,Movie,2017,2017.0,Brian Knappenberger
s5420,You Get Me,Movie,2017,2017.0,Brent Bonacorso
s5421,Dangal,Movie,2016,2017.0,Nitesh Tiwari
s5424,Puss in Book: Trapped in an Epic Tale,Movie,2017,2017.0,Roy Burdine
s5424,Puss in Book: Trapped in an Epic Tale,Movie,2017,2017.0,Johnny Castuciano
s5425,Rory Scovel Tries Stand-Up for the First Time,Movie,2017,2017.0,Scott Moran
s5427,Counterpunch,Movie,2017,2017.0,Jay Bulger
s5428,What the Health,Movie,2017,2017.0,Kip Andersen
s5428,What the Health,Movie,2017,2017.0,Keegan Kuhn
s5429,World of Winx,TV Show,2017,2017.0,Iginio Straffi
s5430,Kanavu Variyam,Movie,2017,2017.0,Arun Chidambaram
s5431,Marco Luque: Tamo Junto,Movie,2017,2017.0,Caio Cobra
s5432,The Russian Revolution,Movie,2017,2017.0,Cal Seville
s5433,"Oh, Hello On Broadway",Movie,2017,2017.0,Michael John Warren
s5436,Man to Man,TV Show,2017,2017.0,Chang-Min Lee
s5441,Shimmer Lake,Movie,2017,2017.0,Oren Uziel
s5442,The Wishing Tree,Movie,2017,2017.0,Manika Sharma
s5443,Headshot,Movie,2016,2017.0,Timo Tjahjanto
s5443,Headshot,Movie,2016,2017.0,Kimo Stamboel
s5444,1898: Our Last Men in the Philippines,Movie,2016,2017.0,Salvador Calvo
s5447,Lucid Dream,Movie,2017,2017.0,Jun-seong Kim
s5448,Aashik Awara,Movie,1993,2017.0,Umesh Mehra
s5449,Amelia: A Tale of Two Sisters,Movie,2017,2017.0,Edward Cotterill
s5450,Catfight,Movie,2016,2017.0,Onur Tukel
s5451,How to Stage a Coup,Movie,2017,2017.0,Cal Seville
s5452,Jackie: A Tale of Two Sisters,Movie,2017,2017.0,Edward Cotterill
s5453,Lens,Movie,2015,2017.0,Jayaprakash Radhakrishnan
s5454,Little Boxes,Movie,2016,2017.0,Rob Meyer
s5455,Love.com,Movie,2017,2017.0,Anita Barbosa
s5456,Maya Memsaab,Movie,1993,2017.0,Ketan Mehta
s5457,Michael Lost and Found,Movie,2017,2017.0,Daniel Wilner
s5461,Oh Darling Yeh Hai India,Movie,1995,2017.0,Ketan Mehta
s5462,Prince,Movie,1969,2017.0,Lekh Tandon
s5463,Qila,Movie,1998,2017.0,Umesh Mehra
s5464,Smoke & Mirrors,Movie,2016,2017.0,Alberto Rodríguez
s5467,The Mitfords: A Tale of Two Sisters,Movie,2017,2017.0,Edward Cotterill
s5468,Without Gorky,Movie,2011,2017.0,Cosima Spender
s5469,Sarah Silverman A Speck of Dust,Movie,2017,2017.0,Liam Lynch
s5470,Rangoon,Movie,2017,2017.0,Vishal Bhardwaj
s5472,Joshua: Teenager vs. Superpower,Movie,2017,2017.0,Joe Piscatella
s5473,Raees,Movie,2017,2017.0,Rahul Dholakia
s5474,War Machine,Movie,2017,2017.0,David Michôd
s5475,Arès,Movie,2016,2017.0,Jean-Patrick Benes
s5476,Hasan Minhaj: Homecoming King,Movie,2017,2017.0,Christopher Storer
s5477,BLAME!,Movie,2017,2017.0,Hiroyuki Seshita
s5479,Laerte-se,Movie,2017,2017.0,Lygia Barbosa da Silva
s5479,Laerte-se,Movie,2017,2017.0,Eliane Brum
s5481,Tracy Morgan: Staying Alive,Movie,2017,2017.0,Ryan Polito
s5482,Chamatkar,Movie,1992,2017.0,Rajiv Mehra
s5483,Kabhi Haan Kabhi Naa,Movie,1994,2017.0,Kundan Shah
s5484,Lovesong,Movie,2016,2017.0,So Yong Kim
s5485,Natascha Kampusch: The Whole Story,Movie,2010,2017.0,Alina Teodorescu
s5486,Ram Jaane,Movie,1995,2017.0,Rajiv Mehra
s5487,The Devil's Mistress,Movie,2016,2017.0,Filip Renc
s5488,Wild Oats,Movie,2016,2017.0,Andy Tennant
s5490,Get Me Roger Stone,Movie,2017,2017.0,Dylan Bank
s5490,Get Me Roger Stone,Movie,2017,2017.0,Daniel DiMauro
s5490,Get Me Roger Stone,Movie,2017,2017.0,Morgan Pehme
s5491,Mindhorn,Movie,2017,2017.0,Sean Foley
s5492,Sahara,Movie,2017,2017.0,Pierre Coré
s5493,"Norm Macdonald: Hitler's Dog, Gossip & Trickery",Movie,2017,2017.0,Liz Plonka
s5494,Handsome: A Netflix Mystery Movie,Movie,2017,2017.0,Jeff Garlin
s5496,Simplemente Manu NNa,Movie,2017,2017.0,Jan Suter
s5496,Simplemente Manu NNa,Movie,2017,2017.0,Raúl Campos
s5497,The Mars Generation,Movie,2017,2017.0,Michael Barnett
s5498,Maria Bamford: Old Baby,Movie,2017,2017.0,Jessica Yu
s5499,A Yellow Bird,Movie,2016,2017.0,K. Rajagopal
s5500,Chaahat,Movie,1996,2017.0,Mahesh Bhatt
s5501,English Babu Desi Mem,Movie,1996,2017.0,Praveen Nischol
s5502,He Even Has Your Eyes,Movie,2016,2017.0,Lucien Jean-Baptiste
s5503,In the Shadow of Iris,Movie,2016,2017.0,Jalil Lespert
s5504,JFK: The Making of a President,Movie,2017,2017.0,Edward Cotterill
s5505,Kiss & Cry,Movie,2017,2017.0,Sean Cisterna
s5506,Loev,Movie,2015,2017.0,Sudhanshu Saria
s5507,Mostly Sunny,Movie,2016,2017.0,Dilip Mehta
s5508,The Next Skin,Movie,2016,2017.0,Isaki Lacuesta
s5508,The Next Skin,Movie,2016,2017.0,Isa Campo
s5509,Casting JonBenet,Movie,2017,2017.0,Kitty Green
s5512,Rodney King,Movie,2017,2017.0,Spike Lee
s5513,Small Crimes,Movie,2017,2017.0,Evan Katz
s5516,Dear Zindagi,Movie,2016,2017.0,Gauri Shinde
s5517,Shepherds and Butchers,Movie,2016,2017.0,Oliver Schmitz
s5518,The 101-Year-Old Man Who Skipped Out on the Bill and Disappeared,Movie,2016,2017.0,Felix Herngren
s5518,The 101-Year-Old Man Who Skipped Out on the Bill and Disappeared,Movie,2016,2017.0,Måns Herngren
s5519,Vir Das: Abroad Understanding,Movie,2017,2017.0,Marcus Raboy
s5522,Hot Girls Wanted: Turned On,TV Show,2017,2017.0,Jill Bauer
s5522,Hot Girls Wanted: Turned On,TV Show,2017,2017.0,Ronna Gradus
s5522,Hot Girls Wanted: Turned On,TV Show,2017,2017.0,Rashida Jones
s5523,Sand Castle,Movie,2017,2017.0,Fernando Coimbra
s5525,Tramps,Movie,2017,2017.0,Adam Leon
s5526,Lucas Brothers: On Drugs,Movie,2017,2017.0,Jay Chapman
s5527,Bibi & Tina,Movie,2014,2017.0,Detlev Buck
s5528,Bibi & Tina II,Movie,2014,2017.0,Detlev Buck
s5529,Bibi & Tina: Girls Versus Boys,Movie,2016,2017.0,Detlev Buck
s5530,Slam,Movie,2017,2017.0,Andrea Molaioli
s5531,The Wedding Party,Movie,2016,2017.0,Kemi Adetiba
s5532,Arctic Heart,Movie,2016,2017.0,Marie Madinier
s5533,Our Lovers,Movie,2016,2017.0,Miguel Ángel Lamata
s5534,Sandy Wexler,Movie,2017,2017.0,Steven Brill
s5535,Macho,Movie,2016,2017.0,Antonio Serrano
s5536,Kevin Hart: What Now?,Movie,2016,2017.0,Leslie Small
s5537,Frat Star,Movie,2017,2017.0,Grant S. Johnson
s5537,Frat Star,Movie,2017,2017.0,Ippsie Jones
s5540,The Lighthouse of the Orcas,Movie,2016,2017.0,Gerardo Olivares
s5541,Win It All,Movie,2017,2017.0,Joe Swanberg
s5542,Louis C.K. 2017,Movie,2017,2017.0,Louis C.K.
s5544,Couples Counseling,Movie,2016,2017.0,Alexandre Reinecke
s5545,Deuces,Movie,2016,2017.0,Jamal Hill
s5546,Elaan,Movie,1971,2017.0,K. Ramanlal
s5547,Five Nights in Maine,Movie,2015,2017.0,Maris Curran
s5548,Killa,Movie,2014,2017.0,Avinash Arun
s5549,Life 2.0,Movie,2010,2017.0,Jason Spingarn-Koff
s5550,Salaakhen,Movie,1975,2017.0,A. Salaam
s5551,Skins,Movie,2017,2017.0,Eduardo Casanova
s5552,The Tenth Man,Movie,2016,2017.0,Daniel Burman
s5553,Toro,Movie,2016,2017.0,Kike Maíllo
s5555,Five Came Back,TV Show,2017,2017.0,Laurent Bouzereau
s5556,Hoff the Record,TV Show,2016,2017.0,Gordon Anderson
s5557,The Discovery,Movie,2017,2017.0,Charlie McDowell
s5558,Jo Koy: Live from Seattle,Movie,2017,2017.0,Shannon Hartman
s5560,Felipe Neto: My Life Makes No Sense,Movie,2017,2017.0,Diego Pignataro
s5561,The C Word,Movie,2016,2017.0,Meghan O'Hara
s5562,The Most Hated Woman in America,Movie,2017,2017.0,Tommy O'Haver
s5563,Dave Chappelle,TV Show,2017,2017.0,Stan Lathan
s5565,Best Worst Thing That Ever Could Have Happened,Movie,2016,2017.0,Lonny Price
s5566,Deidra & Laney Rob a Train,Movie,2017,2017.0,Sydney Freeland
s5569,Pandora,Movie,2016,2017.0,Jung-woo Park
s5571,Howards End,Movie,1992,2017.0,James Ivory
s5572,Asoka,Movie,2001,2017.0,Santosh Sivan
s5573,"Bon Cop, Bad Cop",Movie,2006,2017.0,Erik Canuel
s5574,Notes on Blindness,Movie,2016,2017.0,Peter Middleton
s5574,Notes on Blindness,Movie,2016,2017.0,James Spinney
s5575,One 2 Ka 4,Movie,2001,2017.0,Shashilal K. Nair
s5577,Jim Norton: Mouthful of Shame,Movie,2017,2017.0,Shannon Hartman
s5578,100 Meters,Movie,2016,2017.0,Marcel Barrena
s5580,Burning Sands,Movie,2017,2017.0,Gerard McMurray
s5582,The Butterfly's Dream,Movie,2013,2017.0,Yılmaz Erdoğan
s5583,Amy Schumer: The Leather Special,Movie,2017,2017.0,Amy Schumer
s5585,Nila,Movie,2016,2017.0,Selvamani Selvaraj
s5587,Mike Birbiglia: Thank God for Jokes,Movie,2017,2017.0,Seth Barrish
s5587,Mike Birbiglia: Thank God for Jokes,Movie,2017,2017.0,Mike Birbiglia
s5588,Force 2,Movie,2016,2017.0,Abhinay Deo
s5589,Jonas,Movie,2015,2017.0,Lô Politi
s5590,Operações Especiais,Movie,2015,2017.0,Tomas Portella
s5591,I Don't Feel at Home in This World Anymore,Movie,2017,2017.0,Macon Blair
s5595,Trevor Noah: Afraid of the Dark,Movie,2017,2017.0,David Paul Meyer
s5596,Boy Missing,Movie,2016,2017.0,Mar Targarona
s5597,Growing Up Wild,Movie,2016,2017.0,Keith Scholey
s5598,Tini: The New Life of Violetta,Movie,2016,2017.0,Juan Pablo Buscarini
s5600,Rocky Handsome,Movie,2016,2017.0,Nishikant Kamat
s5601,A Heavy Heart,Movie,2015,2017.0,Thomas Stuber
s5603,Rush: Beyond the Lighted Stage,Movie,2010,2017.0,Sam Dunn
s5603,Rush: Beyond the Lighted Stage,Movie,2010,2017.0,Scot McFadyen
s5605,The Fury of a Patient Man,Movie,2016,2017.0,Raúl Arévalo
s5606,The Memory of Water,Movie,2015,2017.0,Matías Bize
s5607,Girlfriend's Day,Movie,2017,2017.0,Michael Paul Stephenson
s5608,Katherine Ryan: In Trouble,Movie,2017,2017.0,Colin Dench
s5611,David Brent: Life on the Road,Movie,2016,2017.0,Ricky Gervais
s5613,Hitler - A Career,Movie,1977,2017.0,Joachim Fest
s5613,Hitler - A Career,Movie,1977,2017.0,Christian Herrendoerfer
s5614,"Michael Bolton's Big, Sexy Valentine's Day Special",Movie,2017,2017.0,Scott Aukerman
s5614,"Michael Bolton's Big, Sexy Valentine's Day Special",Movie,2017,2017.0,Akiva Schaffer
s5615,Daniel Sosa: Sosafado,Movie,2017,2017.0,Raúl Campos
s5615,Daniel Sosa: Sosafado,Movie,2017,2017.0,Jan Suter
s5616,Imperial Dreams,Movie,2014,2017.0,Malik Vitthal
s5617,Dilwale,Movie,2015,2017.0,Rohit Shetty
s5618,Happy New Year,Movie,2014,2017.0,Farah Khan
s5619,Haraamkhor,Movie,2015,2017.0,Shlok Sharma
s5620,Heroes Wanted,Movie,2016,2017.0,Joaquín Mazón
s5621,The Reconquest,Movie,2016,2017.0,Jonás Trueba
s5622,Zapped,Movie,2014,2017.0,Peter DeLuise
s5623,Bill Burr: Walk Your Way Out,Movie,2017,2017.0,Jay Karas
s5624,Semana Santa,Movie,2015,2017.0,Alejandra Márquez Abella
s5625,Journey to Greenland,Movie,2016,2017.0,Sébastien Betbeder
s5626,IBOY,Movie,2017,2017.0,Adam Randall
s5627,O Silêncio do Céu,Movie,2016,2017.0,Marco Dutra
s5628,Cristela Alonzo: Lower Classy,Movie,2017,2017.0,Marcus Raboy
s5629,Gad Gone Wild,Movie,2017,2017.0,Mario Rouleau
s5630,Pink,Movie,2016,2017.0,Aniruddha Roy Chowdhury
s5631,Take the 10,Movie,2017,2017.0,Chester Tam
s5632,Neal Brennan: 3 Mics,Movie,2017,2017.0,Neal Brennan
s5633,Berlin Calling,Movie,2008,2017.0,Hannes Stöhr
s5634,Sarajevo,Movie,2014,2017.0,Andreas Prochaska
s5635,Stereo,Movie,2014,2017.0,Maximilian Erlenwein
s5636,We Are Young. We Are Strong.,Movie,2014,2017.0,Burhan Qurbani
s5637,Casablancas: The Man Who Loved Women,Movie,2016,2017.0,Hubert Woroniecki
s5638,Clinical,Movie,2017,2017.0,Alistair Legrand
s5639,Very Big Shot,Movie,2015,2017.0,Mir-Jean Bou Chaaya
s5640,Jim Gaffigan: Cinco,Movie,2017,2017.0,Jeannie Gaffigan
s5642,Under the Shadow,Movie,2016,2017.0,Babak Anvari
s5643,Coin Heist,Movie,2017,2017.0,Emily Hagins
s5644,LEGO: Marvel Super Heroes: Maximum Overload,Movie,2013,2017.0,Greg Richardson
s5645,Rampage: President Down,Movie,2016,2017.0,Uwe Boll
s5646,Marvel's Hulk: Where Monsters Dwell,Movie,2016,2017.0,Mitch Schauer
s5647,Jen Kirkman: Just Keep Livin’?,Movie,2017,2017.0,Lance Bangs
s5648,Autohead,Movie,2016,2017.0,Rohit Mittal
s5649,Bee Movie,Movie,2007,2017.0,Steve Hickner
s5649,Bee Movie,Movie,2007,2017.0,Simon J. Smith
s5650,Headwinds,Movie,2011,2017.0,Jalil Lespert
s5652,Udta Punjab,Movie,2016,2017.0,Abhishek Chaubey
s5653,Mr. Pig,Movie,2016,2016.0,Diego Luna
s5657,7:19,Movie,2016,2016.0,Jorge Michel Grau
s5658,Garfunkel and Oates: Trying to be Special,Movie,2016,2016.0,Riki Lindhome
s5658,Garfunkel and Oates: Trying to be Special,Movie,2016,2016.0,Jeremy Konner
s5660,A Christmas Special: Miraculous: Tales of Ladybug & Cat Noir,Movie,2016,2016.0,Thomas Astruc
s5661,Gabriel lglesias: I’m Sorry For What I Said When I Was Hungry,Movie,2016,2016.0,Manny Rodriguez
s5662,Barry,Movie,2016,2016.0,Vikram Gandhi
s5664,Sister Cities,Movie,2016,2016.0,Sean Hanish
s5665,3 Türken & ein Baby,Movie,2015,2016.0,Sinan Akkuş
s5667,Eddie - Strongman,Movie,2015,2016.0,Matt Bell
s5675,Merlin,TV Show,2012,2016.0,James Hawes
s5677,Sand Storm,Movie,2016,2016.0,Elite Zexer
s5679,Ricardo O'Farrill: Abrazo navideño,Movie,2016,2016.0,Raúl Campos
s5679,Ricardo O'Farrill: Abrazo navideño,Movie,2016,2016.0,Jan Suter
s5680,Asperger's Are Us,Movie,2016,2016.0,Alex Lehmann
s5682,Mariah Carey's Merriest Christmas,Movie,2015,2016.0,James Yukich
s5683,Spectral,Movie,2016,2016.0,Nic Mathieu
s5686,Other People,Movie,2016,2016.0,Chris Kelly
s5688,Blue Jay,Movie,2016,2016.0,Alex Lehmann
s5689,One in a Billion,Movie,2016,2016.0,Roman Gackowski
s5690,Reggie Watts: Spatial,Movie,2016,2016.0,Benjamin Dickinson
s5692,Mercenary,Movie,2016,2016.0,Sacha Wolff
s5694,For the Love of Spock,Movie,2016,2016.0,Adam Nimoy
s5695,White Girl,Movie,2016,2016.0,Elizabeth Wood
s5696,#Rucker50,Movie,2016,2016.0,Robert McCullough Jr.
s5697,1000 Rupee Note,Movie,2014,2016.0,Shrihari Sathe
s5698,Across Grace Alley,Movie,2013,2016.0,Ralph Macchio
s5699,Asu Mare 2,Movie,2015,2016.0,Ricardo Maldonado
s5702,Interrogation,Movie,2015,2016.0,Vetrimaaran
s5703,Rainbow Time,Movie,2016,2016.0,Linas Phillips
s5705,Richard Pryor: Live in Concert,Movie,1979,2016.0,Jeff Margolis
s5706,The Violin Player,Movie,2016,2016.0,Bauddhayan Mukherji
s5707,Beauties of the Night,Movie,2016,2016.0,María Jose Cuevas
s5709,Michael Che Matters,Movie,2016,2016.0,Oz Rodriguez
s5710,Mercy,Movie,2016,2016.0,Chris Sparling
s5711,The Land of Cards,Movie,2012,2016.0,Qaushiq Mukherjee
s5712,Carlos Ballarta: El amor es de putos,Movie,2016,2016.0,Jan Suter
s5712,Carlos Ballarta: El amor es de putos,Movie,2016,2016.0,Raúl Campos Delgado
s5713,Donald Glover: Weirdo,Movie,2012,2016.0,Shannon Hartman
s5713,Donald Glover: Weirdo,Movie,2012,2016.0,Michelle Caputo
s5714,Colin Quinn: The New York Story,Movie,2016,2016.0,Jerry Seinfeld
s5715,Divines,Movie,2016,2016.0,Houda Benyamina
s5718,Dieter Nuhr: Nuhr in Berlin,Movie,2016,2016.0,Volker Weicker
s5719,Mumbai Cha Raja,Movie,2012,2016.0,Manjeet Singh
s5720,True Memoirs of an International Assassin,Movie,2016,2016.0,Jeff Wadlow
s5722,Kathleen Madigan: Bothering Jesus,Movie,2016,2016.0,Lorene Machado
s5725,"Dana Carvey: Straight White Male, 60",Movie,2016,2016.0,Marcus Raboy
s5726,The Ivory Game,Movie,2016,2016.0,Kief Davidson
s5726,The Ivory Game,Movie,2016,2016.0,Richard Ladkani
s5727,A Grand Night In: The Story of Aardman,Movie,2015,2016.0,Richard Mears
s5734,Norman Lear: Just Another Version of You,Movie,2016,2016.0,Heidi Ewing
s5734,Norman Lear: Just Another Version of You,Movie,2016,2016.0,Rachel Grady
s5735,Santa Pac's Merry Berry Day,Movie,2016,2016.0,Moto Sakakibara
s5736,Spanish Affair 2,Movie,2015,2016.0,Emilio Martínez Lázaro
s5737,Pup Star,Movie,2016,2016.0,Robert Vince
s5738,I Am the Pretty Thing That Lives in the House,Movie,2016,2016.0,Osgood Perkins
s5739,Into the Inferno,Movie,2016,2016.0,Werner Herzog
s5740,The African Doctor,Movie,2016,2016.0,Julien Rambaldi
s5741,They Are Everywhere,Movie,2016,2016.0,Yvan Attal
s5743,West Coast,Movie,2016,2016.0,Benjamin Weill
s5744,7 años,Movie,2016,2016.0,Roger Gual
s5746,Joe Rogan: Triggered,Movie,2016,2016.0,Anthony Giordano
s5747,A Mighty Team,Movie,2016,2016.0,Thomas Sorriaux
s5748,Berserk: The Golden Age Arc I - The Egg of the King,Movie,2012,2016.0,Toshiyuki Kubooka
s5749,Bleach The Movie: Fade to Black,Movie,2008,2016.0,Noriyuki Abe
s5750,Bleach the Movie: Hell Verse,Movie,2010,2016.0,Noriyuki Abe
s5751,Blind Date,Movie,2015,2016.0,Clovis Cornillac
s5755,Sky Ladder: The Art of Cai Guo-Qiang,Movie,2016,2016.0,Kevin MacDonald
s5756,Mascots,Movie,2016,2016.0,Christopher Guest
s5757,Justin Timberlake + the Tennessee Kids,Movie,2016,2016.0,Jonathan Demme
s5758,13TH,Movie,2016,2016.0,Ava DuVernay
s5759,Russell Peters: Almost Famous,Movie,2016,2016.0,Dave Higby
s5761,The Siege of Jadotville,Movie,2016,2016.0,Richie Smyth
s5762,LEGO Jurassic World: The Indominus Escape,Movie,2016,2016.0,Michael D. Black
s5765,Bombshell,Movie,2016,2016.0,Riccardo Pilizzeri
s5766,Chatô: The King of Brazil,Movie,2015,2016.0,Guilherme Fontes
s5768,Harud,Movie,2010,2016.0,Aamir Bashir
s5771,Much Ado About Nothing,Movie,2016,2016.0,Alejandro Fernández Almendras
s5773,My Big Night,Movie,2015,2016.0,Álex de la Iglesia
s5774,My Little Pony Equestria Girls: Legend of Everfree,Movie,2016,2016.0,Ishi Rudell
s5775,Old Money,TV Show,2015,2016.0,David Schalko
s5777,Riphagen - The Untouchable,Movie,2016,2016.0,Pieter Kuijpers
s5779,Umrika,Movie,2015,2016.0,Prashant Nair
s5780,Unchained: The Untold Story of Freestyle Motocross,Movie,2016,2016.0,Paul Taublieb
s5780,Unchained: The Untold Story of Freestyle Motocross,Movie,2016,2016.0,Jon Freeman
s5781,Welcome Mr. President,Movie,2013,2016.0,Riccardo Milani
s5783,Amanda Knox,Movie,2016,2016.0,Rod Blackhurst
s5783,Amanda Knox,Movie,2016,2016.0,Brian McGinn
s5784,Audrie & Daisy,Movie,2016,2016.0,Bonni Cohen
s5784,Audrie & Daisy,Movie,2016,2016.0,Jon Shenk
s5785,Iliza Shlesinger: Confirmed Kills,Movie,2016,2016.0,Bobcat Goldthwait
s5793,ARQ,Movie,2016,2016.0,Tony Elliott
s5794,Cedric the Entertainer: Live from the Ville,Movie,2016,2016.0,Troy Miller
s5795,Louis C.K.: Hilarious,Movie,2010,2016.0,Louis C.K.
s5796,The White Helmets,Movie,2016,2016.0,Orlando von Einsiedel
s5797,Sample This,Movie,2012,2016.0,Dan Forrer
s5798,Extremis,Movie,2016,2016.0,Dan Krauss
s5809,Jeff Foxworthy and Larry the Cable Guy: We’ve Been Thinking...,Movie,2016,2016.0,Jay Karas
s5810,XOXO,Movie,2016,2016.0,Christopher Louie
s5811,I'll Sleep When I'm Dead,Movie,2016,2016.0,Justin Krook
s5814,Louis C.K.: Live at the Comedy Store,Movie,2015,2016.0,Louis C.K.
s5816,Jim Gaffigan: Beyond the Pale,Movie,2005,2016.0,Michael Drumm
s5817,Jim Gaffigan: King Baby,Movie,2009,2016.0,Troy Miller
s5818,Jim Gaffigan: Mr. Universe,Movie,2012,2016.0,Jay Karas
s5819,Jim Gaffigan: Obsessed,Movie,2014,2016.0,Jay Chapman
s5820,David Cross: Making America Great Again!,Movie,2016,2016.0,Alex Coletti
s5821,Lavell Crawford: Can a Brother Get Some Love?,Movie,2011,2016.0,Michael Drumm
s5822,Children of God,Movie,1994,2016.0,John Smithson
s5825,Interview with a Serial Killer,Movie,2008,2016.0,Christopher Martin
s5827,Real Crime: Diamond Geezers,Movie,2008,2016.0,Tom Whitter
s5829,Tallulah,Movie,2016,2016.0,Sian Heder
s5831,Rebirth,Movie,2016,2016.0,Karl Mueller
s5832,Tony Robbins: I Am Not Your Guru,Movie,2016,2016.0,Joe Berlinger
s5833,Gridlocked,Movie,2015,2016.0,Allan Ungar
s5834,Brahman Naman,Movie,2016,2016.0,Qaushiq Mukherjee
s5835,Kuromukuro,TV Show,2016,2016.0,Tensai Okamura
s5836,Jim Jefferies: Freedumb,Movie,2016,2016.0,Ryan Polito
s5838,X: Past Is Present,Movie,2015,2016.0,Hemant Gaba
s5838,X: Past Is Present,Movie,2015,2016.0,Pratim D. Gupta
s5838,X: Past Is Present,Movie,2015,2016.0,Sudhish Kamath
s5838,X: Past Is Present,Movie,2015,2016.0,Nalan Kumarasamy
s5838,X: Past Is Present,Movie,2015,2016.0,Anu Menon
s5838,X: Past Is Present,Movie,2015,2016.0,Sandeep Mohan
s5838,X: Past Is Present,Movie,2015,2016.0,Qaushiq Mukherjee
s5838,X: Past Is Present,Movie,2015,2016.0,Rajshree Ojha
s5838,X: Past Is Present,Movie,2015,2016.0,Raja Sen
s5838,X: Past Is Present,Movie,2015,2016.0,Abhinav Shiv Tiwari
s5838,X: Past Is Present,Movie,2015,2016.0,Suparn Verma
s5840,Sofía Niño de Rivera: Exposed,Movie,2016,2016.0,Raúl Campos
s5840,Sofía Niño de Rivera: Exposed,Movie,2016,2016.0,Jan Suter
s5841,The Fundamentals of Caring,Movie,2016,2016.0,Rob Burnett
s5842,Ip Man 3,Movie,2015,2016.0,Wilson Yip
s5843,Bo Burnham: Make Happy,Movie,2016,2016.0,Bo Burnham
s5843,Bo Burnham: Make Happy,Movie,2016,2016.0,Christopher Storer
s5847,The Do-Over,Movie,2016,2016.0,Steven Brill
s5848,Ali Wong: Baby Cobra,Movie,2016,2016.0,Jay Karas
s5849,Special Correspondents,Movie,2016,2016.0,Ricky Gervais
s5850,Team Foxcatcher,Movie,2016,2016.0,Jon Greenhalgh
s5852,Belgica,Movie,2016,2016.0,Felix Van Groeningen
s5852,Belgica,Movie,2016,2016.0,Felix van Groeningen
s5853,Hush,Movie,2016,2016.0,Mike Flanagan
s5855,Frank and Cindy,Movie,2007,2016.0,G.J. Echternkamp
s5858,Kung Fu Panda: Secrets of the Scroll,Movie,2016,2016.0,Rodolphe Guenoden
s5859,He Never Died,Movie,2015,2016.0,Jason Krawczyk
s5860,Jimmy Carr: Funny Business,Movie,2016,2016.0,Sam Wrench
s5861,My Beautiful Broken Brain,Movie,2016,2016.0,Sophie Robinson
s5861,My Beautiful Broken Brain,Movie,2016,2016.0,Lotje Sodderland
s5862,Pee-wee's Big Holiday,Movie,2016,2016.0,John Lee
s5865,"Crouching Tiger, Hidden Dragon: Sword of Destiny",Movie,2016,2016.0,Yuen Wo-Ping
s5866,Marvel Super Hero Adventures: Frost Fight!,Movie,2015,2016.0,Mitch Schauer
s5869,Hannibal Buress: Comedy Camisado,Movie,2016,2016.0,Lance Bangs
s5873,Ricardo O'Farrill Abrazo Genial,Movie,2016,2016.0,Raúl Campos
s5873,Ricardo O'Farrill Abrazo Genial,Movie,2016,2016.0,Jan Suter
s5874,Ip Man,Movie,2008,2016.0,Wilson Yip
s5875,Ip Man 2,Movie,2010,2016.0,Wilson Yip
s5876,Tom Segura: Mostly Stories,Movie,2016,2016.0,Jay Karas
s5877,Marco Polo: One Hundred Eyes,Movie,2015,2015.0,Alik Sakharov
s5879,Mike Epps: Don't Take It Personal,Movie,2015,2015.0,L. Frazier
s5880,The Ridiculous 6,Movie,2015,2015.0,Frank Coraci
s5881,"Trailer Park Boys: Drunk, High and Unemployed: Live in Austin",Movie,2015,2015.0,Gary Howsam
s5881,"Trailer Park Boys: Drunk, High and Unemployed: Live in Austin",Movie,2015,2015.0,Mike Smith
s5881,"Trailer Park Boys: Drunk, High and Unemployed: Live in Austin",Movie,2015,2015.0,John Paul Tremblay
s5881,"Trailer Park Boys: Drunk, High and Unemployed: Live in Austin",Movie,2015,2015.0,Robb Wells
s5882,A Very Murray Christmas,Movie,2015,2015.0,Sofia Coppola
s5884,Naomi and Ely's No Kiss List,Movie,2015,2015.0,Kristin Hanggi
s5885,John Mulaney: The Comeback Kid,Movie,2015,2015.0,Rhys Thomas
s5887,Manson Family Vacation,Movie,2015,2015.0,J. Davis
s5888,Walt Disney Animation Studios Short Films Collection,Movie,2015,2015.0,Chris Buck
s5888,Walt Disney Animation Studios Short Films Collection,Movie,2015,2015.0,Jennifer Lee
s5888,Walt Disney Animation Studios Short Films Collection,Movie,2015,2015.0,Patrick Osborne
s5888,Walt Disney Animation Studios Short Films Collection,Movie,2015,2015.0,Lauren MacMullan
s5888,Walt Disney Animation Studios Short Films Collection,Movie,2015,2015.0,John Kahrs
s5888,Walt Disney Animation Studios Short Films Collection,Movie,2015,2015.0,Nathan Greno
s5888,Walt Disney Animation Studios Short Films Collection,Movie,2015,2015.0,Byron Howard
s5888,Walt Disney Animation Studios Short Films Collection,Movie,2015,2015.0,Stevie Wermers
s5888,Walt Disney Animation Studios Short Films Collection,Movie,2015,2015.0,Dean Wellins
s5888,Walt Disney Animation Studios Short Films Collection,Movie,2015,2015.0,Kevin Deters
s5888,Walt Disney Animation Studios Short Films Collection,Movie,2015,2015.0,Roger Allers
s5888,Walt Disney Animation Studios Short Films Collection,Movie,2015,2015.0,Mike Gabriel
s5888,Walt Disney Animation Studios Short Films Collection,Movie,2015,2015.0,Mark Henn
s5889,Hemlock Grove,TV Show,2015,2015.0,Eli Roth
s5890,Results,Movie,2015,2015.0,Andrew Bujalski
s5891,Anthony Jeselnik: Thoughts and Prayers,Movie,2015,2015.0,Adam Dubin
s5892,Beasts of No Nation,Movie,2015,2015.0,Cary Joji Fukunaga
s5893,Circle,Movie,2015,2015.0,Aaron Hann
s5893,Circle,Movie,2015,2015.0,Mario Miscione
s5894,Winter on Fire: Ukraine's Fight for Freedom,Movie,2015,2015.0,Evgeny Afineevsky
s5895,Anjelah Johnson: Not Fancy,Movie,2015,2015.0,Jay Karas
s5897,Keith Richards: Under the Influence,Movie,2015,2015.0,Morgan Neville
s5898,Cowspiracy: The Sustainability Secret,Movie,2014,2015.0,Kip Andersen
s5898,Cowspiracy: The Sustainability Secret,Movie,2014,2015.0,Keegan Kuhn
s5899,6 Years,Movie,2015,2015.0,Hannah Fidell
s5900,Demetri Martin: Live (At the Time),Movie,2015,2015.0,Jay Karas
s5902,Tig,Movie,2015,2015.0,Kristina Goolsby
s5902,Tig,Movie,2015,2015.0,Ashley York
s5904,Creep,Movie,2014,2015.0,Patrick Brice
s5905,Chris Tucker Live,Movie,2015,2015.0,Phil Joanou
s5906,Ralphie May: Imperfectly Yours,Movie,2015,2015.0,Anthony Pierce
s5907,"What Happened, Miss Simone?",Movie,2015,2015.0,Liz Garbus
s5908,Advantageous,Movie,2015,2015.0,Jennifer Phang
s5910,The Perfect Dictatorship,Movie,2014,2015.0,Luis Estrada
s5911,Hot Girls Wanted,Movie,2015,2015.0,Jill Bauer
s5911,Hot Girls Wanted,Movie,2015,2015.0,Ronna Gradus
s5912,Jen Kirkman: I'm Gonna Die Alone (And I Feel Fine),Movie,2015,2015.0,Lance Bangs
s5913,The Other One: The Long Strange Trip of Bob Weir,Movie,2015,2015.0,Mike Fleiss
s5914,Chris D'Elia: Incorrigible,Movie,2015,2015.0,Bill D'Elia
s5916,Aziz Ansari Live at Madison Square Garden,Movie,2015,2015.0,Aziz Ansari
s5917,My Own Man,Movie,2015,2015.0,David Sampliner
s5918,Ralphie May: Unruly,Movie,2015,2015.0,John Asher
s5922,Bill Burr: I'm Sorry You Feel That Way,Movie,2014,2014.0,Jay Karas
s5925,Chelsea Peretti: One of the Greats,Movie,2014,2014.0,Lance Bangs
s5926,Virunga,Movie,2014,2014.0,Orlando von Einsiedel
s5927,E-Team,Movie,2014,2014.0,Katy Chevigny
s5927,E-Team,Movie,2014,2014.0,Ross Kauffman
s5928,Wyatt Cenac: Brooklyn,Movie,2014,2014.0,Wyatt Cenac
s5929,Chelsea Handler: Uganda Be Kidding Me Live,Movie,2014,2014.0,James Yukich
s5930,Print the Legend,Movie,2014,2014.0,Luis Lopez
s5930,Print the Legend,Movie,2014,2014.0,Clay Tweel
s5931,Mission Blue,Movie,2014,2014.0,Robert Nixon
s5931,Mission Blue,Movie,2014,2014.0,Fisher Stevens
s5932,The Battered Bastards of Baseball,Movie,2014,2014.0,Chapman Way
s5932,The Battered Bastards of Baseball,Movie,2014,2014.0,Maclain Way
s5933,From One Second to the Next,Movie,2013,2014.0,Werner Herzog
s5935,Mitt,Movie,2014,2014.0,Greg Whiteley
s5936,The Square,Movie,2013,2014.0,Jehane Noujaim
s5937,Shrek the Musical,Movie,2013,2013.0,Jason Moore
s5938,The Short Game,Movie,2013,2013.0,Josh Greenbaum
s5939,Aziz Ansari: Buried Alive,Movie,2013,2013.0,Will Lovelace
s5939,Aziz Ansari: Buried Alive,Movie,2013,2013.0,Dylan Southern
s5942,Being Elmo: A Puppeteer's Journey,Movie,2011,2012.0,Constance Marks
s5943,A Stoning in Fulham County,Movie,1988,2011.0,Larry Elikann
s5944,Adam: His Song Continues,Movie,1986,2011.0,Robert Markowitz
s5945,Hard Lessons,Movie,1986,2011.0,Eric Laneuville
s5946,In Defense of a Married Man,Movie,1990,2011.0,Joel Oliansky
s5947,Quiet Victory: The Charlie Wedemeyer Story,Movie,1988,2011.0,Roy Campanella II
s5948,Strange Voices,Movie,1987,2011.0,Arthur Allan Seidelman
s5949,The Ryan White Story,Movie,1989,2011.0,John Herzfeld
s5950,Too Young the Hero,Movie,1988,2011.0,Buzz Kulik
s5951,Triumph of the Heart,Movie,1991,2011.0,Richard Michaels
s5952,Unspeakable Acts,Movie,1990,2011.0,Linda Otto
s5953,Victim of Beauty,Movie,1991,2011.0,Roger Young
s5954,Joseph: King of Dreams,Movie,2000,2011.0,Rob LaDuca
s5954,Joseph: King of Dreams,Movie,2000,2011.0,Robert C. Ramirez
s5955,Even the Rain,Movie,2010,2011.0,Icíar Bollaín
s5956,Splatter,Movie,2009,2009.0,Joe Dante
s5957,Just Another Love Story,Movie,2007,2009.0,Ole Bornedal
s5958,To and From New York,Movie,2006,2008.0,Sorin Dan Mihalcescu
s5959,9,Movie,2009,2017.0,Shane Acker
s5960,21,Movie,2008,2020.0,Robert Luketic
s5961,187,Movie,1997,2019.0,Kevin Reynolds
s5962,706,Movie,2019,2019.0,Shravan Kumar
s5963,1920,Movie,2008,2017.0,Vikram Bhatt
s5964,Oct-01,Movie,2014,2019.0,Kunle Afolayan
s5966,22-Jul,Movie,2018,2018.0,Paul Greengrass
s5967,15-Aug,Movie,2019,2019.0,Swapnaneel Jayakar
s5969,​Goli Soda 2,Movie,2018,2018.0,Vijay Milton
s5970,​Maj Rati ​​Keteki,Movie,2017,2018.0,Santwana Bardoloi
s5971,​Mayurakshi,Movie,2017,2018.0,Atanu Ghosh
s5972,(T)ERROR,Movie,2015,2016.0,Lyric R. Cabral
s5972,(T)ERROR,Movie,2015,2016.0,David Felix Sutcliffe
s5973,#cats_the_mewvie,Movie,2020,2020.0,Michael Margolis
s5974,#Roxy,Movie,2018,2019.0,Michael Kennedy
s5976,Ég man þig,Movie,2017,2018.0,Óskar Thór Axelsson
s5977,Çok Filim Hareketler Bunlar,Movie,2010,2017.0,Ozan Açıktan
s5978,Æon Flux,Movie,2005,2018.0,Karyn Kusama
s5980,1 Chance 2 Dance,Movie,2014,2017.0,Adam Deyoe
s5981,1 Mile to You,Movie,2017,2017.0,Leif Tilden
s5982,"10,000 B.C.",Movie,2008,2019.0,Roland Emmerich
s5984,100 Years: One Woman's Fight for Justice,Movie,2016,2018.0,Melinda Janko
s5986,12 ROUND GUN,Movie,2017,2019.0,Sam Upton
s5988,13 Cameras,Movie,2015,2016.0,Victor Zarcoff
s5989,13 Sins,Movie,2014,2019.0,Daniel Stamm
s5991,14 Blades,Movie,2010,2019.0,Daniel Lee
s5992,14 Cameras,Movie,2018,2018.0,Scott Hussion
s5992,14 Cameras,Movie,2018,2018.0,Seth Fuller
s5993,16 Blocks,Movie,2006,2019.0,Richard Donner
s5994,17 Again,Movie,2009,2021.0,Burr Steers
s5995,1BR,Movie,2019,2020.0,David Marmor
s5996,1st Summoning,Movie,2018,2019.0,Raymond Wood
s5997,20 Feet From Stardom,Movie,2013,2018.0,Morgan Neville
s5999,2036 Origin Unknown,Movie,2018,2018.0,Hasraf Dulull
s6000,20th Century Women,Movie,2016,2019.0,Mike Mills
s6001,21 & Over,Movie,2013,2019.0,Jon Lucas
s6001,21 & Over,Movie,2013,2019.0,Scott Moore
s6003,2307: Winter's Dream,Movie,2016,2018.0,Joey Curtis
s6004,24 Hours to Live,Movie,2017,2018.0,Brian Smrz
s6005,"27, el club de los malditos",Movie,2018,2018.0,Nicanor Loreti
s6006,27: Gone Too Soon,Movie,2017,2018.0,Simon Napier-Bell
s6007,28 Days,Movie,2000,2020.0,Betty Thomas
s6008,3 Deewarein,Movie,2003,2019.0,Nagesh Kukunoor
s6009,3 Generations,Movie,2015,2017.0,Gaby Dellal
s6010,3 Heroines,Movie,2016,2019.0,Iman Brotoseno
s6011,3 Seconds Divorce,Movie,2018,2019.0,Shazia Javed
s6012,30 Days of Luxury,Movie,2016,2019.0,Hani Hamdi
s6013,30 Minutes or Less,Movie,2011,2021.0,Ruben Fleischer
s6014,300 Miles to Heaven,Movie,1989,2019.0,Maciej Dejczer
s6015,42 Grams,Movie,2017,2018.0,Jack C. Newell
s6016,4th Man Out,Movie,2015,2016.0,Andrew Nackman
s6017,5 Cowok Jagoan,Movie,2017,2019.0,Anggy Umbara
s6018,5 to 7,Movie,2014,2017.0,Victor Levin
s6019,50 First Dates,Movie,2004,2020.0,Peter Segal
s6020,50/50,Movie,2011,2019.0,Jonathan Levine
s6021,5CM,Movie,2012,2018.0,Rizal Mantovani
s6022,6 Days,Movie,2017,2018.0,Toa Fraser
s6023,6-5=2,Movie,2014,2017.0,Bharat Jain
s6024,68 Kill,Movie,2017,2019.0,Trent Haaga
s6025,7 (Seven),TV Show,2019,2019.0,Nizar Shafi
s6026,7 Din Mohabbat In,Movie,2018,2019.0,Meenu Gaur
s6026,7 Din Mohabbat In,Movie,2018,2019.0,Farjad Nabi
s6028,A Bad Moms Christmas,Movie,2017,2020.0,Jon Lucas
s6028,A Bad Moms Christmas,Movie,2017,2020.0,Scott Moore
s6029,A Billion Colour Story,Movie,2016,2018.0,Padmakumar Narasimhamurthy
s6030,A Boy Called Po,Movie,2016,2018.0,John Asher
s6031,A Bridge Too Far,Movie,1977,2020.0,Richard Attenborough
s6032,A Clockwork Orange,Movie,1971,2020.0,Stanley Kubrick
s6033,A Dangerous Woman,Movie,1993,2018.0,Stephen Gyllenhaal
s6034,A Family Affair,Movie,2015,2016.0,Tom Fassaert
s6035,A Family Man,Movie,2016,2019.0,Mark Williams
s6036,A Flying Jatt,Movie,2016,2017.0,Remo D'Souza
s6037,A Glimpse Inside the Mind of Charles Swan III,Movie,2012,2018.0,Roman Coppola
s6039,A Gray State,Movie,2017,2017.0,Erik Nelson
s6040,A Haunted House,Movie,2013,2020.0,Michael Tiddes
s6041,A Haunting at Silver Falls: The Return,Movie,2019,2019.0,Teo Konuralp
s6042,A Holiday Engagement,Movie,2011,2019.0,Jim Fall
s6043,A Kind of Murder,Movie,2016,2017.0,Andy Goddard
s6044,A Leaf of Faith,Movie,2018,2018.0,Chris Bell
s6046,A Mission in an Old Movie,Movie,2012,2019.0,Ahmad El-Badri
s6047,A Most Violent Year,Movie,2014,2018.0,J.C. Chandor
s6048,A Murder in the Park,Movie,2014,2017.0,Christopher S. Rech
s6048,A Murder in the Park,Movie,2014,2017.0,Brandon Kimber
s6050,A Night at the Roxbury,Movie,1998,2019.0,John Fortenberry
s6051,A Noble Intention,Movie,2015,2016.0,Joram Lürsen
s6052,A Patch of Fog,Movie,2015,2017.0,Michael Lennox
s6053,A Perfect Man,Movie,2013,2019.0,Kees Van Oostrum
s6054,A Princess for Christmas,Movie,2011,2020.0,Michael Damian
s6055,A Russell Peters Christmas,Movie,2011,2013.0,Henry Sarwer-Foner
s6056,A Scandall,Movie,2016,2017.0,Ishaan Trivedi
s6057,A Separation,Movie,2011,2019.0,Asghar Farhadi
s6058,A Serious Man,Movie,2009,2018.0,Ethan Coen
s6058,A Serious Man,Movie,2009,2018.0,Joel Coen
s6059,A Sort of Homecoming,Movie,2015,2017.0,Maria Burton
s6060,A Tale of Love and Darkness,Movie,2015,2019.0,Natalie Portman
s6061,A Thin Line Between Love & Hate,Movie,1996,2020.0,Martin Lawrence
s6062,A Thousand Words,Movie,2012,2020.0,Brian Robbins
s6063,A Walk to Remember,Movie,2002,2020.0,Adam Shankman
s6064,A Wednesday,Movie,2008,2018.0,Neeraj Pandey
s6065,A Week in Watts,Movie,2017,2018.0,Gregory Caruso
s6066,A Wrinkle in Time,Movie,2018,2018.0,Ava DuVernay
s6069,A.M.I.,Movie,2019,2020.0,Rusty Nixon
s6070,A.X.L.,Movie,2018,2019.0,Oliver Daly
s6071,Aşk Tesadüfleri Sever,Movie,2011,2018.0,Ömer Faruk Sorak
s6072,Aadu 2,Movie,2017,2018.0,Midhun Manuel Thomas
s6073,Aajcha Divas Majha,Movie,2013,2018.0,Chandrakant Kulkarni
s6074,Aarakshan,Movie,2011,2019.0,Prakash Jha
s6075,Aashayein,Movie,2010,2017.0,Nagesh Kukunoor
s6076,Aata Pita,Movie,2010,2018.0,Uttung Shelar
s6077,Abby Sen,Movie,2015,2017.0,Atanu Ghosh
s6079,Abhinetri,Movie,2016,2018.0,A. L. Vijay
s6080,Abnormal Summit,TV Show,2017,2017.0,Jung-ah Im
s6080,Abnormal Summit,TV Show,2017,2017.0,Seung-uk Jo
s6081,Abominable Christmas,Movie,2012,2016.0,Chad Van De Keere
s6082,About a Boy,Movie,2002,2019.0,Chris Weitz
s6082,About a Boy,Movie,2002,2019.0,Paul Weitz
s6083,Abzurdah,Movie,2015,2016.0,Daniela Goggi
s6084,Acapulco La vida va,Movie,2016,2017.0,Alfonso Serrano Maturino
s6085,Across The Line,Movie,2015,2019.0,Julien Christian Lutz
s6086,Across the Universe,Movie,2007,2019.0,Julie Taymor
s6087,Act of Valor,Movie,2012,2020.0,Mike McCoy
s6087,Act of Valor,Movie,2012,2020.0,Scott Waugh
s6088,Act of Vengeance,Movie,2010,2018.0,Mahsun Kırmızıgül
s6089,Acts of Violence,Movie,2018,2020.0,Brett Donowho
s6091,Addicted to Life,Movie,2014,2020.0,Thierry Donard
s6092,Adore,Movie,2013,2019.0,Anne Fontaine
s6093,Adrishya,Movie,2017,2019.0,Sandeep Chatterjee
s6094,Adventures in Public School,Movie,2018,2018.0,Kyle Rideout
s6096,After Porn Ends,Movie,2012,2019.0,Bryce Wagoner
s6097,After Porn Ends 3,Movie,2018,2018.0,Brittany Andrews
s6098,Afterschool,Movie,2008,2020.0,Antonio Campos
s6099,Aftershock,Movie,2012,2018.0,Nicolás López
s6100,Agatha and the Truth of Murder,Movie,2018,2019.0,Terry Loane
s6104,Ahista Ahista,Movie,2006,2019.0,Shivam Nair
s6105,Ai Weiwei: Never Sorry,Movie,2012,2018.0,Alison Klayman
s6107,Aisa Yeh Jahaan,Movie,2015,2017.0,Biswajeet Bora
s6108,Aitraaz,Movie,2004,2018.0,Abbas Alibhai Burmawalla
s6108,Aitraaz,Movie,2004,2018.0,Mastan Alibhai Burmawalla
s6110,Albion: The Enchanted Stallion,Movie,2016,2017.0,Castille Landon
s6111,Alejandro Sanz: What I Was Is What I Am,Movie,2018,2018.0,Gervasio Iglesias
s6111,Alejandro Sanz: What I Was Is What I Am,Movie,2018,2018.0,Alexis Morante
s6112,Alice Doesn't Live Here Anymore,Movie,1974,2019.0,Martin Scorsese
s6113,Alien Contact: Outer Space,Movie,2017,2018.0,J. Michael Long
s6114,Aliens Ate My Homework,Movie,2018,2018.0,Sean McNamara
s6115,Alive and Kicking,Movie,2016,2017.0,Susan Glatzer
s6116,All About Nina,Movie,2018,2019.0,Eva Vives
s6117,All Dogs Go to Heaven,Movie,1989,2020.0,Don Bluth
s6117,All Dogs Go to Heaven,Movie,1989,2020.0,Gary Goldman
s6117,All Dogs Go to Heaven,Movie,1989,2020.0,Dan Kuenster
s6118,All Good Ones Get Away,Movie,2019,2019.0,Víctor García
s6119,All Hallows' Eve,Movie,2016,2017.0,Charlie Vaughn
s6120,All Light Will End,Movie,2018,2019.0,Chris Blake
s6121,All the Boys Love Mandy Lane,Movie,2006,2018.0,Jonathan Levine
s6122,All the Devil's Men,Movie,2018,2019.0,Matthew Hope
s6123,Alone in Berlin,Movie,2016,2019.0,Vincent Perez
s6124,Along Came a Spider,Movie,2001,2019.0,Lee Tamahori
s6125,Alpha and Omega 2: A Howl-iday Adventure,Movie,2013,2019.0,Richard Rich
s6126,Alpha and Omega: The Legend of the Saw Tooth Cave,Movie,2014,2020.0,Richard Rich
s6128,AlphaGo,Movie,2017,2018.0,Greg Kohs
s6129,Always a Bridesmaid,Movie,2019,2020.0,Trey Haley
s6130,Amar Akbar & Tony,Movie,2015,2017.0,Atul Malhotra
s6131,Amar Akbar Anthony,Movie,1977,2019.0,Manmohan Desai
s6132,Amar's Hands,Movie,2011,2019.0,Khaled Youssef
s6134,American Anarchist,Movie,2016,2017.0,Charlie Siskel
s6135,American Assassin,Movie,2017,2020.0,Michael Cuesta
s6136,American Beauty,Movie,1999,2020.0,Sam Mendes
s6137,American Circumcision,Movie,2017,2018.0,Brendon Marotta
s6139,American Experience: Ruby Ridge,Movie,2017,2017.0,Barak Goodman
s6140,American Experience: The Circus,TV Show,2018,2019.0,Sharon Grimberg
s6141,American Experience: The Island Murder,Movie,2018,2019.0,Mark Zwonitzer
s6142,American Hangman,Movie,2019,2019.0,Wilson Coneybeare
s6143,American Heist,Movie,2014,2019.0,Sarik Andreasyan
s6144,American History X,Movie,1998,2019.0,Tony Kaye
s6145,American Honey,Movie,2016,2019.0,Andrea Arnold
s6146,American Masters: Ted Williams,Movie,2018,2019.0,Nick Davis
s6148,American Psycho,Movie,2000,2019.0,Mary Harron
s6149,American Warfighter,Movie,2019,2019.0,Jerry G. Angelo
s6150,Amy,Movie,2015,2018.0,Asif Kapadia
s6151,An American in Madras,Movie,2013,2017.0,Karan Bali
s6152,An American Tail,Movie,1986,2018.0,Don Bluth
s6153,An American Tail: Fievel Goes West,Movie,1991,2018.0,Phil Nibbelink
s6153,An American Tail: Fievel Goes West,Movie,1991,2018.0,Simon Wells
s6154,An American Tail: The Mystery of the Night Monster,Movie,1999,2018.0,Larry Latham
s6155,An American Tail: The Treasures of Manhattan Island,Movie,2000,2018.0,Larry Latham
s6156,An Hour and a Half,Movie,2012,2019.0,Wael Ehsan
s6158,An Interview with God,Movie,2018,2019.0,Perry Lang
s6159,An Upper Egyptian,Movie,2014,2019.0,Ismail Farouk
s6159,An Upper Egyptian,Movie,2014,2019.0,Hazem Fouda
s6160,Anarkali of Aarah,Movie,2017,2017.0,Avinash Das
s6161,Anchor and Hope,Movie,2017,2019.0,Carlos Marques-Marcet
s6163,Anesthesia,Movie,2015,2018.0,Tim Blake Nelson
s6164,Angel Eyes,Movie,2001,2020.0,Luis Mandoki
s6165,Anger Management,Movie,2003,2019.0,Peter Segal
s6166,Angry Indian Goddesses,Movie,2015,2017.0,Pan Nalin
s6169,Ankur Arora Murder Case,Movie,2013,2017.0,Sohail Tatari
s6170,Annabelle Hooper and the Ghosts of Nantucket,Movie,2016,2017.0,Paul Serafini
s6171,Another Forever,Movie,2016,2017.0,Juan Zapata
s6172,Ant-Man and the Wasp,Movie,2018,2019.0,Peyton Reed
s6173,Antar: Son of Shadad,Movie,2017,2019.0,Sherif Ismail
s6174,Antariksha Ke Rakhwale,Movie,2018,2019.0,Anirban Majumder
s6176,Antidote,Movie,2018,2019.0,Ken Barbet
s6177,Anwar,Movie,2007,2019.0,Manish Jha
s6179,Apache Warrior,Movie,2017,2019.0,David Salzberg
s6179,Apache Warrior,Movie,2017,2019.0,Christian Tureaud
s6180,APEX: The Story of the Hypercar,Movie,2016,2016.0,J.F. Musial
s6180,APEX: The Story of the Hypercar,Movie,2016,2016.0,Josh Vietze
s6181,Apollo 18,Movie,2011,2019.0,Gonzalo López-Gallego
s6182,April and the Extraordinary World,Movie,2015,2017.0,Christian Desmares
s6182,April and the Extraordinary World,Movie,2015,2017.0,Franck Ekinci
s6183,"Aram, Aram",Movie,2015,2017.0,Christopher Chambers
s6184,Are We Done Yet?,Movie,2018,2019.0,Khaled El Halafawy
s6185,Arisan 2,Movie,2011,2018.0,Nia Dinata
s6186,Arthur,Movie,2011,2019.0,Jason Winer
s6187,Arthur Christmas,Movie,2011,2020.0,Sarah Smith
s6188,"As Above, So Below",Movie,2014,2018.0,John Erick Dowdle
s6189,As Good as It Gets,Movie,1997,2020.0,James L. Brooks
s6190,Assimilate,Movie,2019,2019.0,John Murlowski
s6191,Asura: The City of Madness,Movie,2016,2018.0,Sung-soo Kim
s6192,At All Costs,Movie,2016,2016.0,Mike Nicoll
s6193,At First Light,Movie,2018,2018.0,Jason Stone
s6194,ATM,Movie,2012,2018.0,Mez Tharatorn
s6196,Attacking the Devil: Harold Evans and the Last Nazi War Crime,Movie,2014,2016.0,David Morris
s6196,Attacking the Devil: Harold Evans and the Last Nazi War Crime,Movie,2014,2016.0,Jacqui Morris
s6197,Attitude Test,Movie,2016,2018.0,Fabrizio Copano
s6197,Attitude Test,Movie,2016,2018.0,Augusto Matte
s6198,Auschwitz: Blueprints of Genocide,Movie,1994,2019.0,Mike Rossiter
s6200,Automata,Movie,2014,2017.0,Gabe Ibáñez
s6201,Avengers: Infinity War,Movie,2018,2018.0,Anthony Russo
s6201,Avengers: Infinity War,Movie,2018,2018.0,Joe Russo
s6202,Avicii: True Stories,Movie,2017,2018.0,Levan Tsikurishvili
s6203,Azhar,Movie,2016,2019.0,Anthony D'Souza
s6204,B.A. Pass,Movie,2013,2018.0,Ajay Bahl
s6205,Babam ve Oğlum,Movie,2005,2018.0,Çagan Irmak
s6206,Babel,Movie,2006,2019.0,Alejandro G. Iñárritu
s6207,Bachelor Girls,Movie,2016,2018.0,Shikha Makan
s6208,Back and Forth,Movie,2016,2017.0,José Eduardo Belmonte
s6209,Backcountry,Movie,2014,2017.0,Adam MacDonald
s6210,Backfire,Movie,2019,2019.0,Dave Patten
s6211,Backtrack,Movie,2015,2018.0,Michael Petroni
s6212,Bad Boys,Movie,1995,2019.0,Michael Bay
s6213,Bad Boys II,Movie,2003,2019.0,Michael Bay
s6215,Bad Match,Movie,2017,2018.0,David Chirchirillo
s6216,Bad Rap,Movie,2016,2017.0,Salima Koroma
s6218,Badha,Movie,2006,2018.0,Sumitra Bhave
s6218,Badha,Movie,2006,2018.0,Sunil Sukthankar
s6219,Badland,Movie,2019,2020.0,Justin Lee
s6221,Balto,Movie,1995,2018.0,Simon Wells
s6222,Balto 2: Wolf Quest,Movie,2001,2018.0,Phil Weinstein
s6223,Balto 3: Wings of Change,Movie,2004,2018.0,Phil Weinstein
s6224,Balu Mahi,Movie,2017,2018.0,Haissam Hussain
s6225,Bana Masal Anlatma,Movie,2015,2017.0,Burak Aksak
s6226,Band Aid,Movie,2017,2019.0,Zoe Lister-Jones
s6227,Band of Robbers,Movie,2015,2016.0,Aaron Nee
s6227,Band of Robbers,Movie,2015,2016.0,Adam Nee
s6228,Bang Rajan 2,Movie,2010,2018.0,Tanit Jitnukul
s6230,Bangkok Hell,Movie,2002,2018.0,Manop Janjarasskul
s6231,Bangkok Traffic (Love) Story,Movie,2009,2018.0,Adisorn Tresirikasem
s6232,Barça Dreams,Movie,2015,2018.0,Jordi Llompart
s6233,Barah Aana,Movie,2009,2019.0,Raja Menon
s6234,Barbecue,Movie,2017,2017.0,Matthew Salleh
s6235,Barbie & Her Sisters in a Pony Tale,Movie,2013,2017.0,Kyran Kelly
s6236,Barbie in A Mermaid Tale,Movie,2010,2017.0,Adam Wood
s6237,Barbie in Princess Power,Movie,2015,2017.0,Zeke Norton
s6238,Barbie in Rock 'N Royals,Movie,2015,2017.0,Karen J. Lloyd
s6239,Barbie Star Light Adventure,Movie,2016,2017.0,Andrew Tan
s6239,Barbie Star Light Adventure,Movie,2016,2017.0,Michael Goguen
s6240,Barbie: A Fairy Secret,Movie,2010,2017.0,William Lau
s6241,Barbie: Princess Charm School,Movie,2011,2017.0,Ezekiel Norton
s6242,Barbie: Spy Squad,Movie,2016,2017.0,Conrad Helten
s6243,Barbie: The Princess & the Popstar,Movie,2012,2017.0,Ezekiel Norton
s6244,Barbie: Video Game Hero,Movie,2017,2017.0,Conrad Helten
s6244,Barbie: Video Game Hero,Movie,2017,2017.0,Ezekiel Norton
s6244,Barbie: Video Game Hero,Movie,2017,2017.0,Michael Goguen
s6245,Barely Lethal,Movie,2015,2018.0,Kyle Newman
s6246,Barrio Universitario,Movie,2013,2018.0,Esteban Vidal
s6247,Barsaat,Movie,1995,2018.0,Rajkumar Santoshi
s6248,BASEketball,Movie,1998,2018.0,David Zucker
s6249,Basic Instinct,Movie,1992,2020.0,Paul Verhoeven
s6252,Bathtubs Over Broadway,Movie,2018,2019.0,Dava Whisenant
s6255,Bawarchi,Movie,1972,2019.0,Hrishikesh Mukherjee
s6256,Bazaar,Movie,1982,2019.0,Sagar Sarhadi
s6257,Be Here Now,Movie,2015,2017.0,Lilibet Foster
s6258,Be Somebody,Movie,2016,2019.0,Joshua Caldwell
s6260,Beak & Brain: Genius Birds From Down Under,Movie,2013,2017.0,Volker Arzt
s6260,Beak & Brain: Genius Birds From Down Under,Movie,2013,2017.0,Angelika Sigl
s6261,Bean: The Ultimate Disaster Movie,Movie,1997,2018.0,Mel Smith
s6267,Beavis and Butt-head Do America,Movie,1996,2019.0,Mike Judge
s6268,Bebe's Kids,Movie,1992,2019.0,Bruce W. Smith
s6269,Because of Soccer,Movie,2008,2018.0,Agasyah Karim
s6269,Because of Soccer,Movie,2008,2018.0,Khalid Kashogi
s6270,Because We're Heading Out,Movie,2016,2019.0,Khaled El Halafawy
s6271,Becoming Jane,Movie,2007,2019.0,Julian Jarrold
s6272,Bedtime Stories,Movie,2008,2019.0,Adam Shankman
s6273,Before the Flood,Movie,2016,2018.0,Fisher Stevens
s6274,"Behind ""The Cove"": The Quiet Japanese Speak Out",Movie,2015,2017.0,Keiko Yagi
s6275,Behind the Curtain: Todrick Hall,Movie,2017,2018.0,Katherine Fairfax Wright
s6278,Beiimaan Love,Movie,2016,2017.0,Rajeev Chaudhari
s6279,Being AP,Movie,2015,2016.0,Anthony Wonke
s6281,Below Her Mouth,Movie,2016,2017.0,April Mullen
s6283,Beneath the Leaves,Movie,2019,2019.0,Adam Marino
s6284,Benji: Off the Leash,Movie,2004,2018.0,Joe Camp
s6285,Benji's Very Own Christmas Story,Movie,1978,2018.0,Joe Camp
s6286,Berlin Kaplani,Movie,2012,2017.0,Hakan Algül
s6288,Best Neighbors,Movie,2014,2019.0,Tamer Bassiouni
s6289,Betting on Zero,Movie,2017,2017.0,Ted Braun
s6290,Bewafaa,Movie,2005,2019.0,Dharmesh Darshan
s6291,Bewildered Bolbol,Movie,2010,2019.0,Khaled Marei
s6293,Beyond All Boundaries,Movie,2013,2017.0,Sushrut Jain
s6294,Beyond the Clouds,Movie,2018,2018.0,Majid Majidi
s6297,Bhagam Bhag,Movie,2006,2019.0,Priyadarshan
s6298,Bheemayan,Movie,2018,2019.0,Rajiv Chilaka
s6299,Bhool Bhulaiyaa,Movie,2007,2017.0,Priyadarshan
s6300,Bhoot,Movie,2003,2019.0,Ram Gopal Varma
s6301,Bhouri,Movie,2017,2017.0,Jasbir Bijendra Bhati
s6303,Big Bear,Movie,2017,2018.0,Joey Kern
s6304,Big Daddy,Movie,1999,2020.0,Dennis Dugan
s6306,Big Fat Liar,Movie,2002,2020.0,Shawn Levy
s6307,Big Kill,Movie,2018,2019.0,Scott Martin
s6308,Big Time,Movie,2017,2018.0,Kaspar Astrup Schröder
s6309,Bigger Fatter Liar,Movie,2017,2017.0,Ron Oliver
s6310,Biggie & Tupac,Movie,2002,2019.0,Nick Broomfield
s6311,Bill Burr: Let It Go,Movie,2010,2017.0,Shannon Hartman
s6312,Billy Elliot,Movie,2000,2019.0,Stephen Daldry
s6313,Billy Graham: An Extraordinary Journey,Movie,2018,2019.0,Vonda Harrell
s6313,Billy Graham: An Extraordinary Journey,Movie,2018,2019.0,Daniel Camenisch
s6314,Bilu Rakkhosh,Movie,2017,2018.0,Indrasis Acharya
s6315,Bioscope,Movie,2015,2018.0,Gajendra Ahire
s6315,Bioscope,Movie,2015,2018.0,Viju Mane
s6315,Bioscope,Movie,2015,2018.0,Girish Mohite
s6315,Bioscope,Movie,2015,2018.0,Ravi Jadhav
s6316,Birthmarked,Movie,2018,2018.0,Emanuel Hoss-Desmarais
s6317,Bitch,Movie,2017,2018.0,Marianna Palka
s6318,Bitcoin Heist,Movie,2016,2017.0,Ham Tran
s6320,Bitter Daisies,TV Show,2018,2019.0,Miguel Conde
s6321,Bittoo Boss,Movie,2012,2020.0,Supavitra Babul
s6322,Black & Privileged: Volume 1,Movie,2019,2019.0,Mark Harris
s6323,Black Hawk Down,Movie,2001,2019.0,Ridley Scott
s6325,Black Man White Skin,Movie,2015,2016.0,Jose Manuel Colón
s6326,Black Panther,Movie,2018,2018.0,Ryan Coogler
s6327,Black Site Delta,Movie,2017,2017.0,Jesse Gustafson
s6328,Black Snake Moan,Movie,2007,2019.0,Craig Brewer
s6329,Black Snow,Movie,2017,2017.0,Martin Hodara
s6330,Blackfish,Movie,2013,2020.0,Gabriela Cowperthwaite
s6331,Blackway,Movie,2015,2017.0,Daniel Alfredson
s6332,Blaze,Movie,2018,2020.0,Ethan Hawke
s6333,Bleed for This,Movie,2016,2020.0,Ben Younger
s6334,Blinky Bill: The Movie,Movie,2015,2017.0,Deane Taylor
s6335,Blockbuster,Movie,2017,2018.0,July Hygreck
s6337,Blood Father,Movie,2016,2020.0,Jean-François Richet
s6338,Blow,Movie,2001,2019.0,Ted Demme
s6339,Blue Is the Warmest Color,Movie,2013,2016.0,Abdellatif Kechiche
s6340,Blue Jasmine,Movie,2013,2019.0,Woody Allen
s6341,Blue Mountain State: The Rise of Thadland,Movie,2016,2016.0,Lev L. Spiro
s6343,Blue Ruin,Movie,2013,2019.0,Jeremy Saulnier
s6344,Blue Streak,Movie,1999,2021.0,Les Mayfield
s6345,Blue Valentine,Movie,2010,2018.0,Derek Cianfrance
s6346,Blurred Lines: Inside the Art World,Movie,2017,2017.0,Barry Avrich
s6347,Bob Lazar: Area 51 & Flying Saucers,Movie,2018,2019.0,Jeremy Kenyon Lockyer Corbell
s6349,Bob's Broken Sleigh,Movie,2015,2015.0,Jay Surridge
s6350,Bobbi Jene,Movie,2017,2018.0,Elvira Lind
s6351,Bobby,Movie,1973,2019.0,Raj Kapoor
s6352,Bobby Robson: More Than a Manager,Movie,2018,2018.0,Gabriel Clarke
s6352,Bobby Robson: More Than a Manager,Movie,2018,2018.0,Torquil Jones
s6353,Bobby Sands: 66 Days,Movie,2016,2017.0,Brendan Byrne
s6354,Bokeh,Movie,2017,2017.0,Geoffrey Orthwein
s6354,Bokeh,Movie,2017,2017.0,Andrew Sullivan
s6355,Bolt,Movie,2008,2018.0,Byron Howard
s6355,Bolt,Movie,2008,2018.0,Chris Williams
s6356,Bombshell: The Hedy Lamarr Story,Movie,2017,2018.0,Alexandra Dean
s6357,Bon Bini Holland,Movie,2015,2016.0,Jelle de Jonge
s6359,Bonnie and Clyde,Movie,1967,2021.0,Arthur Penn
s6360,Boom,Movie,2003,2018.0,Kaizad Gustad
s6363,Born Strong,Movie,2017,2017.0,Gary Cohen
s6363,Born Strong,Movie,2017,2017.0,Ross Hockrow
s6364,Born to Be Free,Movie,2016,2017.0,Gayane Petrosyan
s6366,Bottom of the World,Movie,2017,2020.0,Richard Sears
s6367,Boy and the World,Movie,2013,2017.0,Alê Abreu
s6368,Boy Bye,Movie,2016,2019.0,Chris Stokes
s6370,Brampton's Own,Movie,2018,2019.0,Michael Doneger
s6371,Bratz: The Movie,Movie,2007,2020.0,Sean McNamara
s6372,Brave Miss World,TV Show,2013,2018.0,Cecilia Peck
s6373,Brave New Jersey,Movie,2016,2017.0,Jody Lambert
s6375,Breaking Free,Movie,2015,2017.0,Sridhar Rangayan
s6376,Breath,Movie,2018,2018.0,Simon Baker
s6377,Brick,Movie,2005,2018.0,Rian Johnson
s6378,Bring It On: Worldwide Showdown,Movie,2017,2017.0,Robert Adetuyi
s6380,Brooklyn's Finest,Movie,2009,2018.0,Antoine Fuqua
s6381,Brotherhood of Blades II: The Infernal Battlefield,Movie,2017,2018.0,Lu Yang
s6383,Bruno and Boots: Go Jump in the Pool,Movie,2016,2017.0,Vivieno Caldinelli
s6384,Bruno and Boots: The Wizzle War,Movie,2017,2017.0,Vivieno Caldinelli
s6385,Bruno and Boots: This Can't Be Happening at Macdonald Hall,Movie,2017,2017.0,Vivieno Caldinelli
s6387,Buffalo Boys,Movie,2018,2019.0,Mike Wiluan
s6388,Bugs,Movie,2016,2018.0,Andreas Johnsen
s6389,Bullitt County,Movie,2018,2019.0,David McCracken
s6391,Burlesque,Movie,2010,2019.0,Steve Antin
s6392,Burlesque: Heart of the Glitter Tribe,Movie,2017,2017.0,Jon Manning
s6393,Burning,Movie,2018,2019.0,Lee Chang-dong
s6395,Bushwick,Movie,2017,2017.0,Cary Murnion
s6395,Bushwick,Movie,2017,2017.0,Jonathan Milott
s6396,Butterfield 8,Movie,1960,2019.0,Daniel Mann
s6397,Cézanne et moi,Movie,2016,2017.0,Daniele Thompson
s6398,Cabin Fever,Movie,2016,2019.0,Travis Zariwny
s6400,Cahaya Dari Timur Beta Maluku,Movie,2014,2018.0,Angga Dwimas Sasongko
s6401,Caida del Cielo,Movie,2016,2017.0,Néstor Sánchez Sotelo
s6403,Cake,Movie,2018,2019.0,Asim Abbasi
s6404,Calendar Girls,Movie,2015,2017.0,Madhur Bhandarkar
s6406,Calico Critters: A Town of Dreams,Movie,2017,2018.0,Momoko Kamiya
s6407,Calico Critters: The Treasure of Calico Village,Movie,2017,2018.0,Momoko Kamiya
s6409,Camelia la Texana,TV Show,2014,2017.0,Carlos Bolado
s6410,Camera Store,Movie,2016,2017.0,Scott Marshall Smith
s6411,Camp Cool Kids,Movie,2017,2018.0,Lisa Arnold
s6413,Camp X-Ray,Movie,2014,2017.0,Peter Sattler
s6415,Can't Hardly Wait,Movie,1998,2021.0,Harry Elfont
s6415,Can't Hardly Wait,Movie,1998,2021.0,Deborah Kaplan
s6416,Candyman,Movie,1992,2019.0,Bernard Rose
s6418,Capital in the Twenty-First Century,Movie,2019,2020.0,Justin Pemberton
s6419,Cappuccino,Movie,2017,2018.0,Noushad
s6420,Cardboard Gangsters,Movie,2016,2018.0,Mark O'Connor
s6422,Caregiver,Movie,2008,2019.0,Chito S. Roño
s6423,Carol,Movie,2015,2020.0,Todd Haynes
s6424,Carrie,Movie,1976,2019.0,Brian De Palma
s6425,Carriers,Movie,2009,2019.0,Àlex Pastor
s6425,Carriers,Movie,2009,2019.0,David Pastor
s6426,Casa de mi Padre,Movie,2012,2012.0,Matt Piedmont
s6428,Casino Royale,Movie,2006,2020.0,Martin Campbell
s6429,Casino Tycoon,Movie,1992,2018.0,Wong Jing
s6430,Casino Tycoon 2,Movie,1992,2018.0,Wong Jing
s6432,Cat on a Hot Tin Roof,Movie,1958,2019.0,Richard Brooks
s6433,Catching the Sun,Movie,2015,2016.0,Shalini Kantayya
s6434,Cats & Dogs: The Revenge of Kitty Galore,Movie,2010,2019.0,Brad Peyton
s6435,Catwalk: Tales from the Cat Show Circuit,Movie,2018,2019.0,Aaron Hancox
s6435,Catwalk: Tales from the Cat Show Circuit,Movie,2018,2019.0,Michael McNamara
s6436,Cave,Movie,2016,2017.0,Henrik Martin Dahlsbakken
s6437,Celluloid Man,Movie,2012,2017.0,Shivendra Singh Dungarpur
s6438,Center Stage,Movie,2000,2020.0,Nicholas Hytner
s6439,Chaar Sahibzaade,Movie,2014,2018.0,Harry Baweja
s6440,Chal Dhar Pakad,Movie,2010,2018.0,Aatmaram Dharne
s6441,Chal Mere Bhai,Movie,2000,2019.0,David Dhawan
s6442,Chalay Thay Saath,Movie,2017,2018.0,Umer Adil
s6443,Chandani: The Daughter of the Elephant Whisperer,Movie,2010,2017.0,Arne Birkenstock
s6444,Change in the Air,Movie,2018,2020.0,Dianne Dreyer
s6445,Chaotic Love Poems,Movie,2016,2019.0,Garin Nugroho
s6446,Chappaquiddick,Movie,2017,2018.0,John Curran
s6447,Charlie and the Chocolate Factory,Movie,2005,2020.0,Tim Burton
s6448,Charlie's Angels: Full Throttle,Movie,2003,2019.0,McG
s6449,Charlotte's Web,Movie,1973,2019.0,Charles A. Nichols
s6449,Charlotte's Web,Movie,1973,2019.0,Iwao Takamoto
s6450,Chashme Buddoor,Movie,2013,2017.0,David Dhawan
s6451,Chasing Amy,Movie,1997,2020.0,Kevin Smith
s6453,Chasing the Dragon,Movie,2017,2018.0,Wong Jing
s6453,Chasing the Dragon,Movie,2017,2018.0,Jason Kwan
s6454,Chasing Trane,Movie,2016,2017.0,John Scheinfeld
s6455,Chauthi Koot,Movie,2015,2017.0,Gurvinder Singh
s6459,Chernobyl Diaries,Movie,2012,2018.0,Bradley Parker
s6462,Chhota Bheem Aur Kaala Yodha,Movie,2018,2019.0,Sidheswar Shukla
s6462,Chhota Bheem Aur Kaala Yodha,Movie,2018,2019.0,Asit Mohapatra
s6463,Chhota Bheem Ka Romani Adventure,Movie,2018,2019.0,Asit Mohapatra
s6463,Chhota Bheem Ka Romani Adventure,Movie,2018,2019.0,Shyamal Chaulia
s6464,Chhota Bheem Ka Troll Se Takkar,Movie,2018,2019.0,Shyamal Chaulia
s6464,Chhota Bheem Ka Troll Se Takkar,Movie,2018,2019.0,Asit Mohapatra
s6465,Chhota Bheem Kungfu Dhamaka,Movie,2019,2019.0,Rajiv Chilaka
s6465,Chhota Bheem Kungfu Dhamaka,Movie,2019,2019.0,Binayak Das
s6466,Chicken Kokkachi,Movie,2017,2018.0,Anuranjan Premji
s6467,Chicken Little,Movie,2005,2016.0,Mark Dindal
s6468,Chief Daddy,Movie,2018,2019.0,Niyi Akinmolayan
s6469,Child's Play,Movie,1988,2019.0,Tom Holland
s6471,China Salesman,Movie,2017,2018.0,Tan Bing
s6472,Chingo Bling: They Can't Deport Us All,Movie,2017,2017.0,Luis Lopez
s6473,Chittagong,Movie,2012,2018.0,Bedabrata Pain
s6474,Chitty Chitty Bang Bang,Movie,1968,2020.0,Ken Hughes
s6475,Chloe,Movie,2009,2020.0,Atom Egoyan
s6476,Chris Brown: Welcome to My Life,Movie,2017,2017.0,Andrew Sandler
s6477,Christian Mingle,Movie,2014,2019.0,Corbin Bernsen
s6479,Christmas Crush,Movie,2012,2019.0,Marita Grabiak
s6480,Christmas in the Smokies,Movie,2015,2019.0,Gary Wheeler
s6481,Christmas with the Kranks,Movie,2004,2019.0,Joe Roth
s6482,Christopher Robin,Movie,2018,2019.0,Marc Forster
s6483,Chronicle of an Escape,Movie,2006,2018.0,Israel Adrián Caetano
s6485,Chupan Chupai,Movie,2017,2019.0,Mohsin Ali
s6486,Chupke Chupke,Movie,1975,2019.0,Hrishikesh Mukherjee
s6487,Cirque du Freak: The Vampire's Assistant,Movie,2009,2018.0,Paul Weitz
s6489,City of God,Movie,2002,2020.0,Fernando Meirelles
s6489,City of God,Movie,2002,2020.0,Katia Lund
s6490,City of Tiny Lights,Movie,2016,2017.0,Pete Travis
s6492,Clarence Clemons: Who Do I Think I Am?,Movie,2019,2019.0,Nick Mead
s6493,Clash of the Titans,Movie,2010,2019.0,Louis Leterrier
s6494,Class of '61,Movie,1993,2018.0,Gregory Hoblit
s6495,Class Rank,Movie,2018,2018.0,Eric Stoltz
s6497,Cleopatra Jones,Movie,1973,2019.0,Jack Starrett
s6498,Click,Movie,2006,2020.0,Frank Coraci
s6500,Clive Davis: The Soundtrack of Our Lives,Movie,2017,2019.0,Chris Perkel
s6501,Closed Circuit,Movie,2013,2017.0,John Crowley
s6502,Cloud Atlas,Movie,2012,2017.0,Lilly Wachowski
s6502,Cloud Atlas,Movie,2012,2017.0,Lana Wachowski
s6502,Cloud Atlas,Movie,2012,2017.0,Tom Tykwer
s6503,Clouds of Sils Maria,Movie,2014,2017.0,Olivier Assayas
s6504,Cloverfield,Movie,2008,2020.0,Matt Reeves
s6511,Coach Carter,Movie,2005,2020.0,Thomas Carter
s6512,Code Name: The Cleaner,Movie,2007,2019.0,Les Mayfield
s6513,Coffee with D,Movie,2017,2017.0,Vishal Mishra
s6516,Colkatay Columbus,Movie,2016,2017.0,Saurav Palodhi
s6517,Colonia,Movie,2015,2018.0,Florian Gallenberger
s6518,Colours of Passion,Movie,2008,2018.0,Ketan Mehta
s6519,Come and Find Me,Movie,2016,2019.0,Zack Whedon
s6522,Command and Control,Movie,2017,2017.0,Robert Kenner
s6523,Company,Movie,2002,2018.0,Ram Gopal Varma
s6524,Compulsion,Movie,2016,2018.0,Craig Goodwill
s6526,Concrete Football,Movie,2016,2017.0,Jesse Adang
s6526,Concrete Football,Movie,2016,2017.0,Syrine Boulanouar
s6527,Concussion,Movie,2013,2018.0,Stacie Passon
s6528,Conjuring Spirit,Movie,2014,2018.0,Van M. Pham
s6529,Conor McGregor: Notorious,Movie,2017,2018.0,Gavin Fitzgerald
s6530,Consequences ,Movie,2014,2019.0,Ozan Açıktan
s6531,Contract,Movie,2008,2019.0,Ram Gopal Varma
s6532,Convict,Movie,2014,2019.0,Abdul Aziz Hashad
s6534,Cool Hand Luke,Movie,1967,2021.0,Stuart Rosenberg
s6535,Cop and a Half: New Recruit,Movie,2017,2017.0,Jon Rosenbaum
s6536,Cop Watchers,Movie,2016,2017.0,Ben Steele
s6537,Coraline,Movie,2009,2017.0,Henry Selick
s6538,Counterfeiting in Suburbia,Movie,2018,2018.0,Jason Bourque
s6540,Covered: Alive in Asia,Movie,2016,2016.0,Micah Bickham
s6540,Covered: Alive in Asia,Movie,2016,2016.0,Galley Molina
s6541,Crash,Movie,2004,2019.0,Paul Haggis
s6542,CRD,Movie,2016,2019.0,Kranti Kanade
s6544,"Crouching Tiger, Hidden Dragon",Movie,2000,2019.0,Ang Lee
s6545,Cult of Chucky,Movie,2017,2017.0,Don Mancini
s6546,Cutie and the Boxer,Movie,2013,2018.0,Zachary Heinzerling
s6547,Daagdi Chaawl,Movie,2015,2018.0,Chandrakant Kanse
s6548,Dabbe 6: The Return,Movie,2015,2019.0,Hasan Karacadağ
s6549,Dad,Movie,1989,2018.0,Gary David Goldberg
s6551,Daddy Day Care,Movie,2003,2019.0,Steve Carr
s6552,Daddy Issues,Movie,2019,2019.0,Amara Cash
s6553,Daemonium,Movie,2015,2016.0,Pablo Parés
s6554,Daffedar,Movie,2017,2018.0,Johnson Esthappan
s6555,Dagh Ujala,Movie,2015,2018.0,Raj Amit Kumar
s6556,Dallas Buyers Club,Movie,2013,2018.0,Jean-Marc Vallée
s6558,Dance Academy: The Comeback,Movie,2017,2018.0,Jeffrey Walker
s6559,Dancing Quietly,Movie,2016,2017.0,Philipp Eichholtz
s6562,Danny Says,Movie,2015,2017.0,Brendan Toller
s6563,Dante's Peak,Movie,1997,2019.0,Roger Donaldson
s6565,Dark Chocolate (Bengali Version),Movie,2016,2017.0,Agnidev Chatterjee
s6566,Dark Crimes,Movie,2016,2019.0,Alexandros Avranas
s6567,Dark Places,Movie,2015,2018.0,Gilles Paquet-Brenner
s6568,Darna Mana Hai,Movie,2003,2019.0,Prawal Raman
s6570,Darra,Movie,2016,2017.0,Parveen Kumar
s6571,Daughters of the Dust,Movie,1991,2017.0,Julie Dash
s6574,Dayveon,Movie,2017,2018.0,Amman Abbasi
s6575,De Film van Dylan Haegens,Movie,2018,2019.0,Dylan Haegens
s6575,De Film van Dylan Haegens,Movie,2018,2019.0,Bas van Teylingen
s6576,De Palma,Movie,2015,2018.0,Noah Baumbach
s6576,De Palma,Movie,2015,2018.0,Jake Paltrow
s6577,Dead in a Week (Or Your Money Back),Movie,2018,2019.0,Tom Edmunds
s6578,Deadline: Sirf 24 Ghante,Movie,2006,2019.0,Tanveer Khan
s6579,Deadly Scholars,Movie,2018,2019.0,Danny J. Boyle
s6580,Dean,Movie,2016,2020.0,Demetri Martin
s6581,Dear Dad,Movie,2016,2019.0,Tanuj Bhramar
s6582,Dear Dracula,Movie,2012,2016.0,Chad Van De Keere
s6583,Dear Santa,Movie,2011,2019.0,Jason Priestley
s6584,Death at a Funeral,Movie,2010,2020.0,Neil LaBute
s6585,Death House,Movie,2017,2019.0,Harrison Smith
s6586,Deathgrip,Movie,2017,2018.0,Clay Porter
s6589,Deewangee,Movie,2002,2020.0,Anees Bazmee
s6590,Defying the Nazis: The Sharps' War,Movie,2016,2017.0,Ken Burns
s6590,Defying the Nazis: The Sharps' War,Movie,2016,2017.0,Artemis Joukowsky
s6591,Delirium,Movie,2018,2018.0,Dennis Iliadis
s6592,Democrats,Movie,2014,2016.0,Camilla Nielsson
s6593,Den of Thieves,Movie,2018,2020.0,Christian Gudegast
s6594,Denis Leary: No Cure For Cancer,Movie,1992,2017.0,Ted Demme
s6595,Desolate,Movie,2018,2020.0,Frederick Cipoletti
s6596,Desolation,Movie,2017,2018.0,Sam Patton
s6597,Detention Letter,Movie,2017,2019.0,Mohamed Samy
s6598,Detour,Movie,2016,2017.0,Christopher Smith
s6599,Deviant Love,Movie,2019,2019.0,Michael Feifer
s6600,Devil's Bride,Movie,2016,2017.0,Saara Cantell
s6601,Devil's Gate,Movie,2017,2020.0,Clay Staub
s6603,Devrai,Movie,2004,2018.0,Sumitra Bhave
s6603,Devrai,Movie,2004,2018.0,Sunil Sukthankar
s6605,Dhamaal,Movie,2007,2019.0,Indra Kumar
s6606,Di Renjie zhi Sidatianwang,Movie,2018,2019.0,Hark Tsui
s6607,Diana: 7 Days That Shook the World,Movie,2017,2017.0,Ben Ryder
s6609,Diary of a Chambermaid,Movie,2015,2016.0,Benoît Jacquot
s6610,Die Another Day,Movie,2002,2019.0,Lee Tamahori
s6611,Dil Hai Tumhaara,Movie,2002,2018.0,Kundan Shah
s6613,Dinner for Schmucks,Movie,2010,2020.0,Jay Roach
s6615,Disciples Of The 36th Chamber,Movie,1985,2018.0,Chia-Liang Liu
s6616,Discovering Bigfoot,Movie,2017,2017.0,Todd Standing
s6617,Dismissed,Movie,2017,2018.0,Benjamin Arfmann
s6618,District 9,Movie,2009,2019.0,Neill Blomkamp
s6620,Doctor Zhivago,Movie,1965,2019.0,David Lean
s6621,Dog Eat Dog,Movie,2016,2016.0,Paul Schrader
s6622,Dolphin Kick,Movie,2019,2019.0,Philip Marlatt
s6623,Dolphin Tale 2,Movie,2014,2019.0,Charles Martin Smith
s6624,Domino,Movie,2019,2019.0,Brian De Palma
s6625,Don Quixote: The Ingenious Gentleman of La Mancha,Movie,2015,2018.0,Mahin Ibrahim
s6625,Don Quixote: The Ingenious Gentleman of La Mancha,Movie,2015,2018.0,Austin Kolodney
s6625,Don Quixote: The Ingenious Gentleman of La Mancha,Movie,2015,2018.0,Will Lowell
s6625,Don Quixote: The Ingenious Gentleman of La Mancha,Movie,2015,2018.0,David Beier
s6625,Don Quixote: The Ingenious Gentleman of La Mancha,Movie,2015,2018.0,Dave Dorsey
s6625,Don Quixote: The Ingenious Gentleman of La Mancha,Movie,2015,2018.0,Xu Zhang
s6625,Don Quixote: The Ingenious Gentleman of La Mancha,Movie,2015,2018.0,Alana Waksman
s6625,Don Quixote: The Ingenious Gentleman of La Mancha,Movie,2015,2018.0,Jon YonKondy
s6625,Don Quixote: The Ingenious Gentleman of La Mancha,Movie,2015,2018.0,Drue Metz
s6625,Don Quixote: The Ingenious Gentleman of La Mancha,Movie,2015,2018.0,Brandon Somerhalder
s6626,Don Verdean,Movie,2015,2020.0,Jared Hess
s6627,Don't Be Afraid of the Dark,Movie,2010,2019.0,Troy Nixey
s6628,Don't Crack Under Pressure,Movie,2015,2020.0,Thierry Donard
s6629,Don't Crack Under Pressure II,Movie,2016,2020.0,Thierry Donard
s6630,Don't Crack Under Pressure III,Movie,2017,2020.0,Thierry Donard
s6631,Don't Knock Twice,Movie,2016,2019.0,Caradog W. James
s6632,Don't Look Down,Movie,2016,2017.0,Daniel Gordon
s6633,Don't Think Twice,Movie,2016,2017.0,Mike Birbiglia
s6634,Donnie Brasco,Movie,1997,2020.0,Mike Newell
s6635,Doom,Movie,2005,2020.0,Andrzej Bartkowiak
s6637,Doubles Cause Troubles,Movie,1989,2018.0,Wong Jing
s6638,Doubt,Movie,2008,2019.0,John Patrick Shanley
s6639,Down The Fence,Movie,2017,2018.0,M.J. Isakson
s6640,Dr. Seuss' The Cat in the Hat,Movie,2003,2019.0,Bo Welch
s6641,Dr. Seuss' The Grinch,Movie,2018,2019.0,Scott Mosier
s6641,Dr. Seuss' The Grinch,Movie,2018,2019.0,Yarrow Cheney
s6642,Dragonheart,Movie,1996,2020.0,Rob Cohen
s6643,Dragonheart 3: The Sorcerer,Movie,2015,2020.0,Colin Teague
s6644,Dragonheart: A New Beginning,Movie,2000,2020.0,Doug Lefler
s6645,Dragonheart: Battle for the Heartfire,Movie,2017,2017.0,Patrik Syversen
s6646,Dragonkala Ka Rahasya,Movie,2018,2019.0,Rajiv Chilaka
s6648,Dream Big: Engineering Our World,Movie,2017,2018.0,Greg MacGillivray
s6649,Dream Boat,Movie,2017,2017.0,Tristan Ferland Milewski
s6650,Dries,Movie,2017,2018.0,Reiner Holzemer
s6654,Dukhtar,Movie,2014,2016.0,Afia Nathaniel
s6655,Dum,Movie,2003,2018.0,Eeshwar Nivas
s6656,Dumb and Dumberer: When Harry Met Lloyd,Movie,2003,2019.0,Troy Miller
s6657,E-Cigarettes: Miracle or Menace?,Movie,2016,2019.0,Emma Hatherley
s6658,Earth to Echo,Movie,2014,2019.0,Dave Green
s6662,East Side Sushi,Movie,2015,2020.0,Anthony Lucero
s6663,Easy A,Movie,2010,2020.0,Will Gluck
s6665,Eat Pray Love,Movie,2010,2019.0,Ryan Murphy
s6666,Eddie Murphy: Delirious,Movie,1983,2018.0,Bruce Gowers
s6667,Eeda,Movie,2018,2018.0,Ajithkumar
s6668,Eh Janam Tumhare Lekhe,Movie,2015,2017.0,Harjit Singh
s6669,Ek Cup Chya,Movie,2009,2018.0,Sumitra Bhave
s6669,Ek Cup Chya,Movie,2009,2018.0,Sunil Sukthankar
s6670,Ek Hasina Thi,Movie,2004,2019.0,Sriram Raghavan
s6671,El último testigo,Movie,2012,2018.0,Philipp Stölzl
s6676,El Che,Movie,2017,2017.0,Matías Gueilburt
s6678,El fin de ETA,Movie,2017,2017.0,Justin Webster
s6680,El Viaje: Márama y Rombai,Movie,2016,2017.0,Federico Lemos
s6681,Elephants Dream 4 Hour,Movie,2006,2018.0,Bassam Kurdali
s6682,Elizabeth at 90: A Family Tribute,Movie,2016,2017.0,John Bridcut
s6683,Elizabeth Harvest,Movie,2019,2020.0,Sebastian Gutierrez
s6684,Elles étaient en guerre (1914-1918),Movie,2014,2017.0,Fabien Beziat
s6684,Elles étaient en guerre (1914-1918),Movie,2014,2017.0,Hugues Nancy
s6685,Elles étaient en guerre 1939-1945,Movie,2015,2018.0,Hugues Nancy
s6685,Elles étaient en guerre 1939-1945,Movie,2015,2018.0,Fabien Beziat
s6686,Elles ont toutes une histoire,Movie,2016,2017.0,Nils Tavernier
s6687,Elstree 1976,Movie,2015,2016.0,Jon Spira
s6688,Emelie,Movie,2016,2018.0,Michael Thelin
s6689,Emma' (Mother),Movie,2016,2018.0,Riri Riza
s6690,Emo the Musical,Movie,2016,2018.0,Neil Triffett
s6692,Empire of Scents,Movie,2014,2018.0,Kim Nguyen
s6693,Employee of the Month,Movie,2006,2020.0,Greg Coolidge
s6695,Encounter: The Killing,Movie,2002,2019.0,Ajay Phansekar
s6697,End of Watch,Movie,2012,2019.0,David Ayer
s6699,Enemy,Movie,2013,2018.0,Denis Villeneuve
s6700,Enlighten Us,Movie,2016,2017.0,Jenny Carchman
s6701,Entanglement,Movie,2018,2018.0,Jason James
s6702,Enter the Dragon,Movie,1973,2021.0,Robert Clouse
s6703,Equals,Movie,2015,2018.0,Drake Doremus
s6704,Equilibrium,Movie,2002,2019.0,Kurt Wimmer
s6705,"Escape from the ""Liberty"" Cinema",Movie,1990,2019.0,Wojciech Marczewski
s6706,Esperando La Carroza,Movie,1985,2018.0,Alejandro Doria
s6707,Estar o no estar,Movie,2016,2017.0,Marcelo González
s6709,Euphoria,Movie,2018,2019.0,Valeria Golino
s6711,Evan Almighty,Movie,2007,2019.0,Tom Shadyac
s6712,Event Horizon,Movie,1997,2020.0,Paul W.S. Anderson
s6713,Every Time I Die,Movie,2019,2020.0,Robi Michael
s6714,Everybody Knows,Movie,2019,2019.0,Asghar Farhadi
s6716,Evolution,Movie,2001,2019.0,Ivan Reitman
s6717,Ex Machina,Movie,2015,2018.0,Alex Garland
s6719,Exclusive Edition,TV Show,2008,2017.0,James Lee
s6720,Executive Decision,Movie,1996,2019.0,Stuart Baird
s6721,Exit Afghanistan,Movie,2013,2016.0,Anders Sømme Hammer
s6721,Exit Afghanistan,Movie,2013,2016.0,Marius Arnesen
s6721,Exit Afghanistan,Movie,2013,2016.0,Klaus Erik Okstad
s6721,Exit Afghanistan,Movie,2013,2016.0,Olav Njaastad
s6722,Exit Strategy,Movie,2012,2019.0,Michael Whitton
s6723,Exit Wounds,Movie,2001,2019.0,Andrzej Bartkowiak
s6724,Expo,Movie,2019,2019.0,Joseph Mbah
s6726,Eyyvah Eyyvah,Movie,2010,2017.0,Hakan Algül
s6727,Eyyvah Eyyvah 2,Movie,2011,2017.0,Hakan Algül
s6728,Eyyvah Eyyvah 3,Movie,2014,2017.0,Hakan Algül
s6730,F the Prom,Movie,2017,2018.0,Benny Fine
s6731,Face 2 Face,Movie,2017,2018.0,Matt Toronto
s6734,Fakta Ladh Mhana,Movie,2011,2018.0,Sanjay Jadhav
s6735,Fall Girls,Movie,2019,2020.0,Chris Stokes
s6736,Fallen,Movie,1998,2019.0,Gregory Hoblit
s6737,Familiye,Movie,2017,2019.0,Sedat Kirtan
s6737,Familiye,Movie,2017,2019.0,Kubilay Sarikaya
s6738,Famous in Ahmedabad,Movie,2015,2016.0,Hardik Mehta
s6739,Fanatic,Movie,2019,2019.0,Keith L. Smith
s6740,Fandry,Movie,2014,2018.0,Nagraj Manjule
s6741,Farce,Movie,2017,2019.0,Shadi Ali
s6743,Father Brown,TV Show,2017,2018.0,Ian Barber
s6744,Fear and Loathing in Las Vegas,Movie,1998,2019.0,Terry Gilliam
s6746,Feel Rich,Movie,2017,2017.0,Peter Spirer
s6747,Fiddler on the Roof,Movie,1971,2020.0,Norman Jewison
s6748,Fifty,Movie,2015,2015.0,Biyi Bandele
s6749,Figaro Pho,Movie,2008,2016.0,Luke Jurevicius
s6750,Figures of Speech,Movie,2016,2016.0,Ari Levinson
s6752,Filmworker,Movie,2017,2018.0,Tony Zierra
s6753,Filosofi Kopi The Movie,Movie,2015,2018.0,Angga Dwimas Sasongko
s6754,Final Destination,Movie,2000,2020.0,James Wong
s6755,Final Destination 2,Movie,2003,2020.0,David R. Ellis
s6756,Final Destination 3,Movie,2006,2020.0,James Wong
s6757,Fire at Sea,Movie,2016,2017.0,Gianfranco Rosi
s6758,Fireflies,Movie,2013,2019.0,Sabal Singh Shekawat
s6759,First Impression,Movie,2018,2019.0,Arthur Muhammad
s6760,First Kill,Movie,2017,2019.0,Steven C. Miller
s6761,FirstBorn,Movie,2016,2017.0,Nirpal Bhogal
s6762,Fishpeople,Movie,2017,2018.0,Keith Malloy
s6763,Fishtail,Movie,2015,2018.0,Andrew Renzi
s6765,Fittest in Dubai,Movie,2019,2020.0,Gerry Blaksley
s6766,Five Elements Ninjas,Movie,1982,2019.0,Cheh Chang
s6768,Flash of Genius,Movie,2008,2017.0,Marc Abraham
s6769,Flimflam,Movie,2016,2019.0,Khaled Marei
s6770,Flock of Four,Movie,2018,2018.0,Gregory Caruso
s6772,Flying Guillotine 2,Movie,1978,2018.0,Kang Cheng
s6772,Flying Guillotine 2,Movie,1978,2018.0,Shan Hua
s6773,Follow Me,Movie,2017,2018.0,Asri Bendacha
s6776,Footprints: The Path of Your Life,Movie,2015,2017.0,Juan Manuel Cotelo
s6777,For Colored Girls,Movie,2010,2020.0,Tyler Perry
s6778,For Grace,Movie,2015,2016.0,Mark Helenowski
s6778,For Grace,Movie,2015,2016.0,Kevin Pang
s6779,For Greater Glory,Movie,2012,2019.0,Dean Wright
s6780,For Love or Money,Movie,2019,2019.0,Mark Murphy
s6781,For the Birds,Movie,2018,2019.0,Richard Miron
s6782,For the Love of Benji,Movie,1977,2018.0,Joe Camp
s6784,Forbidden Games: The Justin Fashanu Story,Movie,2017,2017.0,Jon Carey
s6784,Forbidden Games: The Justin Fashanu Story,Movie,2017,2017.0,Adam Darke
s6785,Forbidden Planet,Movie,1956,2019.0,Fred M. Wilcox
s6787,Forever Chape,Movie,2018,2018.0,Luis Ara
s6788,Forever Pure,Movie,2016,2017.0,Maya Zinshtein
s6790,Forks Over Knives,Movie,2011,2019.0,Lee Fulkerson
s6791,Four Christmases,Movie,2008,2021.0,Seth Gordon
s6793,Four Weddings and a Funeral,Movie,1994,2019.0,Mike Newell
s6794,Fracture,Movie,2007,2019.0,Gregory Hoblit
s6795,Frances Ha,Movie,2012,2017.0,Noah Baumbach
s6797,Freak Show,Movie,2018,2020.0,Trudie Styler
s6798,Fred Claus,Movie,2007,2021.0,David Dobkin
s6799,Free Willy,Movie,1993,2020.0,Simon Wincer
s6800,Freeway: Crack in the System,Movie,2015,2017.0,Marc Levin
s6801,Freezer's Campaign,Movie,2016,2019.0,Sameh Abdulaziz
s6802,French Dirty,Movie,2015,2016.0,Wade Allain-Marcus
s6802,French Dirty,Movie,2015,2016.0,Jesse Allain-Marcus
s6803,Freshman Year,Movie,2019,2020.0,Jude Okwudiafor Johnson
s6805,Friday the 13th,Movie,2009,2020.0,Marcus Nispel
s6806,Friend Request,Movie,2016,2018.0,Simon Verhoeven
s6808,From Japan to Egypt,Movie,2017,2019.0,Mahmoud Karim
s6809,From Paris with Love,Movie,2010,2020.0,Pierre Morel
s6810,Froning: The Fittest Man in History,Movie,2016,2018.0,Heber Cannon
s6811,Frozen Planet,TV Show,2011,2016.0,Alastair Fothergill
s6814,Frozen River,Movie,2008,2019.0,Courtney Hunt
s6815,Full Out,Movie,2015,2016.0,Sean Cisterna
s6816,Functional Fitness,Movie,2016,2018.0,Bob Rose
s6817,Furie,Movie,2019,2019.0,Le Van Kiet
s6818,Furthest Witness,Movie,2017,2019.0,Adam Del Giudice
s6819,G-Force,Movie,2009,2019.0,Hoyt Yeatman
s6820,Gabriel and the Mountain,Movie,2017,2018.0,Fellipe Barbosa
s6822,Gagarin: First in Space,Movie,2013,2017.0,Pavel Parkhomenko
s6824,Galih dan Ratna,Movie,2017,2018.0,Lucky Kuswandi
s6827,Gangs of New York,Movie,2002,2019.0,Martin Scorsese
s6829,Garuda Di Dadaku,Movie,2009,2018.0,Ifa Isfansyah
s6830,Garuda in My Heart 2,Movie,2011,2018.0,Rudy Soedjarwo
s6831,Gehenna: Where Death Lives,Movie,2016,2018.0,Hiroshi Katagiri
s6832,Gelo,Movie,2016,2017.0,Manbhavan Singh
s6833,Gemini,Movie,2018,2018.0,P.K. Baaburaaj
s6838,George of the Jungle 2,Movie,2003,2016.0,David Grossman
s6839,Geronimo Stilton,TV Show,2011,2017.0,Guy Vasilovich
s6840,Get Him to the Greek,Movie,2010,2020.0,Nicholas Stoller
s6841,Get Santa,Movie,2014,2014.0,Christopher Smith
s6843,Get Smart,Movie,2008,2019.0,Peter Segal
s6844,Getting Played,Movie,2005,2019.0,David Silberg
s6845,Ghayal,Movie,1990,2019.0,Rajkumar Santoshi
s6846,Ghost House,Movie,2017,2017.0,Rich Ragsdale
s6847,Ghost Pain,Movie,2013,2019.0,Kazuchika Kise
s6847,Ghost Pain,Movie,2013,2019.0,Masahiko Murata
s6848,Ghost Rider,Movie,2007,2020.0,Mark Steven Johnson
s6849,Ghost Tears,Movie,2014,2019.0,Kazuchika Kise
s6851,Ghost Whispers,Movie,2013,2019.0,Kazuchika Kise
s6852,Ghulam-E-Musthafa,Movie,1997,2019.0,Partho Ghosh
s6853,Gie,Movie,2005,2018.0,Riri Riza
s6854,Gigi,Movie,1958,2019.0,Vincente Minnelli
s6854,Gigi,Movie,1958,2019.0,Charles Walters
s6855,Ginger & Rosa,Movie,2012,2018.0,Sally Potter
s6856,"Girl, Boy, Bakla, Tomboy",Movie,2013,2019.0,Wenn V. Deramas
s6857,GLOW: The Story of the Gorgeous Ladies of Wrestling,Movie,2012,2017.0,Brett Whitcomb
s6859,God Bless the Broken Road,Movie,2018,2019.0,Harold Cronk
s6860,God Knows Where I Am,Movie,2016,2018.0,Jedd Wider
s6860,God Knows Where I Am,Movie,2016,2018.0,Todd Wider
s6861,God of War,Movie,2017,2017.0,Gordon Chan
s6862,God's Not Dead,Movie,2014,2020.0,Harold Cronk
s6863,God's Not Dead: A Light in Darkness,Movie,2018,2018.0,Michael Mason
s6864,God's Own Country,Movie,2017,2018.0,Francis Lee
s6865,Gol Maal,Movie,1979,2019.0,Hrishikesh Mukherjee
s6866,Golden Time,Movie,2013,2017.0,Takuya Inaba
s6867,GoldenEye,Movie,1995,2019.0,Martin Campbell
s6868,Goldie,Movie,2019,2020.0,Sam de Jong
s6870,Goldstone,Movie,2016,2018.0,Ivan Sen
s6871,Golmaal: Fun Unlimited,Movie,2006,2019.0,Rohit Shetty
s6873,Gone are the Days,Movie,2018,2019.0,Mark Landre Gould
s6874,Gonul,TV Show,2015,2017.0,Neslihan Yesilyurt
s6875,Good Kids,Movie,2016,2017.0,Chris McCoy
s6876,Good Kill,Movie,2014,2017.0,Andrew Niccol
s6877,Good Kisser,Movie,2019,2020.0,Wendy Jo Carlton
s6878,Good Luck,Movie,2012,2019.0,Tarek Abdel Moaty
s6879,"Good Night, and Good Luck",Movie,2005,2019.0,George Clooney
s6880,Good People,Movie,2014,2017.0,Henrik Ruben Genz
s6881,GoodFellas,Movie,1990,2021.0,Martin Scorsese
s6882,Gook,Movie,2017,2018.0,Justin Chon
s6883,Goon,Movie,2011,2017.0,Michael Dowse
s6884,Goosebumps 2: Haunted Halloween,Movie,2018,2019.0,Ari Sandel
s6885,Gosford Park,Movie,2001,2019.0,Robert Altman
s6887,Gothika,Movie,2003,2021.0,Mathieu Kassovitz
s6888,Gour Hari Dastaan: The Freedom File,Movie,2015,2017.0,Ananth Narayan Mahadevan
s6889,Gran Torino,Movie,2008,2020.0,Clint Eastwood
s6892,Grand Masti,Movie,2013,2018.0,Indra Kumar
s6893,Grass,Movie,2017,2019.0,Tanuj Chopra
s6894,Grease,Movie,1978,2019.0,Randal Kleiser
s6897,Green Room,Movie,2015,2018.0,Jeremy Saulnier
s6898,Green White Green (And All the Beautiful Colours in My Mosaic of Madness),Movie,2016,2018.0,Abba T. Makama
s6899,Gringo: The Dangerous Life of John McAfee,Movie,2016,2018.0,Nanette Burstein
s6900,Growing Up Coy,Movie,2016,2017.0,Eric Juhola
s6901,Gun Runners,Movie,2015,2017.0,Anjali Nayar
s6903,Guy Martin: Last Flight of the Vulcan Bomber,Movie,2015,2019.0,James Woodroffe
s6904,Héroes,Movie,2015,2018.0,Esteban Vidal
s6905,Hükümet Kadin,Movie,2013,2017.0,Sermiyan Midyat
s6906,Hükümet Kadin 2,Movie,2013,2017.0,Sermiyan Midyat
s6909,Hadi İnşallah,Movie,2014,2018.0,Ali Taner Baltacı
s6910,Hairspray,Movie,2007,2020.0,Adam Shankman
s6911,HALO Legends,Movie,2009,2017.0,Shinji Aramaki
s6911,HALO Legends,Movie,2009,2017.0,Mamoru Oshii
s6911,HALO Legends,Movie,2009,2017.0,Hideki Futamura
s6911,HALO Legends,Movie,2009,2017.0,Toshiyuki Kanno
s6911,HALO Legends,Movie,2009,2017.0,Tomoki Kyoda
s6911,HALO Legends,Movie,2009,2017.0,Koichi Mashimo
s6911,HALO Legends,Movie,2009,2017.0,Yasushi Muraki
s6911,HALO Legends,Movie,2009,2017.0,Daisuke Nishio
s6911,HALO Legends,Movie,2009,2017.0,Frank O'Connor
s6911,HALO Legends,Movie,2009,2017.0,Koji Sawai
s6911,HALO Legends,Movie,2009,2017.0,Joseph Chou
s6911,HALO Legends,Movie,2009,2017.0,Hiroshi Yamazaki
s6912,Halo: The Fall of Reach,Movie,2015,2016.0,Ian Kirby
s6913,Hamara Dil Aapke Paas Hai,Movie,2000,2018.0,Satish Kaushik
s6914,Hamburger Hill,Movie,1987,2019.0,John Irvin
s6915,Hamza's Suitcase,Movie,2017,2019.0,Akram Farouk
s6916,Hangman,Movie,2017,2020.0,Johnny Martin
s6917,Hank: Five Years from the Brink,Movie,2013,2018.0,Joe Berlinger
s6919,Hans Zimmer: Live in Prague,Movie,2017,2018.0,Tim Van Someren
s6921,Happy Hunting,Movie,2017,2018.0,Joe Dietsch
s6921,Happy Hunting,Movie,2017,2018.0,Louie Gibson
s6922,Happy Times,Movie,2014,2017.0,Luis Javier M. Henaine
s6925,Hard Tide,Movie,2015,2017.0,Robert Osman
s6925,Hard Tide,Movie,2015,2017.0,Nathanael Wiseman
s6926,Hardcore Henry,Movie,2015,2020.0,Ilya Naishuller
s6928,Harold & Kumar Escape from Guantanamo Bay,Movie,2008,2019.0,Jon Hurwitz
s6928,Harold & Kumar Escape from Guantanamo Bay,Movie,2008,2019.0,Hayden Schlossberg
s6929,Harold & Kumar Go to White Castle,Movie,2004,2020.0,Danny Leiner
s6930,Harold and Lillian: A Hollywood Love Story,Movie,2015,2018.0,Daniel Raim
s6932,Harriet the Spy: Blog Wars,Movie,2010,2018.0,Ron Oliver
s6933,Harry & Bunnie,TV Show,2017,2017.0,Ah Loong
s6934,Harry and Snowman,Movie,2015,2017.0,Ron Davis
s6935,Harry Benson: Shoot First,Movie,2016,2017.0,Justin Bare
s6935,Harry Benson: Shoot First,Movie,2016,2017.0,Matthew Miele
s6937,Haseena Maan Jaayegi,Movie,1999,2018.0,David Dhawan
s6939,Haunters: The Art of the Scare,Movie,2017,2018.0,Jon Schnitzer
s6940,Haunting on Fraternity Row,Movie,2018,2019.0,Brant Sersen
s6941,Have You Seen the Listers?,Movie,2017,2019.0,Eddie Martin
s6943,Havenhurst,Movie,2016,2017.0,Andrew C. Erin
s6944,Haywire,Movie,2011,2020.0,Steven Soderbergh
s6945,He Named Me Malala,Movie,2015,2018.0,Davis Guggenheim
s6946,He's Out There,Movie,2018,2019.0,Quinn Lasher
s6947,Head Count,Movie,2018,2019.0,Elle Callahan
s6948,Head On,Movie,1998,2018.0,Ana Kokkinos
s6949,Heal,Movie,2017,2019.0,Kelly Noonan
s6950,Heartbreakers,Movie,2001,2019.0,David Mirkin
s6951,Heartthrob,Movie,2017,2018.0,Chris Sivertson
s6953,Hedgehogs,Movie,2016,2019.0,Huang Jianming
s6955,Hell and Back,Movie,2015,2018.0,Tom Gianas
s6955,Hell and Back,Movie,2015,2018.0,Ross R. Shuman
s6957,Hell or High Water,Movie,2016,2019.0,David Mackenzie
s6958,Hellboy,Movie,2004,2018.0,Guillermo del Toro
s6959,Her,Movie,2013,2018.0,Spike Jonze
s6960,Her Only Choice,Movie,2018,2019.0,Christel Gibson
s6961,Hera Pheri,Movie,1976,2019.0,Prakash Mehra
s6962,Here Alone,Movie,2016,2017.0,Rod Blackhurst
s6963,Hero,Movie,1997,2018.0,Corey Yuen
s6965,Hickok,Movie,2017,2020.0,Timothy Woodward Jr.
s6967,Hide & Seek,Movie,2010,2018.0,Shawn Arranha
s6968,Hide and Seek,Movie,2016,2017.0,Liu Jie
s6969,Highly Strung,Movie,2015,2017.0,Scott Hicks
s6973,Hiroshima: The Real History,Movie,2015,2017.0,Lucy van Beek
s6974,Hisss,Movie,2010,2017.0,Jennifer Lynch
s6976,History of Joy,Movie,2017,2018.0,Vishnu Govindhan
s6978,Hitch,Movie,2005,2020.0,Andy Tennant
s6979,Hitler's Olympics,Movie,2016,2016.0,Daniel Kontur
s6980,Hitler's Steel Beast,Movie,2017,2017.0,Daniel Ablin
s6981,Ho Mann Jahaan,Movie,2015,2017.0,Asim Raza
s6983,Hokkabaz,Movie,2006,2017.0,Ali Taner Baltacı
s6983,Hokkabaz,Movie,2006,2017.0,Cem Yılmaz
s6984,Holding the Man,Movie,2015,2016.0,Neil Armfield
s6985,Holidays,Movie,2016,2016.0,Anthony Scott Burns
s6985,Holidays,Movie,2016,2016.0,Nicholas McCarthy
s6985,Holidays,Movie,2016,2016.0,Adam Egypt Mortimer
s6985,Holidays,Movie,2016,2016.0,Gary Shore
s6985,Holidays,Movie,2016,2016.0,Kevin Smith
s6985,Holidays,Movie,2016,2016.0,Sarah Adina Smith
s6985,Holidays,Movie,2016,2016.0,Scott Stewart
s6985,Holidays,Movie,2016,2016.0,Kevin Kolsch
s6985,Holidays,Movie,2016,2016.0,Dennis Widmyer
s6986,Holy Hell,Movie,2016,2016.0,Will Allen
s6987,Holy Man 2,Movie,2008,2018.0,Note Chern-Yim
s6988,Holy Man 3,Movie,2010,2018.0,Note Chern-Yim
s6989,Hombanna,Movie,2017,2018.0,Rakshith Thirthahalli
s6990,Homeland,Movie,2019,2019.0,Anindya Chatterjee
s6991,Honey 2,Movie,2011,2019.0,Bille Woodruff
s6992,Honey: Rise Up and Dance,Movie,2018,2018.0,Bille Woodruff
s6993,Hoodwinked Too! Hood vs. Evil,Movie,2011,2018.0,Mike Disa
s6994,Hope Aur Hum,Movie,2018,2018.0,Sudip Bandyopadhyay
s6995,Hope Springs Eternal,Movie,2018,2018.0,Jack C. Newell
s6996,Hope: One in a Billion,Movie,2017,2019.0,Brodje Wemboendja
s6998,Horns,Movie,2013,2019.0,Alexandre Aja
s7000,Horror Story,Movie,2013,2019.0,Ayush Raina
s7001,Hostage to the Devil,Movie,2016,2017.0,Marty Stalker
s7002,Hostages,Movie,2017,2018.0,Federico Lemos
s7003,Hostiles,Movie,2017,2018.0,Scott Cooper
s7004,Hot Bot,Movie,2016,2016.0,Michael Polish
s7005,Hot Property,Movie,2016,2017.0,Max McGill
s7006,Hot Rod,Movie,2007,2019.0,Akiva Schaffer
s7008,Hotel Pacific,Movie,1975,2019.0,Janusz Majewski
s7009,Hotel Transylvania 3: Summer Vacation,Movie,2018,2019.0,Genndy Tartakovsky
s7010,House at the End of the Street,Movie,2012,2020.0,Mark Tonderai
s7011,House of Z,Movie,2016,2018.0,Sandy Chronopoulos
s7012,"Houston, We Have a Problem!",Movie,2016,2017.0,Ziga Virc
s7013,How the Beatles Changed the World,Movie,2017,2018.0,Tom O'Dell
s7014,How the Grinch Stole Christmas,Movie,2000,2017.0,Ron Howard
s7015,How to Be a Latin Lover,Movie,2017,2019.0,Ken Marino
s7016,How to Be a Player,Movie,1997,2019.0,Lionel C. Martin
s7017,How to Change the World,Movie,2015,2016.0,Jerry Rothwell
s7019,How to Make an American Quilt,Movie,1995,2018.0,Jocelyn Moorhouse
s7020,How to Win the US Presidency,Movie,2016,2016.0,Cal Saville
s7021,Hridaynath,Movie,2012,2018.0,Amar Gupte
s7022,Hulk Vs.,Movie,2009,2020.0,Sam Liu
s7022,Hulk Vs.,Movie,2009,2020.0,Frank Paur
s7023,Hum Saath-Saath Hain,Movie,1999,2018.0,Sooraj R. Barjatya
s7024,Humko Deewana Kar Gaye,Movie,2006,2017.0,Raj Kanwar
s7026,Hungerford,Movie,2014,2018.0,Drew Casson
s7027,Hunt to Kill,Movie,2010,2020.0,Keoni Waxman
s7028,Hunter's Prayer,Movie,2015,2019.0,Jonathan Mostow
s7031,Hurricane Bianca,Movie,2016,2017.0,Matt Kugelman
s7032,Hurricane Bianca: From Russia With Hate,Movie,2018,2018.0,Matt Kugelman
s7033,Hustle & Flow,Movie,2005,2019.0,Craig Brewer
s7035,Hypersomnia,Movie,2016,2017.0,Gabriel Grieco
s7036,I Am,Movie,2010,2019.0,Onir
s7037,I Am Bolt,Movie,2016,2017.0,Benjamin Turner
s7037,I Am Bolt,Movie,2016,2017.0,Gabe Turner
s7038,I Am Jane Doe,Movie,2017,2017.0,Mary Mazzio
s7039,I Am Maris,Movie,2018,2019.0,Laura VanZee Taylor
s7041,I Am Not Madame Bovary,Movie,2016,2017.0,Feng Xiaogang
s7042,I Am Sun Mu,Movie,2015,2017.0,Adam Sjöberg
s7043,I Am Vengeance,Movie,2018,2018.0,Ross Boyask
s7044,I Am Wrath,Movie,2016,2019.0,Chuck Russell
s7045,I Don't Know How She Does It,Movie,2011,2019.0,Douglas McGrath
s7046,I Dream Of Dance,Movie,2017,2019.0,Maria Demeshkina Peek
s7047,I Fine... Thank You... Love You,Movie,2014,2018.0,Mez Tharatorn
s7048,"I, Daniel Blake",Movie,2016,2019.0,Ken Loach
s7049,I'll See You in My Dreams,Movie,2015,2019.0,Brett Haley
s7050,I'm in Love with a Church Girl,Movie,2013,2017.0,Steve Race
s7052,Ice Guardians,Movie,2016,2017.0,Brett Harvey
s7053,Iceman,Movie,2014,2018.0,Law Wing-cheong
s7054,Ideachi Kalpana,Movie,2010,2018.0,Sachin
s7056,Igor,Movie,2008,2019.0,Tony Leondis
s7057,Iliza Shlesinger: War Paint,Movie,2013,2013.0,Jay Chapman
s7058,Imagine That,Movie,2009,2019.0,Karey Kirkpatrick
s7059,Immoral Tales,Movie,1974,2019.0,Walerian Borowczyk
s7061,In Search of Fellini,Movie,2017,2018.0,Taron Lexton
s7062,In The Deep,Movie,2017,2018.0,Johannes Roberts
s7063,Incir Receli 2,Movie,2014,2017.0,Aytaç Ağırlar
s7064,Incoming,Movie,2019,2018.0,Eric Zaragosa
s7065,Incomplete,Movie,2017,2017.0,Suman Mukhopadhyay
s7066,Inconceivable,Movie,2017,2018.0,Jonathan Baker
s7067,Incorruptible,Movie,2015,2017.0,Elizabeth Chai Vasarhelyi
s7068,Incredibles 2 (Spanish Version),Movie,2018,2019.0,Brad Bird
s7069,INDIA,Movie,2014,2017.0,Sanjeev Gupta
s7071,Indiana Jones and the Kingdom of the Crystal Skull,Movie,2008,2019.0,Steven Spielberg
s7072,Indiana Jones and the Last Crusade,Movie,1989,2019.0,Steven Spielberg
s7073,Indiana Jones and the Raiders of the Lost Ark,Movie,1981,2019.0,Steven Spielberg
s7074,Indiana Jones and the Temple of Doom,Movie,1984,2019.0,Steven Spielberg
s7075,Indiscretion,Movie,2016,2017.0,John Stewart Muller
s7076,Inequality for All,Movie,2013,2018.0,Jacob Kornbluth
s7077,Influx,Movie,2016,2018.0,Luca Vullo
s7078,Inglourious Basterds,Movie,2009,2019.0,Quentin Tarantino
s7079,Inkheart,Movie,2008,2019.0,Iain Softley
s7080,Insan,Movie,2005,2018.0,K. Subhash
s7085,Instructions Not Included,Movie,2013,2020.0,Eugenio Derbez
s7087,Internet Famous,Movie,2016,2016.0,Michael Gallagher
s7088,Into the Forest,Movie,2015,2018.0,Patricia Rozema
s7089,Inuyasha the Movie - L'isola del fuoco scarlatto,Movie,2004,2017.0,Toshiya Shinohara
s7090,Inuyasha the Movie - La spada del dominatore del mondo,Movie,2003,2017.0,Toshiya Shinohara
s7091,InuYasha: The Movie 2: The Castle Beyond the Looking Glass,Movie,2002,2017.0,Toshiya Shinohara
s7092,Invictus,Movie,2009,2019.0,Clint Eastwood
s7093,Invisible Essence: The Little Prince,Movie,2018,2019.0,Charles Officer
s7094,Inxeba,Movie,2017,2018.0,John Trengove
s7095,Iqbal,Movie,2006,2018.0,Nagesh Kukunoor
s7096,Irada Pakka,Movie,2010,2018.0,Kedar Shinde
s7097,Iron Cowboy: The Story of the 50.50.50,Movie,2018,2019.0,Jacob Schwab
s7098,Iron Man & Captain America: Heroes United,Movie,2014,2014.0,Leo Riley
s7100,Ishqedarriyaan,Movie,2015,2018.0,V. K. Prakash
s7103,Issaq,Movie,2013,2018.0,Manish Tiwary
s7104,It Takes Two,Movie,1995,2019.0,Andy Tennant
s7105,It's Fine,Movie,2012,2019.0,Ismail Farouk
s7106,It's Now or Never,Movie,2015,2016.0,Maria Ripoll
s7107,"It's Okay, Buddy",Movie,2017,2019.0,Hani Hamdi
s7108,Iverson,Movie,2014,2016.0,Zatella Beatty
s7109,최강전사 미니특공대 : 영웅의 탄생,Movie,2018,2018.0,Young Jun Lee
s7110,Jaan-E-Mann: Let's Fall in Love... Again,Movie,2006,2019.0,Shirish Kunder
s7111,Jack and the Cuckoo-Clock Heart,Movie,2013,2017.0,Mathias Malzieu
s7111,Jack and the Cuckoo-Clock Heart,Movie,2013,2017.0,Stéphane Berla
s7112,Jack of all Trades,Movie,2018,2019.0,Harvey Glazer
s7112,Jack of all Trades,Movie,2018,2019.0,Stuart Stone
s7113,Jack Taylor,TV Show,2016,2013.0,Stuart Orme
s7114,Jackie Brown,Movie,1997,2019.0,Quentin Tarantino
s7115,Jackpot,Movie,2015,2018.0,Dustin Nguyen
s7116,Jail,Movie,2009,2019.0,Madhur Bhandarkar
s7118,Jal,Movie,2013,2017.0,Girish Malik
s7119,Jalpari: The Desert Mermaid,Movie,2012,2018.0,Nila Madhab Panda
s7120,Janaan,Movie,2016,2017.0,Azfar Jafri
s7122,Jay and Silent Bob Strike Back,Movie,2001,2019.0,Kevin Smith
s7123,Jealousy and medicine,Movie,1973,2019.0,Janusz Majewski
s7125,Jeremy Scott: The People's Designer,Movie,2015,2016.0,Vlad Yudin
s7127,Jersey Boys,Movie,2014,2019.0,Clint Eastwood
s7128,Jesus: Countdown to Calvary,Movie,2018,2019.0,Gerry Hoban
s7129,Jewel's Catch One,Movie,2016,2018.0,C. Fitz
s7131,Jimi Hendrix,Movie,1973,2019.0,Joe Boyd
s7133,Jiro Dreams of Sushi,Movie,2011,2019.0,David Gelb
s7134,Jis Desh Men Ganga Behti Hai,Movie,1960,2019.0,Radhu Karmakar
s7135,Joe Cocker: Mad Dog with Soul,Movie,2017,2017.0,John Edginton
s7136,John & Jane,Movie,2005,2016.0,Ashim Ahluwalia
s7137,John Carter,Movie,2012,2019.0,Andrew Stanton
s7138,John Day,Movie,2013,2019.0,Ahishor Solomon
s7140,Jonathan,Movie,2018,2019.0,Bill Oliver
s7141,Jonathan Strange & Mr Norrell,TV Show,2015,2016.0,Toby Haynes
s7142,Jora 10 Numbaria,Movie,2017,2018.0,Amardeep Singh Gill
s7145,Judwaa,Movie,1997,2019.0,David Dhawan
s7146,Judy Moody and the Not Bummer Summer,Movie,2011,2019.0,John Schultz
s7147,Jugaad,Movie,2017,2018.0,Susannah Heath-Eves
s7148,Julie & Julia,Movie,2009,2021.0,Nora Ephron
s7150,Jumping the Broom,Movie,2011,2020.0,Salim Akil
s7151,Junebug,Movie,2005,2019.0,Phil Morrison
s7152,Jupiter Ascending,Movie,2015,2019.0,Lana Wachowski
s7152,Jupiter Ascending,Movie,2015,2019.0,Lilly Wachowski
s7153,Just Friends,Movie,2005,2019.0,Roger Kumble
s7154,"Justice, My Foot!",Movie,1992,2018.0,Johnnie To
s7155,Justin Bieber: Never Say Never,Movie,2011,2018.0,Jon M. Chu
s7157,K-19: The Widowmaker,Movie,2002,2019.0,Kathryn Bigelow
s7159,Kaabil,Movie,2017,2017.0,Sanjay Gupta
s7160,Kaakan,Movie,2015,2018.0,Kranti Redkar
s7161,Kaalia,Movie,1981,2019.0,Tinnu Anand
s7162,Kaaliyan,Movie,2017,2018.0,Jijo Pancode
s7163,Kabali (Hindi Version),Movie,2016,2017.0,Pa. Ranjith
s7164,Kacche Dhaagey,Movie,2016,2017.0,Buta Singh
s7165,Kahlil Gibran's The Prophet,Movie,2014,2017.0,Roger Allers
s7165,Kahlil Gibran's The Prophet,Movie,2014,2017.0,Gaëtan Brizzi
s7165,Kahlil Gibran's The Prophet,Movie,2014,2017.0,Paul Brizzi
s7165,Kahlil Gibran's The Prophet,Movie,2014,2017.0,Joan C. Gratz
s7165,Kahlil Gibran's The Prophet,Movie,2014,2017.0,Mohammed Saeed Harib
s7165,Kahlil Gibran's The Prophet,Movie,2014,2017.0,Tomm Moore
s7165,Kahlil Gibran's The Prophet,Movie,2014,2017.0,Nina Paley
s7165,Kahlil Gibran's The Prophet,Movie,2014,2017.0,Bill Plympton
s7165,Kahlil Gibran's The Prophet,Movie,2014,2017.0,Joann Sfar
s7165,Kahlil Gibran's The Prophet,Movie,2014,2017.0,Michael Socha
s7166,Kajraare,Movie,2010,2017.0,Pooja Bhatt
s7167,Kaleidoscope,Movie,2016,2018.0,Rupert Jones
s7168,Kalki,Movie,2017,2018.0,Dhilip Kumar
s7170,Karzzzz,Movie,2008,2017.0,Satish Kaushik
s7171,Kate & Leopold,Movie,2001,2020.0,James Mangold
s7172,Katha,Movie,1982,2019.0,Sai Paranjape
s7173,Katt Williams: Live,Movie,2006,2018.0,Alphonso J. Wesson
s7174,Kaviyude Osyath,Movie,2017,2018.0,Vineeth Anil
s7175,Kay Dyache Bola,Movie,2005,2018.0,Chandrakant Kulkarni
s7176,Ken Burns: The Civil War,TV Show,1990,2017.0,Ken Burns
s7177,Ken Burns: The Roosevelts: An Intimate History,TV Show,2014,2017.0,Ken Burns
s7179,Kevin Hart: Laugh at My Pain,Movie,2011,2018.0,Leslie Small
s7179,Kevin Hart: Laugh at My Pain,Movie,2011,2018.0,Tim Story
s7180,Kevin Hart: Let Me Explain,Movie,2013,2018.0,Leslie Small
s7180,Kevin Hart: Let Me Explain,Movie,2013,2018.0,Tim Story
s7181,Kevin Hart: Seriously Funny,Movie,2010,2018.0,Shannon Hartman
s7182,Kevyn Aucoin: Beauty & the Beast in Me,Movie,2017,2019.0,Lori Kaye
s7184,Khalnayak,Movie,1993,2018.0,Subhash Ghai
s7187,Khosla Ka Ghosla,Movie,2006,2018.0,Dibakar Banerjee
s7189,Khubsoorat,Movie,1980,2019.0,Hrishikesh Mukherjee
s7190,Khushi,Movie,2003,2018.0,Surya S.J.
s7190,Khushi,Movie,2003,2018.0,Sunil Kumar Agrawal
s7191,Kia and Cosmos,Movie,2018,2019.0,Sudipto Roy
s7192,Kickboxer: Retaliation,Movie,2017,2018.0,Dimitri Logothetis
s7193,Kickboxer: Vengeance,Movie,2016,2016.0,John Stockwell
s7194,Kicking and Screaming,Movie,1995,2019.0,Noah Baumbach
s7195,Kid Kulafu,Movie,2015,2019.0,Paul Soriano
s7196,Kidnapping Mr. Heineken,Movie,2015,2017.0,Daniel Alfredson
s7198,Kill Bill: Vol. 1,Movie,2003,2020.0,Quentin Tarantino
s7199,Kill Bill: Vol. 2,Movie,2004,2020.0,Quentin Tarantino
s7200,Kill Command,Movie,2016,2017.0,Steven Gomez
s7201,Kill Hitler! The Luck of the Devil,Movie,2015,2019.0,Frédéric Tonolli
s7202,Kill Ratio,Movie,2016,2017.0,Paul Tanter
s7203,Kill the Irishman,Movie,2011,2020.0,Jonathan Hensleigh
s7204,Killer Klowns from Outer Space,Movie,1988,2020.0,Stephen Chiodo
s7205,Killers,Movie,2010,2021.0,Robert Luketic
s7206,Kills on Wheels,Movie,2016,2018.0,Attila Till
s7207,Kilo Two Bravo,Movie,2014,2019.0,Paul Katis
s7208,King Jack,Movie,2015,2016.0,Felix Thompson
s7209,King's Ransom,Movie,2005,2019.0,Jeffrey W. Byrd
s7210,Kingdoms of the Sky,TV Show,2018,2018.0,Steve Greenwood
s7211,Kingpin,Movie,1996,2020.0,Peter Farrelly
s7211,Kingpin,Movie,1996,2020.0,Bobby Farrelly
s7212,Kings,Movie,2017,2018.0,Deniz Gamze Ergüven
s7213,Kis Kisko Pyaar Karoon,Movie,2015,2017.0,Abbas Alibhai Burmawalla
s7213,Kis Kisko Pyaar Karoon,Movie,2015,2017.0,Mastan Alibhai Burmawalla
s7214,Kiss the Girls,Movie,1997,2020.0,Gary Fleder
s7217,KL Zombi,Movie,2013,2017.0,Woo Ming Jin
s7219,Knock Knock,Movie,2015,2020.0,Eli Roth
s7220,Know Your Enemy - Japan,Movie,1945,2017.0,Frank Capra
s7220,Know Your Enemy - Japan,Movie,1945,2017.0,Joris Ivens
s7221,Knowing,Movie,2009,2019.0,Alex Proyas
s7222,Koko: The Gorilla Who Talks,Movie,2016,2017.0,Jonathan Taylor
s7224,Kon-Tiki,Movie,2012,2019.0,Joachim Rønning
s7224,Kon-Tiki,Movie,2012,2019.0,Espen Sandberg
s7225,Koshish,Movie,1972,2019.0,Gulzar
s7226,Kraftidioten,Movie,2014,2017.0,Hans Petter Moland
s7228,Krish Trish and Baltiboy: Battle of Wits,Movie,2013,2017.0,Munjal Shroff
s7228,Krish Trish and Baltiboy: Battle of Wits,Movie,2013,2017.0,Tilak Shetty
s7229,Krish Trish and Baltiboy: Best Friends Forever,Movie,2016,2017.0,Munjal Shroff
s7229,Krish Trish and Baltiboy: Best Friends Forever,Movie,2016,2017.0,Tilak Shetty
s7230,Krish Trish and Baltiboy: Comics of India,Movie,2012,2017.0,Tilak Shetty
s7231,Krish Trish and Baltiboy: Face Your Fears,Movie,2017,2017.0,Tilak Shetty
s7232,Krish Trish and Baltiboy: Oversmartness Never Pays,Movie,2017,2017.0,Tilak Shetty
s7234,Krish Trish and Baltiboy: The Greatest Trick,Movie,2013,2017.0,Munjal Shroff
s7234,Krish Trish and Baltiboy: The Greatest Trick,Movie,2013,2017.0,Tilak Shetty
s7235,Krisha,Movie,2015,2018.0,Trey Edward Shults
s7237,Kristy,Movie,2013,2015.0,Oliver Blackburn
s7238,Krystal,Movie,2017,2019.0,William H. Macy
s7239,Kuldip Patwal: I Didn't Do It!,Movie,2017,2019.0,Remy Kohli
s7240,Kung Fu Hustle,Movie,2004,2020.0,Stephen Chow
s7241,Kung Fu Magoo,Movie,2010,2018.0,Andrés Couturier
s7242,Kung Fu Panda: Holiday,Movie,2010,2012.0,Tim Johnson
s7243,Kung Fu Yoga,Movie,2017,2017.0,Stanley Tong
s7244,Kuppivala,Movie,2017,2018.0,Suresh Pillai
s7245,Kurt & Courtney,Movie,1998,2019.0,Nick Broomfield
s7247,Kurtulus Son Durak,Movie,2012,2017.0,Yusuf Pirhasan
s7248,Kya Kehna,Movie,2000,2018.0,Kundan Shah
s7249,Kygo: Live at the Hollywood Bowl,Movie,2017,2018.0,Devin Chanda
s7250,Kyun! Ho Gaya Na,Movie,2004,2018.0,Samir Karnik
s7251,La Última Fiesta,Movie,2016,2017.0,Leandro Mark
s7251,La Última Fiesta,Movie,2016,2017.0,Nicolás Silbert
s7252,LA 92,Movie,2017,2018.0,Daniel Lindsay
s7252,LA 92,Movie,2017,2018.0,T.J. Martin
s7253,La Bamba,Movie,1987,2020.0,Luis Valdez
s7254,La Coppia dei Campioni,Movie,2016,2017.0,Giulio Base
s7259,La Viuda Negra,TV Show,2016,2019.0,Alejandro Lozano
s7260,Laal Rang,Movie,2016,2018.0,Syed Ahmad Afzal
s7261,Laddaland,Movie,2011,2018.0,Sopon Sukdapisit
s7262,Lady Bloodfight,Movie,2016,2017.0,Chris Nahon
s7263,Lady in the Water,Movie,2006,2019.0,M. Night Shyamalan
s7266,Lalbaug Parel: Zali Mumbai Sonyachi,Movie,2010,2018.0,Mahesh Manjrekar
s7268,Larceny,Movie,2017,2017.0,R. Ellis Frazier
s7270,Last Ferry,Movie,2019,2020.0,Jaki Bradley
s7271,Last Knights,Movie,2015,2019.0,Kazuaki Kiriya
s7272,Last Night,Movie,2010,2019.0,Massy Tadjedin
s7273,Le K Benzema,Movie,2017,2018.0,Damien Piscarel
s7273,Le K Benzema,Movie,2017,2018.0,Florent Bodin
s7274,Le serment des Hitler,Movie,2014,2019.0,Emmanuel Amara
s7275,Leap Year,Movie,2010,2019.0,Anand Tucker
s7276,LeapFrog: Letter Factory,Movie,2003,2020.0,Roy Allen Smith
s7277,LeapFrog: Numberland,Movie,2011,2020.0,Ron Myrick
s7278,LeapFrog: Phonics Farm,Movie,2011,2020.0,Ron Myrick
s7279,"LeapFrog: Sing-along, Read-along",Movie,2011,2020.0,Ron Myrick
s7281,Lechmi,Movie,2017,2018.0,B.N. Shajeer Sha
s7282,Left Behind,Movie,2014,2018.0,Vic Armstrong
s7283,Legend of the Guardians: The Owls of Ga'Hoole,Movie,2010,2020.0,Zack Snyder
s7284,Legend of the Naga Pearls,Movie,2017,2018.0,Yang Lei
s7285,Legendary Weapons of China,Movie,1982,2018.0,Chia-Liang Liu
s7287,Legion,Movie,2010,2019.0,Scott Stewart
s7289,Lego Friends: Girls on a Mission,TV Show,2018,2019.0,Andrew Tan
s7289,Lego Friends: Girls on a Mission,TV Show,2018,2019.0,Stephen Murray
s7290,LEGO House - Home of the Brick,Movie,2018,2018.0,Anders Falck
s7290,LEGO House - Home of the Brick,Movie,2018,2018.0,Stinus Morell Vithner
s7293,Leo the Lion,Movie,2013,2015.0,Mario Cambi
s7294,"Les Bleus - Une autre histoire de France, 1996-2016",Movie,2016,2017.0,Pascal Blanchard
s7294,"Les Bleus - Une autre histoire de France, 1996-2016",Movie,2016,2017.0,Sonia Dauger
s7294,"Les Bleus - Une autre histoire de France, 1996-2016",Movie,2016,2017.0,David Dietz
s7295,Let There Be Light,Movie,1946,2017.0,John Huston
s7296,Leyla and Mecnun,TV Show,2014,2017.0,Onur Ünlü
s7297,Lez Bomb,Movie,2018,2019.0,Jenna Laurenzo
s7299,Life After Beth,Movie,2014,2018.0,Jeff Baena
s7300,Life in the Doghouse,Movie,2018,2019.0,Ron Davis
s7303,Lifechanger,Movie,2018,2019.0,Justin McConnell
s7304,Lifeline,Movie,1997,2018.0,Johnnie To
s7305,Like Arrows,Movie,2018,2019.0,Kevin Peeples
s7306,Like Water for Chocolate,Movie,1992,2019.0,Alfonso Arau
s7307,Lila & Eve,Movie,2015,2016.0,Charles Stone III
s7309,Lincoln,Movie,2012,2018.0,Steven Spielberg
s7310,Lion's Heart,Movie,2013,2019.0,Karim El Sobky
s7311,Listen Up! The Lives of Quincy Jones,Movie,1990,2019.0,Ellen Weissbrod
s7312,Little Dragon Maiden,Movie,1983,2018.0,Hua Shan
s7314,Little Lunch: The Halloween Horror Story,Movie,2016,2018.0,Tim Bartley
s7315,Little Lunch: The Nightmare Before Graduation,Movie,2016,2018.0,Robyn Butler
s7316,Little Men,Movie,2016,2017.0,Ira Sachs
s7317,Little Nicky,Movie,2000,2020.0,Steve Brill
s7318,Little Singham aur Kaal ka Mahajaal,Movie,2018,2018.0,Prakash Satam
s7320,Little Singham in London,Movie,2019,2019.0,Prakash Satam
s7321,Little Sister,Movie,2016,2017.0,Zach Clark
s7323,Lizzie Borden Took an Ax,Movie,2014,2016.0,Nick Gomez
s7324,Lo and Behold: Reveries of the Connected World,Movie,2016,2016.0,Werner Herzog
s7327,"Lock, Stock and Two Smoking Barrels",Movie,1998,2019.0,Guy Ritchie
s7328,Locke,Movie,2013,2018.0,Steven Knight
s7329,Lockout,Movie,2012,2020.0,James Mather
s7329,Lockout,Movie,2012,2020.0,Steve Saint Leger
s7330,Loco Love,Movie,2017,2017.0,Fernando Sariñana
s7330,Loco Love,Movie,2017,2017.0,José Luis Gutiérrez
s7331,Logan's Run,Movie,1976,2019.0,Michael Anderson
s7333,Lolita,Movie,1962,2019.0,Stanley Kubrick
s7334,London Spy,TV Show,2015,2017.0,Jakob Verbruggen
s7335,Long Time Running,Movie,2017,2017.0,Jennifer Baichwal
s7335,Long Time Running,Movie,2017,2017.0,Nicholas de Pencier
s7336,"Look Out, Officer",Movie,1990,2018.0,Sze Yu Lau
s7337,Look Who's Back,Movie,2015,2016.0,David Wnendt
s7338,Lorai: Play to Live,Movie,2015,2017.0,Parambrata Chatterjee
s7340,Los Niños Héroes de Chapultepec,Movie,2017,2017.0,Ignacio López Escrivá
s7341,Los tiempos de Pablo Escobar,TV Show,2012,2018.0,Alessandro Angulo
s7342,Losing Sight of Shore,Movie,2017,2017.0,Sarah Moshman
s7345,Love Dot Com: The Social Experiment,Movie,2019,2020.0,Charneice Fox
s7346,Love In A Puff,Movie,2010,2018.0,Pang Ho-cheung
s7347,Love Ni Bhavai,Movie,2017,2018.0,Saandeep Patel
s7348,Love on Delivery,Movie,1994,2018.0,Stephen Chow
s7351,Love Shot,Movie,2018,2019.0,Steven Fine
s7352,Love Station,Movie,2011,2019.0,Ahmad Samir Farag
s7353,Love You... Love You Not,Movie,2015,2019.0,Sridhar Jetty
s7355,"Love, Rosie",Movie,2014,2019.0,Christian Ditter
s7356,LoveTrue,Movie,2016,2017.0,Alma Har'el
s7357,Loving Annabelle,Movie,2006,2018.0,Katherine Brooks
s7358,Loving You,Movie,1995,2018.0,Johnnie To
s7359,Lucha: Playing the Impossible,Movie,2016,2018.0,Ana Quiroga
s7361,Lucky: No Time for Love,Movie,2005,2017.0,Radhika Rao
s7361,Lucky: No Time for Love,Movie,2005,2017.0,Vinay Sapru
s7362,Lupt,Movie,2018,2019.0,Prabhuraj
s7363,Lusers,Movie,2015,2016.0,Ticoy Rodriguez
s7364,Ma Chu Ka,Movie,2017,2018.0,Jayan Vannery
s7365,Maacher Jhol,Movie,2017,2018.0,Pratim D. Gupta
s7366,Mac & Devin Go to High School,Movie,2012,2016.0,Dylan C. Brown
s7367,Macchli Jal Ki Rani Hai,Movie,2014,2017.0,Debaloy Dey
s7368,Mad Max,Movie,1979,2020.0,George Miller
s7370,Mad Money,Movie,2008,2019.0,Callie Khouri
s7370,Mad Money,Movie,2008,2019.0,Jesse V. Johnson
s7371,Mad Ron's Prevues from Hell,Movie,1987,2010.0,Jim Monaco
s7372,Mad World,Movie,2016,2018.0,Chun Wong
s7373,Madaari,Movie,2016,2017.0,Nishikant Kamat
s7374,Maddman: The Steve Madden Story,Movie,2017,2018.0,Ben Patterson
s7375,Madre,Movie,2016,2017.0,Aaron Burns
s7376,Maggie & Bianca: Fashion Friends,TV Show,2017,2019.0,Iginio Straffi
s7378,Magic Snowflake,Movie,2013,2015.0,Luc Vinciguerra
s7379,Magnetic,Movie,2018,2020.0,Thierry Donard
s7380,Magnus,Movie,2016,2017.0,Benjamin Ree
s7381,Mahabharat,Movie,2013,2018.0,Amaan Khan
s7385,Mahjong Heroes,Movie,1981,2018.0,Li Pei-Chuan
s7387,Maine Pyaar Kyun Kiya,Movie,2005,2019.0,David Dhawan
s7388,Maine Pyar Kiya,Movie,1989,2018.0,Sooraj R. Barjatya
s7389,Mala Kahich Problem Nahi,Movie,2017,2018.0,Sameer Vidwans
s7390,Malicious,Movie,2018,2019.0,Michael Winnick
s7391,Man of Tai Chi,Movie,2013,2018.0,Keanu Reeves
s7392,Man Up,Movie,2015,2018.0,Ben Palmer
s7394,Mandi,Movie,1983,2020.0,Shyam Benegal
s7395,Mandobasar Galpo,Movie,2017,2018.0,Tathagata Banerjee
s7396,Manglehorn,Movie,2014,2017.0,David Gordon Green
s7397,Mango Dreams,Movie,2016,2018.0,John Upchurch
s7398,Manhattan Romance,Movie,2014,2017.0,Tom O'Brien
s7399,Manolo: The Boy Who Made Shoes for Lizards,Movie,2017,2018.0,Michael Roberts
s7400,Mansfield Park,Movie,1999,2020.0,Patricia Rozema
s7401,Mantostaan,Movie,2017,2017.0,Rahat Kazmi
s7402,Mantra,Movie,2017,2017.0,Nicholas Kharkongor
s7403,Mara,Movie,2017,2019.0,Clive Tonge
s7404,Marauders,Movie,2016,2020.0,Steven C. Miller
s7406,Mark Gatiss: A Study in Sherlock,Movie,2016,2016.0,Nathan Landeg
s7408,Maroon,Movie,2016,2017.0,Pulkit
s7410,Mars,TV Show,2018,2019.0,Everardo Gout
s7411,Martial Arts of Shaolin,Movie,1986,2018.0,Chia-Liang Liu
s7412,Martin Lawrence Live: Runteldat,Movie,2002,2019.0,David Raynr
s7413,Martin Luther: The Idea that Changed the World,Movie,2017,2018.0,David Batty
s7414,Martyrs of Marriage,Movie,2016,2018.0,Deepika Narayan Bhardwaj
s7415,Marvel & ESPN Films Present: 1 of 1: Genesis,Movie,2014,2015.0,Eric Drath
s7416,Marvel's Iron Man & Hulk: Heroes United,Movie,2013,2014.0,Leo Riley
s7416,Marvel's Iron Man & Hulk: Heroes United,Movie,2013,2014.0,Eric Radomski
s7417,Mary and the Witch's Flower,Movie,2017,2018.0,Hiromasa Yonebayashi
s7418,Mary Poppins Returns,Movie,2018,2019.0,Rob Marshall
s7420,Masoom,Movie,1983,2019.0,Shekhar Kapur
s7421,Master,Movie,2016,2018.0,Ui-seok Jo
s7422,Mater,Movie,2017,2018.0,Pablo D'Alo Abba
s7423,Matichya Chuli,Movie,2006,2018.0,Sudesh Manjrekar
s7423,Matichya Chuli,Movie,2006,2018.0,Atul Kale
s7424,Max Rose,Movie,2013,2017.0,Daniel Noah
s7425,May We Chat,Movie,2014,2018.0,Philip Yung
s7426,May You Prosper,Movie,2017,2019.0,Hassan Hegazy
s7426,May You Prosper,Movie,2017,2019.0,Shady Ali
s7427,Maya Angelou: And Still I Rise,Movie,2016,2017.0,Bob Hercules
s7427,Maya Angelou: And Still I Rise,Movie,2016,2017.0,Rita Coburn Whack
s7428,Maynard,Movie,2017,2018.0,Samuel D. Pollard
s7429,Maza Pati Karodpati,Movie,1988,2018.0,Sachin
s7430,Me and the Alien,Movie,2016,2017.0,Jesús Magaña Vázquez
s7431,Mean Dreams,Movie,2016,2019.0,Nathan Morlando
s7432,Mean Streets,Movie,1973,2019.0,Martin Scorsese
s7433,Meditation Park,Movie,2017,2018.0,Mina Shum
s7434,Medium,Movie,1985,2019.0,Jacek Koprowicz
s7435,Meet the Trumps: From Immigrant to President,Movie,2017,2017.0,Paul Berczeller
s7435,Meet the Trumps: From Immigrant to President,Movie,2017,2017.0,Mark Radice
s7438,Melle,Movie,2017,2018.0,Binu Ulahhannan
s7440,Melvin Goes to Dinner,Movie,2003,2018.0,Bob Odenkirk
s7441,Memoir of a Murderer,Movie,2017,2018.0,Shin-yeon Won
s7442,Memory Games,Movie,2018,2019.0,Janet Tobias
s7442,Memory Games,Movie,2018,2019.0,Claus Wehlisch
s7443,Men in Black,Movie,1997,2019.0,Barry Sonnenfeld
s7444,Men in Black II,Movie,2002,2019.0,Barry Sonnenfeld
s7445,Menorca,Movie,2016,2017.0,John Barnard
s7446,Merantau,Movie,2009,2019.0,Gareth Evans
s7449,Merry Men: The Real Yoruba Demons,Movie,2018,2019.0,Toka McBaror
s7451,Mi Shivajiraje Bhosale Boltoy,Movie,2009,2018.0,Santosh Manjrekar
s7452,MI-5,Movie,2015,2019.0,Bharat Nalluri
s7453,Middle School: The Worst Years of My Life,Movie,2016,2019.0,Steve Carr
s7455,Midnight Special,Movie,2016,2020.0,Jeff Nichols
s7457,Milk,Movie,2008,2017.0,Gus Van Sant
s7459,Minnaminugu the FireFly,Movie,2017,2018.0,Anil Thomas
s7461,Miracle,Movie,2004,2018.0,Gavin O'Connor
s7462,Mirror Mirror,Movie,2012,2020.0,Tarsem Singh
s7463,Mirzya,Movie,2016,2017.0,Rakeysh Omprakash Mehra
s7465,Miss Hokusai,Movie,2015,2017.0,Keiichi Hara
s7466,Miss Julie,Movie,2014,2015.0,Liv Ullmann
s7467,Miss Me This Christmas,Movie,2017,2017.0,Kenny Young
s7468,Miss Representation,Movie,2011,2017.0,Jennifer Siebel Newsom
s7470,Miss Sharon Jones!,Movie,2015,2017.0,Barbara Kopple
s7471,Miss Stevens,Movie,2016,2016.0,Julia Hart
s7472,Mission Control: The Unsung Heroes of Apollo,Movie,2017,2017.0,David Fairhead
s7473,Mission of Honor,Movie,2018,2019.0,David Blair
s7474,Mission: Destroy Love,Movie,2014,2017.0,Osman Ali
s7475,Mississippi Grind,Movie,2015,2018.0,Anna Boden
s7475,Mississippi Grind,Movie,2015,2018.0,Ryan Fleck
s7476,Moh Maya Money,Movie,2016,2017.0,Munish Bhardwaj
s7477,Mohawk,Movie,2017,2018.0,Ted Geoghegan
s7478,Mojave,Movie,2015,2018.0,William Monahan
s7479,Mokalik (Mechanic),Movie,2019,2019.0,Kunle Afolayan
s7480,Molly's Game,Movie,2017,2020.0,Aaron Sorkin
s7482,Mona Lisa Smile,Movie,2003,2019.0,Mike Newell
s7483,Money,Movie,2016,2017.0,Martin Rosete
s7485,Money Talks,Movie,1997,2019.0,Brett Ratner
s7487,Monkey Up,Movie,2016,2016.0,Robert Vince
s7488,Monopoly (The Bank Of Luck),Movie,2017,2019.0,Ahmed El Gendy
s7489,Monster Family,Movie,2017,2018.0,Holger Tappe
s7490,Monster High 13 Wishes,Movie,2013,2018.0,Steve Sacks
s7491,"Monster High: Boo York, Boo York",Movie,2015,2015.0,William Lau
s7492,Monster High: Escape from Skull Shores,Movie,2012,2018.0,Steve Ball
s7492,Monster High: Escape from Skull Shores,Movie,2012,2018.0,Andrew Duncan
s7493,Monster High: Freaky Fusion,Movie,2014,2018.0,William Lau
s7493,Monster High: Freaky Fusion,Movie,2014,2018.0,Sylvain Blais
s7494,Monster High: Friday Night Frights,Movie,2013,2018.0,Dustin McKenzie
s7495,Monster High: Fright On!,Movie,2011,2018.0,Victor Dal Chele
s7495,Monster High: Fright On!,Movie,2011,2018.0,Alfred Gimeno
s7496,"Monster High: Frights, Camera, Action!",Movie,2014,2018.0,William Lau
s7497,Monster High: Ghouls Rule,Movie,2012,2018.0,Mike Fetterly
s7497,Monster High: Ghouls Rule,Movie,2012,2018.0,Steve Sacks
s7498,Monster High: Great Scarrier Reef,Movie,2016,2017.0,William Lau
s7499,Monster High: Haunted,Movie,2015,2018.0,Dan Fraga
s7499,Monster High: Haunted,Movie,2015,2018.0,William Lau
s7500,Monster High: New Ghoul at School,Movie,2010,2017.0,Audu Paden
s7500,Monster High: New Ghoul at School,Movie,2010,2017.0,Eric Radomski
s7501,"Monster High: Scaris, City of Frights",Movie,2013,2015.0,Dustin McKenzie
s7501,"Monster High: Scaris, City of Frights",Movie,2013,2015.0,Andrew Duncan
s7501,"Monster High: Scaris, City of Frights",Movie,2013,2015.0,Audu Paden
s7502,Monster High: Why Do Ghouls Fall in Love?,Movie,2013,2018.0,Dustin McKenzie
s7502,Monster High: Why Do Ghouls Fall in Love?,Movie,2013,2018.0,Steve Sacks
s7504,Monster-in-Law,Movie,2005,2020.0,Robert Luketic
s7505,Monty Don's French Gardens,TV Show,2013,2019.0,Rachel Bell
s7507,Moon,Movie,2009,2020.0,Duncan Jones
s7508,Moonlight,Movie,2016,2019.0,Barry Jenkins
s7509,Moonwalkers,Movie,2015,2017.0,Antoine Bardou-Jacquet
s7510,Moor,Movie,2015,2017.0,Jami
s7511,Morris from America,Movie,2016,2018.0,Chad Hartigan
s7512,Mortified Nation,Movie,2013,2018.0,Michael Mayer
s7513,Morya,Movie,2011,2018.0,Avadhoot Gupte
s7514,Motu Patlu: King of Kings,Movie,2016,2017.0,Suhas Kadav
s7515,Mountain,Movie,2017,2018.0,Jennifer Peedom
s7516,Movie 43,Movie,2013,2019.0,Peter Farrelly
s7516,Movie 43,Movie,2013,2019.0,Will Graham
s7516,Movie 43,Movie,2013,2019.0,Steve Carr
s7516,Movie 43,Movie,2013,2019.0,Griffin Dunne
s7516,Movie 43,Movie,2013,2019.0,Steve Brill
s7516,Movie 43,Movie,2013,2019.0,James Duffy
s7516,Movie 43,Movie,2013,2019.0,Jonathan van Tulleken
s7516,Movie 43,Movie,2013,2019.0,Elizabeth Banks
s7516,Movie 43,Movie,2013,2019.0,Patrik Forsberg
s7516,Movie 43,Movie,2013,2019.0,Brett Ratner
s7516,Movie 43,Movie,2013,2019.0,Rusty Cundieff
s7516,Movie 43,Movie,2013,2019.0,James Gunn
s7517,Mr. Church,Movie,2016,2018.0,Bruce Beresford
s7518,Mr. Deeds,Movie,2002,2020.0,Steve Brill
s7519,Mr. Gaga: A True Story of Love and Dance,Movie,2015,2017.0,Tomer Heymann
s7520,Mr. Virgin,Movie,1984,2018.0,Anthony Chan
s7521,Mr. Woodcock,Movie,2007,2019.0,Craig Gillespie
s7523,Ms. Mammy,Movie,2012,2019.0,Wael Ihsan
s7524,Mud,Movie,2012,2021.0,Jeff Nichols
s7525,Mujhse Shaadi Karogi,Movie,2004,2019.0,David Dhawan
s7526,Mune: Guardian of the Moon,Movie,2014,2018.0,Alexandre Heboyan
s7526,Mune: Guardian of the Moon,Movie,2014,2018.0,Benoît Philippon
s7527,Muppets Most Wanted,Movie,2014,2020.0,James Bobin
s7528,Murder Party,Movie,2007,2018.0,Jeremy Saulnier
s7531,Mutiny on the Bounty,Movie,1962,2019.0,Lewis Milestone
s7531,Mutiny on the Bounty,Movie,1962,2019.0,Carol Reed
s7532,My Babysitter's a Vampire: The Movie,Movie,2010,2018.0,Bruce McDonald
s7533,My Brother ... Nikhil,Movie,2005,2018.0,Onir
s7534,My Daddy is in Heaven,Movie,2017,2018.0,Waymon Boone
s7535,My Dog is My Guide,Movie,2013,2019.0,Ismail Farouk
s7536,My Entire High School Sinking Into the Sea,Movie,2016,2018.0,Dash Shaw
s7537,My Ex-Ex,Movie,2015,2017.0,Nathaniel Warsh
s7538,My Honor Was Loyalty,Movie,2015,2017.0,Alessandro Pepe
s7540,My Life as a Zucchini,Movie,2016,2017.0,Claude Barras
s7542,My Little Pony Equestria Girls: Friendship Games,Movie,2015,2015.0,Ishi Rudell
s7542,My Little Pony Equestria Girls: Friendship Games,Movie,2015,2015.0,Jayson Thiessen
s7543,My Little Pony Equestria Girls: Rainbow Rocks,Movie,2014,2014.0,Jayson Thiessen
s7543,My Little Pony Equestria Girls: Rainbow Rocks,Movie,2014,2014.0,Ishi Rudell
s7544,My Only Mother,Movie,2013,2019.0,Wenn V. Deramas
s7545,"My Schoolmate, the Barbarian",Movie,2001,2018.0,Siu-hung Chung
s7545,"My Schoolmate, the Barbarian",Movie,2001,2018.0,Wong Jing
s7546,My Scientology Movie,Movie,2015,2017.0,John Dower
s7547,My Sister's Keeper,Movie,2009,2019.0,Nick Cassavetes
s7549,My True Friend,Movie,2012,2018.0,Atsajun Sattakovit
s7550,My Week with Marilyn,Movie,2011,2019.0,Simon Curtis
s7551,My Wife and My Wifey,Movie,2014,2019.0,Moataz El Tony
s7553,Mythily Veendum Varunnu,Movie,2017,2018.0,Sabu Varghese
s7554,Nacho Libre,Movie,2006,2019.0,Jared Hess
s7555,Naga The Eternal Yogi,Movie,2016,2017.0,Krishna Agazzi
s7555,Naga The Eternal Yogi,Movie,2016,2017.0,Filippo Gastaldi
s7556,Nails,Movie,2017,2018.0,Dennis Bartok
s7557,Naledi: A Baby Elephant's Tale,Movie,2016,2020.0,Ben Bowie
s7557,Naledi: A Baby Elephant's Tale,Movie,2016,2020.0,Geoff Luck
s7558,Namak Halaal,Movie,1982,2019.0,Prakash Mehra
s7559,Namour,Movie,2016,2017.0,Heidi Saman
s7560,Naruto Shippuden : Blood Prison,Movie,2011,2017.0,Masahiko Murata
s7561,Natalia Valdebenito: Gritona,Movie,2017,2017.0,Natalia Valdebenito
s7562,National Bird,Movie,2016,2017.0,Sonia Kennebeck
s7563,National Lampoon's Loaded Weapon 1,Movie,1993,2019.0,Gene Quintano
s7564,National Parks Adventure,Movie,2016,2018.0,Greg MacGillivray
s7565,National Treasure,Movie,2004,2018.0,Jon Turteltaub
s7566,Natsamrat - Asa Nat Hone Nahi,Movie,2016,2018.0,Mahesh Manjrekar
s7567,Natural Born Pranksters,Movie,2016,2016.0,Roman Atwood
s7567,Natural Born Pranksters,Movie,2016,2016.0,Ben Pluimer
s7568,Natural Selection,Movie,2015,2016.0,Chad L. Scheifele
s7576,Nazi Concentration Camps,Movie,1945,2017.0,George Stevens
s7578,Neruda,Movie,2016,2017.0,Pablo Larraín
s7579,Never Heard,Movie,2018,2019.0,Josh Webber
s7580,New York Minute,Movie,2004,2020.0,Dennie Gordon
s7581,Newtown,Movie,2016,2017.0,Kim A. Snyder
s7582,Next,Movie,2007,2019.0,Lee Tamahori
s7583,Nibunan,Movie,2017,2018.0,Arun Vaidyanathan
s7584,Night Comes On,Movie,2018,2020.0,Jordana Spiro
s7585,Night Moves,Movie,2013,2019.0,Kelly Reichardt
s7586,Nightcrawler,Movie,2014,2020.0,Dan Gilroy
s7588,Nights in Rodanthe,Movie,2008,2019.0,George C. Wolfe
s7591,No Entry,Movie,2005,2018.0,Anees Bazmee
s7592,No Estoy Loca,Movie,2018,2018.0,Nicolás López
s7593,No Reservations,Movie,2007,2019.0,Scott Hicks
s7595,Norm of the North: Family Vacation,Movie,2020,2020.0,Anthony Bell
s7596,Norm of the North: Keys to the Kingdom,Movie,2019,2020.0,Tim Maltby
s7597,Norm of the North: King Sized Adventure,Movie,2019,2019.0,Richard Finn
s7597,Norm of the North: King Sized Adventure,Movie,2019,2019.0,Tim Maltby
s7599,Not Alone,Movie,2017,2018.0,Kiki Goshay
s7599,Not Alone,Movie,2017,2018.0,Jacqueline Monetta
s7601,NOVA: Black Hole Apocalypse,Movie,2018,2019.0,Rushmore DeNooyer
s7602,NOVA: Building Chernobyl's MegaTomb,Movie,2017,2019.0,Martin Gorst
s7603,NOVA: Chinese Chariot Revealed,Movie,2017,2019.0,Giulia Clark
s7604,NOVA: Day the Dinosaurs Died,Movie,2017,2019.0,Sarah Holt
s7605,NOVA: Death Dive to Saturn,Movie,2017,2019.0,Terri Randall
s7606,NOVA: Decoding the Weather Machine,Movie,2018,2019.0,Doug Hamilton
s7607,NOVA: Eclipse Over America,Movie,2017,2019.0,Martin Gorst
s7608,NOVA: Extreme Animal Weapons,Movie,2017,2019.0,Peter Fison
s7609,NOVA: First Face of America,Movie,2018,2019.0,Graham Townsley
s7610,NOVA: Holocaust Escape Tunnel,Movie,2017,2019.0,Paula Apsell
s7610,NOVA: Holocaust Escape Tunnel,Movie,2017,2019.0,Kirk Wolfinger
s7612,NOVA: Killer Hurricanes,Movie,2017,2019.0,Oliver Twinch
s7613,NOVA: Killer Volcanoes,Movie,2017,2019.0,Oliver Twinch
s7614,NOVA: Poisoned Water,Movie,2017,2019.0,Llewellyn M. Smith
s7615,NOVA: Prediction by the Numbers,Movie,2018,2019.0,Daniel McCabe
s7616,NOVA: Secrets of the Shining Knight,Movie,2017,2019.0,Peter Yost
s7617,NOVA: Thai Cave Rescue,Movie,2018,2019.0,Tom Stubberfield
s7618,NOVA: The Impossible Flight,Movie,2018,2019.0,Noel Dockstader
s7618,NOVA: The Impossible Flight,Movie,2018,2019.0,Quinn Kanaly
s7619,Nova: Ultimate Mars Challenge,Movie,2012,2019.0,Gail Willumsen
s7620,November Criminals,Movie,2017,2020.0,Sacha Gervasi
s7621,Now and Then,Movie,1995,2019.0,Lesli Linka Glatter
s7622,Now More Than Ever: The History of Chicago,Movie,2016,2018.0,Peter Pardini
s7623,Nowhere Boy,Movie,2009,2018.0,Sam Taylor-Johnson
s7626,Numbered,Movie,2012,2017.0,Dana Doron
s7626,Numbered,Movie,2012,2017.0,Uriel Sinai
s7627,Numero Zero. The Roots of Italian Rap,Movie,2015,2018.0,Enrico Bisi
s7631,Nymphomaniac: Volume 1,Movie,2013,2018.0,Lars von Trier
s7632,Nymphomaniac: Volume II,Movie,2013,2018.0,Lars von Trier
s7634,Oasis: Supersonic,Movie,2016,2018.0,Mat Whitecross
s7635,Obvious Child,Movie,2014,2018.0,Gillian Robespierre
s7636,Océans,Movie,2009,2019.0,Jacques Perrin
s7636,Océans,Movie,2009,2019.0,Jacques Cluzaud
s7637,Occupation,Movie,2018,2019.0,Luke Sparke
s7638,Ocean's Eleven,Movie,1960,2019.0,Lewis Milestone
s7639,Ocean's Thirteen,Movie,2007,2019.0,Steven Soderbergh
s7640,Ocean's Twelve,Movie,2004,2019.0,Steven Soderbergh
s7642,Off Course,Movie,2015,2016.0,Nacho G. Velilla
s7643,Officer Downe,Movie,2016,2017.0,Shawn Crahan
s7644,Oh My Ghost 2,Movie,2011,2018.0,Poj Arnon
s7645,Oh My Ghost 3,Movie,2012,2018.0,Poj Arnon
s7646,Oh My Ghost 4,Movie,2015,2018.0,Poj Arnon
s7648,Oklahoma City,Movie,2017,2017.0,Barak Goodman
s7649,Oliver Stone's Untold History of the United States,TV Show,2013,2016.0,Oliver Stone
s7651,Omar and Salma 3,Movie,2012,2019.0,Mohamed Samy
s7652,On the Wrong Track,Movie,1983,2018.0,Clarence Yiu-leung Fok
s7653,On Yoga The Architecture of Peace,Movie,2017,2018.0,Heitor Dhalia
s7654,Onaatah,Movie,2016,2018.0,Pradip Kurbah
s7655,Once In A Lifetime Sessions with Moby,Movie,2018,2018.0,Matt Askem
s7656,Once In A Lifetime Sessions with Nile Rodgers,Movie,2018,2018.0,Charlie Lightening
s7657,Once In A Lifetime Sessions with Noel Gallagher,Movie,2018,2018.0,Charlie Lightening
s7658,Once In A Lifetime Sessions with TLC,Movie,2018,2018.0,Matt Askem
s7659,Once Upon a Time in London,Movie,2019,2020.0,Simon Rumley
s7660,Once Upon a Time in the West,Movie,1968,2019.0,Sergio Leone
s7661,One Day,Movie,2016,2018.0,Banjong Pisanthanakun
s7662,One Direction: This Is Us,Movie,2013,2019.0,Morgan Spurlock
s7664,One Last Thing,Movie,2018,2019.0,Tim Rouhana
s7665,One More Shot,Movie,2017,2018.0,Noah Moskin
s7666,One Night Stand,Movie,2016,2017.0,Jasmine D'Souza
s7668,Only God Forgives,Movie,2013,2018.0,Nicolas Winding Refn
s7669,Only the Dead,Movie,2015,2018.0,Bill Guttentag
s7669,Only the Dead,Movie,2015,2018.0,Michael Ware
s7670,Open Season,Movie,2006,2019.0,Roger Allers
s7670,Open Season,Movie,2006,2019.0,Jill Culton
s7671,Operation Chromite,Movie,2016,2018.0,John H. Lee
s7673,Operation Mekong,Movie,2016,2017.0,Dante Lam
s7674,Operation Odessa,Movie,2018,2020.0,Tiller Russell
s7677,Operation Red Sea,Movie,2018,2018.0,Dante Lam
s7678,Operator,Movie,2016,2017.0,Logan Kibens
s7679,Opium and the Kung Fu Master,Movie,1984,2018.0,Chia Tang
s7680,Origins Collection,TV Show,2018,2018.0,Peter McDonnell
s7681,Oru Vishsheshapetta Biryani Kissa,Movie,2017,2018.0,Kiran Narayanan
s7682,OtherLife,Movie,2017,2017.0,Ben C. Lucas
s7683,Ottaal,Movie,2014,2017.0,Jayaraj Rajasekharan Nair
s7684,Our Godfather,Movie,2019,2019.0,Mark Franchetti
s7684,Our Godfather,Movie,2019,2019.0,Andrew Meier
s7685,Our House,Movie,2018,2020.0,Anthony Scott Burns
s7687,Outlawed,Movie,2018,2019.0,Adam Collins
s7687,Outlawed,Movie,2018,2019.0,Luke Radford
s7688,P,Movie,2006,2019.0,Paul Spurrier
s7689,P Se PM Tak,Movie,2015,2018.0,Kundan Shah
s7691,P.S. I Love You,Movie,2007,2019.0,Richard LaGravenese
s7692,Paathi,Movie,2017,2018.0,Chandran Narikode
s7693,Pablo Escobar: Angel or Demon?,Movie,2007,2018.0,Jorge Granier
s7695,Pahuyut Fighting Beat,Movie,2007,2018.0,Piti Jaturaphat
s7696,Paid in Full,Movie,2002,2019.0,Charles Stone III
s7697,Paint It Black,Movie,2016,2018.0,Amber Tamblyn
s7698,Painted Faces,Movie,1988,2018.0,Alex Law
s7700,Palio,Movie,2015,2016.0,Cosima Spender
s7701,Palm Trees in the Snow,Movie,2015,2016.0,Fernando González Molina
s7702,Panic Room,Movie,2002,2019.0,David Fincher
s7703,Papa the Great,Movie,2000,2017.0,Bhagyaraj
s7704,Paper Year,Movie,2018,2019.0,Rebecca Addelman
s7705,Paranormal Activity,Movie,2007,2020.0,Oren Peli
s7707,Pardes,Movie,1997,2018.0,Subhash Ghai
s7708,Pareeth Pandaari,Movie,2017,2018.0,Gafoor Y. Elliyaas
s7709,Paris Is Burning,Movie,1990,2017.0,Jennie Livingston
s7712,Passenger 57,Movie,1992,2021.0,Kevin Hooks
s7713,Patiala House,Movie,2011,2017.0,Nikhil Advani
s7714,Patient Seventeen,Movie,2017,2018.0,Jeremy Kenyon Lockyer Corbell
s7715,Patriot Games,Movie,1992,2020.0,Phillip Noyce
s7716,Patron Mutlu Son Istiyor,Movie,2014,2017.0,Kıvanç Baruönü
s7717,Paul Blart: Mall Cop,Movie,2009,2020.0,Steve Carr
s7718,Paulettante Veedu,Movie,2016,2018.0,Dileep Narayanan
s7720,Paying Guests,Movie,2009,2018.0,Paritosh Painter
s7721,Pee Mak,Movie,2013,2018.0,Banjong Pisanthanakun
s7723,Pee-wee's Playhouse: Christmas Special,Movie,1988,2014.0,Paul Reubens
s7723,Pee-wee's Playhouse: Christmas Special,Movie,1988,2014.0,Wayne Orr
s7724,Pekak,Movie,2016,2017.0,Mohd Khairul Azri Bin Md Noor
s7725,Penelope,Movie,2006,2019.0,Mark Palansky
s7727,People You May Know,Movie,2016,2017.0,J.C. Falcón
s7728,Perfect Bid: The Contestant Who Knew Too Much,Movie,2017,2019.0,C.J. Wallis
s7729,Perfect Stranger,Movie,2007,2019.0,James Foley
s7731,Personal Shopper,Movie,2016,2019.0,Olivier Assayas
s7732,Peter and the Farm,Movie,2016,2017.0,Tony Stone
s7733,Peter Rabbit,Movie,2018,2018.0,Will Gluck
s7734,Phamous,Movie,2018,2019.0,Karan Lalit Butani
s7735,Phantom Boy,Movie,2015,2017.0,Jean-Loup Felicioli
s7735,Phantom Boy,Movie,2015,2017.0,Alain Gagnol
s7736,Philadelphia,Movie,1993,2019.0,Jonathan Demme
s7737,Phir Se,Movie,2015,2018.0,Ajay Bhuyan
s7737,Phir Se,Movie,2015,2018.0,Kunal Kohli
s7738,Phobia 2,Movie,2009,2018.0,Banjong Pisanthanakun
s7738,Phobia 2,Movie,2009,2018.0,Paween Purikitpanya
s7738,Phobia 2,Movie,2009,2018.0,Songyos Sugmakanan
s7738,Phobia 2,Movie,2009,2018.0,Parkpoom Wongpoom
s7738,Phobia 2,Movie,2009,2018.0,Visute Poolvoralaks
s7739,Phone Swap,Movie,2012,2019.0,Kunle Afolayan
s7740,Phullu,Movie,2017,2019.0,Abhishek Saxena
s7741,Pick of the Litter,Movie,2018,2020.0,Dana Nachman
s7741,Pick of the Litter,Movie,2018,2020.0,Don Hardy Jr.
s7742,Pierre Jackson,Movie,2018,2019.0,Christopher Nolen
s7743,Pimpal,Movie,2017,2018.0,Gajendra Ahire
s7744,Pioneers of African-American Cinema,TV Show,1946,2017.0,Oscar Micheaux
s7744,Pioneers of African-American Cinema,TV Show,1946,2017.0,Spencer Williams
s7744,Pioneers of African-American Cinema,TV Show,1946,2017.0,Richard E. Norman
s7744,Pioneers of African-American Cinema,TV Show,1946,2017.0,Richard Maurice
s7745,Pitaah,Movie,2002,2018.0,Mahesh Manjrekar
s7746,"Pizza, birra, faso",Movie,1998,2018.0,Israel Adrián Caetano
s7746,"Pizza, birra, faso",Movie,1998,2018.0,Bruno Stagnaro
s7747,"Plaire, aimer et courir vite",Movie,2018,2019.0,Christophe Honoré
s7749,Planet Earth: The Complete Collection,TV Show,2006,2015.0,Alastair Fothergill
s7750,Planet Hulk,Movie,2010,2020.0,Sam Liu
s7751,Planetarium,Movie,2016,2018.0,Rebecca Zlotowski
s7752,Platoon,Movie,1986,2020.0,Oliver Stone
s7753,Playing for Time,Movie,1980,2017.0,Daniel Mann
s7753,Playing for Time,Movie,1980,2017.0,Joseph Sargent
s7754,Playing Hard,Movie,2018,2019.0,Jean-Simon Chartier
s7755,Pope Francis: A Man of His Word,Movie,2018,2019.0,Wim Wenders
s7756,Popeye,Movie,1980,2019.0,Robert Altman
s7758,Porto,Movie,2016,2018.0,Gabe Klinger
s7759,Postcards from London,Movie,2018,2019.0,Steve McLean
s7779,Power Rangers Super Megaforce: The Legendary Battle (Extended),Movie,2014,2016.0,Charlie Haskell
s7779,Power Rangers Super Megaforce: The Legendary Battle (Extended),Movie,2014,2016.0,Koichi Sakamoto
s7789,Power Rangers: Megaforce: The Robo Knight Before Christmas,Movie,2013,2016.0,James Barr
s7790,Prague,Movie,2013,2017.0,Ashish R. Shukla
s7791,Prelude to War,Movie,1942,2017.0,Frank Capra
s7792,Premachi Goshta,Movie,2013,2018.0,Satish Rajwade
s7793,Prescription Thugs,Movie,2015,2016.0,Chris Bell
s7793,Prescription Thugs,Movie,2015,2016.0,Josh Alexander
s7793,Prescription Thugs,Movie,2015,2016.0,Greg Young
s7794,Primal Fear,Movie,1996,2019.0,Gregory Hoblit
s7795,Prince Charming,Movie,1984,2018.0,Wong Jing
s7796,Prince Jai Aur Dumdaar Viru,TV Show,2017,2020.0,Bhavik Thakore
s7797,Princess Cyd,Movie,2017,2018.0,Stephen Cone
s7798,Professor Mack,Movie,2018,2019.0,Christopher Nolen
s7800,Prosecuting Evil: The Extraordinary World of Ben Ferencz,Movie,2019,2019.0,Barry Avrich
s7802,Pukar,Movie,2000,2018.0,Rajkumar Santoshi
s7803,Pulp Fiction,Movie,1994,2019.0,Quentin Tarantino
s7804,Punjab 1984,Movie,2014,2017.0,Anurag Singh
s7805,Pusher,Movie,2012,2017.0,Luis Prieto
s7806,Pyaar Ka Punchnama,Movie,2011,2017.0,Luv Ranjan
s7808,Q Ball,Movie,2019,2020.0,Michael Tolajian
s7810,Quantum of Solace,Movie,2008,2020.0,Marc Forster
s7812,Queen of the Desert,Movie,2015,2019.0,Werner Herzog
s7815,R.L. Stine's Mostly Ghostly,Movie,2008,2018.0,Richard Correll
s7817,Race to Witch Mountain,Movie,2009,2019.0,Andy Fickman
s7818,Rachel Getting Married,Movie,2008,2019.0,Jonathan Demme
s7819,Radical: the Controversial Saga of Dada Figueiredo,Movie,2013,2017.0,Raphael Erichsen
s7820,Radiopetti,Movie,2015,2017.0,Hari Viswanath
s7821,Raging Bull,Movie,1980,2019.0,Martin Scorsese
s7822,Rahasya,Movie,2015,2018.0,Manish Gupta
s7823,Raiders!: The Story of the Greatest Fan Film Ever Made,Movie,2015,2016.0,Jeremy Coon
s7823,Raiders!: The Story of the Greatest Fan Film Ever Made,Movie,2015,2016.0,Tim Skousen
s7824,Railroad Tigers,Movie,2016,2017.0,Ding Sheng
s7825,Raja Hindustani,Movie,1996,2017.0,Dharmesh Darshan
s7826,Rajnigandha,Movie,1974,2019.0,Basu Chatterjee
s7827,Ralph Breaks the Internet: Wreck-It Ralph 2,Movie,2018,2019.0,Phil Johnston
s7827,Ralph Breaks the Internet: Wreck-It Ralph 2,Movie,2018,2019.0,Rich Moore
s7828,Ram Teri Ganga Maili,Movie,1985,2019.0,Raj Kapoor
s7830,Ramen Shop,Movie,2018,2019.0,Eric Khoo
s7831,Ramji Londonwaley,Movie,2005,2019.0,Sanjay Dayma
s7832,Rampant,Movie,2018,2019.0,Kim Sung-hoon
s7833,Ranbhool,Movie,2010,2018.0,Girish Joshi
s7834,Rangreza,Movie,2017,2018.0,Amir Mohiuddin
s7835,Rats,Movie,2016,2016.0,Morgan Spurlock
s7837,Reaction,Movie,2011,2019.0,Husam El-Gohari
s7838,Ready,Movie,2011,2017.0,Anees Bazmee
s7840,Rebel Without a Cause,Movie,1955,2019.0,Nicholas Ray
s7842,Recall,Movie,2018,2019.0,Michael James Regan
s7844,Red Christmas,Movie,2016,2017.0,Craig Anderson
s7845,Red Dawn,Movie,1984,2019.0,John Milius
s7846,Red Oleanders Raktokarobi,Movie,2017,2018.0,Amitava Bhattacharya
s7847,Red Trees,Movie,2017,2018.0,Marina Willer
s7849,Refugee,Movie,2016,2017.0,Clementine Malpas
s7849,Refugee,Movie,2016,2017.0,Leslie Knott
s7850,Regatta,Movie,2015,2019.0,Mohamed Samy
s7852,Reincarnated,Movie,2012,2016.0,Andy Capper
s7853,Rembat,Movie,2015,2017.0,Shamyl Othman
s7854,Remember,Movie,2015,2018.0,Atom Egoyan
s7855,Remember Me,Movie,2010,2020.0,Allen Coulter
s7856,Rememory,Movie,2017,2020.0,Mark Palansky
s7858,Resident Evil: Afterlife,Movie,2010,2020.0,Paul W.S. Anderson
s7859,Residente,Movie,2017,2018.0,René Pérez Joglar
s7860,Restless Creature: Wendy Whelan,Movie,2016,2017.0,Linda Saffire
s7860,Restless Creature: Wendy Whelan,Movie,2016,2017.0,Adam Schlesinger
s7861,Return To The 36th Chamber,Movie,1980,2018.0,Chia-Liang Liu
s7862,Revelations,Movie,2016,2017.0,Vijay Jayapal
s7864,Revenge of the Green Dragons,Movie,2014,2018.0,Andrew Lau Wai-Keung
s7864,Revenge of the Green Dragons,Movie,2014,2018.0,Andrew Loo
s7865,Revolting Rhymes,TV Show,2017,2018.0,Jani Lachauer
s7865,Revolting Rhymes,TV Show,2017,2018.0,Jakob Schuh
s7866,Revolutionary Road,Movie,2008,2019.0,Sam Mendes
s7867,Rezeta,Movie,2012,2016.0,Fernando Frías De La Parra
s7869,Righteous Kill,Movie,2008,2019.0,Jon Avnet
s7870,Ringan,Movie,2015,2018.0,Makarand Mane
s7872,Rise of the Zombie,Movie,2013,2017.0,Devaki Singh
s7872,Rise of the Zombie,Movie,2013,2017.0,Luke Kenny
s7874,Rivaaz,Movie,2011,2017.0,Ashok Nanda
s7875,Road to Sangam,Movie,2010,2019.0,Amit Rai
s7876,Road to Yesterday,Movie,2015,2016.0,Ishaya Bako
s7877,Roberto Saviano: Writing Under Police Protection,Movie,2016,2018.0,Pierfrancesco Diliberto
s7878,Robin Hood: The Rebellion,Movie,2018,2019.0,Nicholas Winter
s7880,Rocky,Movie,1976,2019.0,John G. Avildsen
s7881,Rocky II,Movie,1979,2019.0,Sylvester Stallone
s7882,Rocky III,Movie,1982,2019.0,Sylvester Stallone
s7883,Rocky IV,Movie,1985,2019.0,Sylvester Stallone
s7884,Rocky V,Movie,1990,2019.0,John G. Avildsen
s7885,Roger Corman's Death Race 2050,Movie,2017,2017.0,G.J. Echternkamp
s7886,Roh's Beauty,Movie,2014,2019.0,Sameh Abdulaziz
s7887,Roll Red Roll,Movie,2018,2019.0,Nancy Schwartzman
s7888,Rolling Papers,Movie,2015,2017.0,Mitch Dickman
s7889,Romeo Ranjha,Movie,2014,2017.0,Navaniat Singh
s7890,Room,Movie,2015,2018.0,Lenny Abrahamson
s7891,Room for Rent,Movie,2017,2019.0,Matthew Atkinson
s7892,Room on the Broom,Movie,2012,2019.0,Max Lang
s7892,Room on the Broom,Movie,2012,2019.0,Jani Lachauer
s7894,Roots,Movie,2016,2017.0,Shweta Basu Prasad
s7895,Rosemary's Baby,Movie,1968,2019.0,Roman Polanski
s7896,Rounders,Movie,1998,2019.0,John Dahl
s7897,Royal Pains,TV Show,2016,2017.0,Jay Chandrasekhar
s7899,Rukh,Movie,2017,2018.0,Atanu Mukherjee
s7900,Rumble,Movie,2016,2017.0,R. Ellis Frazier
s7901,Rumble in the Bronx,Movie,1995,2019.0,Stanley Tong
s7902,Rumor Has It,Movie,2005,2019.0,Rob Reiner
s7903,Run,Movie,2004,2018.0,Jeeva
s7904,Runaway Bride,Movie,1999,2020.0,Garry Marshall
s7905,Running for Grace,Movie,2018,2019.0,David L. Cunningham
s7906,Running Out Of Time,Movie,2018,2019.0,Chris Stokes
s7908,Russell Madness,Movie,2015,2015.0,Robert Vince
s7910,Russell Peters: Notorious,Movie,2013,2013.0,Dave Higby
s7911,Rustom,Movie,2016,2017.0,Dharmendra Suresh Desai
s7912,S Is for Stanley,Movie,2016,2017.0,Alex Infascelli
s7913,S.W.A.T.,Movie,2003,2021.0,Clark Johnson
s7914,Saath Saath,Movie,1982,2019.0,Raman Kumar
s7915,Sacro GRA,Movie,2013,2017.0,Gianfranco Rosi
s7916,Sadece Sen,Movie,2014,2017.0,Hakan Yonat
s7917,Sadie's Last Days on Earth,Movie,2016,2017.0,Michael Seater
s7918,Sadma,Movie,1983,2019.0,Balu Mahendra
s7919,Sadqay Tumhare,TV Show,2014,2016.0,Ehtesham Uddin
s7920,Saeed Mirza: The Leftist Sufi,Movie,2016,2017.0,Kireet Khurana
s7920,Saeed Mirza: The Leftist Sufi,Movie,2016,2017.0,Padmakumar Narasimhamurthy
s7921,Safety Not Guaranteed,Movie,2012,2020.0,Colin Trevorrow
s7922,Saheb Bibi Golaam,Movie,2016,2017.0,Pratim D. Gupta
s7923,Sairat,Movie,2016,2018.0,Nagraj Manjule
s7924,Sakhi,Movie,2007,2018.0,Sanjay Soorkar
s7925,Salem: His Sister's Father,Movie,2014,2019.0,Mohamed Hamdy
s7926,Samantaral,Movie,2017,2018.0,Partha Chakraborty
s7927,Samarppanam,Movie,2017,2018.0,K. Gopinathan
s7928,Sameer Abu Alneel,Movie,2013,2019.0,Amr Arafa
s7929,Samson,Movie,2018,2018.0,Bruce MacDonald
s7929,Samson,Movie,2018,2018.0,Gabriel Sabloff
s7930,Samudri Lootere,Movie,2018,2019.0,Anirban Majumder
s7931,San Pietro,Movie,1945,2017.0,John Huston
s7932,Sanai Choughade,Movie,2008,2018.0,Rajeev Patil
s7933,Sangam,Movie,1964,2019.0,Raj Kapoor
s7934,Santa Claws,Movie,2014,2017.0,Glenn Miller
s7935,Santa's Apprentice,Movie,2010,2015.0,Luc Vinciguerra
s7936,Sarah's Key,Movie,2010,2019.0,Gilles Paquet-Brenner
s7937,Sardaar ji,Movie,2015,2017.0,Rohit Jugraj
s7938,Sardaarji 2,Movie,2016,2017.0,Rohit Jugraj
s7939,Sarivar Sari,Movie,2005,2018.0,Gajendra Ahire
s7940,Sarvopari Palakkaran,Movie,2017,2018.0,Venugopan
s7941,Sat Sri Akal,Movie,2008,2019.0,Kamal Sahani
s7942,Satan & Adam,Movie,2018,2019.0,V. Scott Balcerek
s7944,Satrangi Re,Movie,2012,2018.0,Aditya Sarpotdar
s7945,Satte Pe Satta,Movie,1982,2019.0,Raj N. Sippy
s7946,Saturday Church,Movie,2017,2020.0,Damon Cardasis
s7947,Savage Dog,Movie,2017,2017.0,Jesse V. Johnson
s7948,Savage Raghda,Movie,2018,2019.0,Mahmoud Karim
s7950,Saving Mr. Banks,Movie,2013,2019.0,John Lee Hancock
s7951,Saving Zoë,Movie,2019,2020.0,Jeffrey G. Hunt
s7952,Say When,Movie,2014,2018.0,Lynn Shelton
s7953,Scales: Mermaids Are Real,Movie,2017,2020.0,Kevan Peterson
s7955,Scandal in Sorrento,Movie,1955,2020.0,Dino Risi
s7956,Scary Movie,Movie,2000,2020.0,Keenen Ivory Wayans
s7957,Scary Movie 5,Movie,2013,2020.0,Malcolm D. Lee
s7958,Schindler's List,Movie,1993,2018.0,Steven Spielberg
s7959,School Daze,Movie,1988,2020.0,Spike Lee
s7960,Scooby-Doo on Zombie Island,Movie,1998,2019.0,Hiroshi Aoyama
s7960,Scooby-Doo on Zombie Island,Movie,1998,2019.0,Kazumi Fukushima
s7960,Scooby-Doo on Zombie Island,Movie,1998,2019.0,Jim Stenstrum
s7961,Scott Pilgrim vs. the World,Movie,2010,2018.0,Edgar Wright
s7962,Scream 2,Movie,1997,2019.0,Wes Craven
s7963,Scream 3,Movie,2000,2019.0,Wes Craven
s7964,Seal Team Six: The Raid on Osama Bin Laden,Movie,2012,2020.0,John Stockwell
s7965,Searching for Bobby Fischer,Movie,1993,2020.0,Steven Zaillian
s7966,Searching for Sugar Man,Movie,2012,2019.0,Malik Bendjelloul
s7967,Season of the Witch,Movie,2011,2019.0,Dominic Sena
s7968,Secret,Movie,2007,2018.0,Jay Chou
s7970,Secret in Their Eyes,Movie,2015,2018.0,Billy Ray
s7971,Secrets of Althorp - The Spencers,Movie,2013,2017.0,Kasia Uscinska
s7972,Secrets of Chatsworth,Movie,2013,2017.0,Susannah Ward
s7973,Secrets of Henry VIII's Palace: Hampton Court,Movie,2013,2017.0,Sam Taplin
s7974,Secrets of Her Majesty's Secret Service,Movie,2014,2017.0,Kasia Uscinska
s7975,Secrets of Highclere Castle,Movie,2013,2017.0,Vicky Matthews
s7976,Secrets of Scotland Yard,Movie,2013,2017.0,Susannah Ward
s7977,Secrets of Selfridges,Movie,2014,2017.0,Sam Taplin
s7978,Secrets of the Tower of London,Movie,2013,2017.0,Vicky Matthews
s7979,Secrets of Underground London,Movie,2014,2017.0,Vicky Matthews
s7979,Secrets of Underground London,Movie,2014,2017.0,Gareth Sacala
s7980,Secrets of Westminster,Movie,2014,2017.0,Louise Wardle
s7981,Sen Kimsin?,Movie,2012,2017.0,Ozan Açıktan
s7982,Senna,Movie,2010,2019.0,Asif Kapadia
s7984,"Septiembre, un llanto en silencio",Movie,2017,2018.0,Kenneth Müller
s7986,Set Up,Movie,2011,2020.0,Mike Gunther
s7987,Sex and the City 2,Movie,2010,2021.0,Michael Patrick King
s7988,Sex and the City: The Movie,Movie,2008,2021.0,Michael Patrick King
s7989,Sex Doll,Movie,2016,2017.0,Sylvie Verheyde
s7990,"Sexo, Pudor y Lagrimas",Movie,1999,2017.0,Antonio Serrano
s7991,SGT. Will Gardner,Movie,2019,2019.0,Max Martini
s7993,Shahanpan Dega Deva,Movie,2011,2018.0,Sudesh Manjrekar
s7995,Shakti: The Power,Movie,2002,2018.0,Krishna Vamshi
s7996,Shanghai,Movie,2012,2018.0,Dibakar Banerjee
s7997,Shararat,Movie,2002,2018.0,Gurudev Bhalla
s7998,Shark Busters,Movie,2002,2018.0,Herman Yau
s7999,Shark Night,Movie,2011,2019.0,David R. Ellis
s8000,Shaurya: It Takes Courage to Make Right... Right,Movie,2008,2018.0,Samar Khan
s8002,Shelter,Movie,2010,2017.0,Måns Mårlind
s8002,Shelter,Movie,2010,2017.0,Björn Stein
s8004,Sherlock Holmes,Movie,2009,2021.0,Guy Ritchie
s8005,Shiva,Movie,1990,2019.0,Ram Gopal Varma
s8006,Shopkins: Chef Club,Movie,2016,2018.0,Raymond McGrath
s8007,Shopkins: Wild,Movie,2018,2018.0,Adele K. Thomas
s8007,Shopkins: Wild,Movie,2018,2018.0,Richard Bailey
s8008,Shopkins: World Vacation,Movie,2017,2018.0,Richard Bailey
s8009,Shorgul,Movie,2016,2018.0,Jitendra Tiwari
s8009,Shorgul,Movie,2016,2018.0,Pranav Singh
s8010,Short Term 12,Movie,2013,2019.0,Destin Daniel Cretton
s8011,Shorts,Movie,2009,2019.0,Robert Rodriguez
s8012,SHOT! The Psycho-Spiritual Mantra of Rock,Movie,2016,2017.0,Barney Clay
s8013,Shuddhi,Movie,2017,2018.0,Adarsh Eshwarappa
s8014,Shutter,Movie,2004,2018.0,Banjong Pisanthanakun
s8014,Shutter,Movie,2004,2018.0,Parkpoom Wongpoom
s8015,Sicilian Ghost Story,Movie,2017,2019.0,Fabio Grassadonia
s8015,Sicilian Ghost Story,Movie,2017,2019.0,Antonio Piazza
s8017,Siddhant,Movie,2014,2018.0,Vivek Wagh
s8018,Silencer,Movie,2018,2018.0,Timothy Woodward Jr.
s8019,Silent Hill: Revelation,Movie,2012,2019.0,M.J. Bassett
s8020,Silicon Cowboys,Movie,2016,2017.0,Jason Cohen
s8024,Singh Saab the Great,Movie,2013,2017.0,Anil Sharma
s8025,Single,Movie,2015,2018.0,Raditya Dika
s8026,Singularity,Movie,2017,2018.0,Robert Kouba
s8027,Sinister Circle,Movie,2017,2019.0,Dorian Fernández-Moris
s8028,Siren,Movie,2016,2020.0,Gregg Bishop
s8029,Sister Code,Movie,2015,2016.0,Corey Grant
s8030,Skin Trade,Movie,2014,2018.0,Ekachai Uekrongtham
s8033,Skiptrace,Movie,2016,2019.0,Renny Harlin
s8034,Sky on Fire,Movie,2016,2017.0,Ringo Lam
s8035,Skydancers,Movie,2014,2018.0,Fredric Lean
s8036,Skyline,Movie,2010,2019.0,Colin Strause
s8036,Skyline,Movie,2010,2019.0,Greg Strause
s8037,Sleeping with Other People,Movie,2015,2017.0,Leslye Headland
s8038,Sleepover,Movie,2004,2020.0,Joe Nussbaum
s8039,Sling Blade,Movie,1996,2019.0,Billy Bob Thornton
s8040,Sliver,Movie,1993,2020.0,Phillip Noyce
s8042,Slow West,Movie,2015,2018.0,John Maclean
s8043,Small Soldiers,Movie,1998,2019.0,Joe Dante
s8044,Smart People,Movie,2008,2019.0,Noam Murro
s8046,SMOSH: The Movie,Movie,2015,2015.0,Alex Winter
s8047,Sniper: Special Ops,Movie,2016,2020.0,Fred Olen Ray
s8048,Socha Na Tha,Movie,2005,2018.0,Imtiaz Ali
s8049,Social Animals,Movie,2018,2019.0,Jonathan Ignatius Green
s8050,Soekarno,Movie,2013,2019.0,Hanung Bramantyo
s8051,Solo Con Tu Pareja,Movie,1991,2018.0,Alfonso Cuarón
s8052,Solo: A Star Wars Story,Movie,2018,2019.0,Ron Howard
s8053,Solo: A Star Wars Story (Spanish Version),Movie,2018,2019.0,Ron Howard
s8054,Solomon Kane,Movie,2009,2018.0,Michael J. Bassett
s8055,Some Freaks,Movie,2017,2017.0,Ian MacAllister-McDonald
s8056,Something's Gotta Give,Movie,2003,2019.0,Nancy Meyers
s8057,Son of a Gun,Movie,2014,2018.0,Julius Avery
s8058,Sons of Ben,Movie,2016,2016.0,Jeffrey C. Bell
s8060,Soul Surfer,Movie,2011,2020.0,Sean McNamara
s8061,Soul to Keep,Movie,2019,2019.0,David Allensworth
s8061,Soul to Keep,Movie,2019,2019.0,Monière
s8062,Sour Grapes,Movie,2016,2016.0,Jerry Rothwell
s8062,Sour Grapes,Movie,2016,2016.0,Reuben Atlas
s8064,Sparkle,Movie,1976,2019.0,Sam O'Steen
s8066,Speech & Debate,Movie,2017,2017.0,Dan Harris
s8067,Speed Is My Need,Movie,2019,2020.0,Mark Sloper
s8068,Spider-Man 3,Movie,2007,2019.0,Sam Raimi
s8069,Spider-Man: Into the Spider-Verse,Movie,2018,2019.0,Peter Ramsey
s8069,Spider-Man: Into the Spider-Verse,Movie,2018,2019.0,Rodney Rothman
s8069,Spider-Man: Into the Spider-Verse,Movie,2018,2019.0,Bob Persichetti
s8070,Spitfire: The Plane that Saved the World,Movie,2018,2019.0,David Fairhead
s8070,Spitfire: The Plane that Saved the World,Movie,2018,2019.0,Anthony Palmer
s8072,Spotlight,Movie,2015,2020.0,Tom McCarthy
s8073,Spring Breakers,Movie,2012,2021.0,Harmony Korine
s8074,Sprinter,Movie,2018,2020.0,Storm Saulter
s8075,Spy Kids,Movie,2001,2019.0,Robert Rodriguez
s8076,Spy Kids 2: The Island of Lost Dreams,Movie,2002,2019.0,Robert Rodriguez
s8077,Spy Kids 3: Game Over,Movie,2003,2019.0,Robert Rodriguez
s8078,Spy Time,Movie,2015,2016.0,Javier Ruiz Caldera
s8079,St. Agatha,Movie,2018,2019.0,Darren Lynn Bousman
s8080,Staged Killer,Movie,2019,2019.0,Christopher Ray
s8081,Standoff,Movie,2015,2018.0,Adam Alleca
s8082,Star Men,Movie,2015,2017.0,Alison E. Rose
s8083,Star Wars: Episode VIII: The Last Jedi,Movie,2017,2018.0,Rian Johnson
s8085,Starred Up,Movie,2013,2019.0,David Mackenzie
s8087,Stealing History,Movie,2006,2016.0,Ola Flyum
s8087,Stealing History,Movie,2006,2016.0,David Hebditch
s8088,Step Brothers,Movie,2008,2019.0,Adam McKay
s8089,Step Outside,Movie,2018,2019.0,Wael Ihsan
s8090,Stephanie,Movie,2017,2018.0,Akiva Goldsman
s8091,Sthaniya Sambaad,Movie,2010,2018.0,Arjun Gourisaria
s8091,Sthaniya Sambaad,Movie,2010,2018.0,Moinak Biswas
s8092,Still,Movie,2010,2018.0,Chatchai Katenut
s8092,Still,Movie,2010,2018.0,Manussa Vorasingha
s8092,Still,Movie,2010,2018.0,Tanwarin Sukkhapisit
s8092,Still,Movie,2010,2018.0,Poj Arnon
s8093,Stink!,Movie,2015,2018.0,Jon J. Whelan
s8096,Stonehearst Asylum,Movie,2014,2017.0,Brad Anderson
s8097,Stop at Nothing: The Lance Armstrong Story,Movie,2014,2015.0,Alex Holmes
s8099,Story of an Egg,Movie,2017,2017.0,Raj B. Shetty
s8100,Straight Up,Movie,2020,2020.0,James Sweeney
s8101,Strange but True,Movie,2019,2020.0,Rowan Athale
s8102,Stranger than Fiction,Movie,2006,2020.0,Marc Forster
s8104,Strictly Ballroom,Movie,1992,2020.0,Baz Luhrmann
s8105,Strike a Pose,Movie,2016,2017.0,Ester Gould
s8105,Strike a Pose,Movie,2016,2017.0,Reijer Zwaan
s8106,Stripes,Movie,1981,2019.0,Ivan Reitman
s8107,Striptease,Movie,1996,2021.0,Andrew Bergman
s8109,Stronger Than the World,Movie,2016,2017.0,Afonso Poyart
s8111,Stuart Little 2,Movie,2002,2020.0,Rob Minkoff
s8112,Submission,Movie,2019,2019.0,J.M. Berrios
s8113,Suburra,Movie,2015,2015.0,Stefano Sollima
s8114,Suckseed,Movie,2011,2018.0,Chayanop Boonprakob
s8115,Sudani from Nigeria,Movie,2018,2018.0,Zakariya
s8116,Suicide (Hitabdut),Movie,2014,2016.0,Benny Fredman
s8117,Suite Française,Movie,2014,2017.0,Saul Dibb
s8119,Summer Night,Movie,2019,2020.0,Joseph Cross
s8120,Summer of '92,Movie,2015,2016.0,Kasper Barfoed
s8121,Sunrise,Movie,2014,2017.0,Partho Sen-Gupta
s8123,Super Bheem Bana Vajraveer,Movie,2018,2019.0,Sumit Das
s8124,Super Dark Times,Movie,2017,2018.0,Kevin Phillips
s8125,Super Nani,Movie,2014,2018.0,Indra Kumar
s8127,Superbad,Movie,2007,2021.0,Greg Mottola
s8128,Superfly,Movie,1972,2019.0,Gordon Parks
s8129,Superman Returns,Movie,2006,2019.0,Bryan Singer
s8131,Superstar,Movie,1999,2019.0,Bruce McCulloch
s8132,Surat Dari Praha,Movie,2016,2018.0,Angga Dwimas Sasongko
s8134,Survivors Guide to Prison,Movie,2017,2018.0,Matthew Cooke
s8135,Susanne Bartsch: On Top,Movie,2017,2018.0,Anthony Caronna
s8135,Susanne Bartsch: On Top,Movie,2017,2018.0,Alexander Smith
s8136,Sustainable,Movie,2016,2017.0,Matt Wechsler
s8137,Swami,Movie,1977,2019.0,Basu Chatterjee
s8139,Sweeney Todd: The Demon Barber of Fleet Street,Movie,2007,2020.0,Tim Burton
s8140,Sweet Virginia,Movie,2017,2019.0,Jamie M. Dagg
s8141,Swiss Army Man,Movie,2016,2019.0,Dan Kwan
s8141,Swiss Army Man,Movie,2016,2019.0,Daniel Scheinert
s8142,Sword Master,Movie,2016,2017.0,Derek Yee
s8143,Sword Masters: Two Champions of Shaolin,Movie,1980,2018.0,Cheh Chang
s8145,Taal,Movie,1999,2018.0,Subhash Ghai
s8146,Tahaan,Movie,2008,2018.0,Santosh Sivan
s8147,Take Me Home Tonight,Movie,2011,2019.0,Michael Dowse
s8150,Tamanchey,Movie,2014,2017.0,Navneet Behal
s8151,Tarif de nuit,Movie,2015,2018.0,Julien Seri
s8152,Tarzan,Movie,1999,2018.0,Chris Buck
s8152,Tarzan,Movie,1999,2018.0,Kevin Lima
s8153,Tarzan 2,Movie,2005,2017.0,Brian Smith
s8154,Tattah,Movie,2013,2019.0,Sameh Abdulaziz
s8155,Tayo the Little Bus Movie: Mission Ace,Movie,2016,2019.0,Ryu Jung-woo
s8156,Teach Us All,Movie,2017,2017.0,Sonia Lowman
s8157,Teen Patti,Movie,2010,2018.0,Leena Yadav
s8158,Teenage Cocktail,Movie,2016,2017.0,John Carchietta
s8159,Teenage Mutant Ninja Turtles,Movie,2007,2019.0,Kevin Munroe
s8160,Teenage Mutant Ninja Turtles II: The Secret of the Ooze,Movie,1991,2020.0,Michael Pressman
s8161,Teenage Mutant Ninja Turtles: The Movie,Movie,1990,2020.0,Steve Barron
s8162,Tees Maar Khan,Movie,2010,2018.0,Farah Khan
s8163,Tellur Aliens,Movie,2016,2016.0,Einar Gabbassov
s8164,Temporada de Caza,Movie,2017,2018.0,Natalia Garagiola
s8165,Ten Years,Movie,2015,2019.0,Jevons Au
s8165,Ten Years,Movie,2015,2019.0,Zune Kwok
s8165,Ten Years,Movie,2015,2019.0,Chow Kwun-wai
s8165,Ten Years,Movie,2015,2019.0,Ng Ka-Leung
s8165,Ten Years,Movie,2015,2019.0,Wong Fei-Pang
s8167,Terminator 3: Rise of the Machines,Movie,2003,2020.0,Jonathan Mostow
s8168,Terminator Salvation,Movie,2009,2020.0,McG
s8169,Terra,Movie,2015,2016.0,Yann Arthus-Bertrand
s8169,Terra,Movie,2015,2016.0,Michael Pitiot
s8170,Terrifier,Movie,2017,2018.0,Damien Leone
s8171,Teshan,Movie,2016,2017.0,Sukhbir Singh
s8172,Tezz,Movie,2012,2017.0,Priyadarshan
s8173,Th Eena Meena Deeka Chase Comedy Show,TV Show,2015,2018.0,Dheeraj Berry
s8177,The 24 Hour War,Movie,2016,2019.0,Nate Adams
s8177,The 24 Hour War,Movie,2016,2019.0,Adam Carolla
s8178,The 4th Company,Movie,2016,2018.0,Mitzi Vanessa Arreola
s8178,The 4th Company,Movie,2016,2018.0,Amir Galvan Cervera
s8179,The Accountant of Auschwitz,Movie,2018,2019.0,Matthew Shoychet
s8180,The Adderall Diaries,Movie,2015,2018.0,Pamela Romanowsky
s8182,The Adventure Club,Movie,2016,2017.0,Geoff Anderson
s8184,The Adventures of Sharkboy and Lavagirl,Movie,2005,2020.0,Robert Rodriguez
s8185,The Adventures of Tintin,Movie,2011,2019.0,Steven Spielberg
s8186,The Aerial,Movie,2007,2018.0,Esteban Sapir
s8187,The Age of Shadows,Movie,2016,2018.0,Jee-woon Kim
s8188,The American President,Movie,1995,2021.0,Rob Reiner
s8189,The Amityville Horror,Movie,2005,2020.0,Andrew Douglas
s8191,The Angry Birds Movie 2,Movie,2019,2020.0,Thurop Van Orman
s8191,The Angry Birds Movie 2,Movie,2019,2020.0,John Rice
s8192,The Animal People,Movie,2019,2020.0,Denis Hennelly
s8192,The Animal People,Movie,2019,2020.0,Casey Suchan
s8193,The Ant's Scream,Movie,2010,2019.0,Sameh Abdulaziz
s8195,The Apostate,Movie,2015,2017.0,Federico Veiroj
s8196,The Art of the Steal,Movie,2013,2018.0,Jonathan Sobol
s8197,The Art of War,Movie,2000,2020.0,Christian Duguay
s8198,The Assignment,Movie,2016,2020.0,Walter Hill
s8199,The Autopsy of Jane Doe,Movie,2016,2018.0,André Øvredal
s8201,The Bachelors,Movie,2017,2018.0,Kurt Voelker
s8202,The Bad Education Movie,Movie,2015,2018.0,Elliot Hegarty
s8203,The Bad Kids,Movie,2016,2017.0,Keith Fulton
s8203,The Bad Kids,Movie,2016,2017.0,Louis Pepe
s8204,The Bare-Footed Kid,Movie,1993,2018.0,Johnnie To
s8205,The Basement,Movie,2018,2019.0,Brian M. Conley
s8205,The Basement,Movie,2018,2019.0,Nathan Ives
s8206,The Battle of Midway,Movie,1942,2017.0,John Ford
s8208,The Beginning of Life: The Series,TV Show,2016,2016.0,Estela Renner
s8211,The Bill Murray Stories: Life Lessons Learned From a Mythical Man,Movie,2018,2018.0,Tommy Avallone
s8212,The Black Room,Movie,2016,2017.0,Rolfe Kanefsky
s8213,The Blackcoat's Daughter,Movie,2015,2019.0,Osgood Perkins
s8214,The Bleeder,Movie,2016,2019.0,Philippe Falardeau
s8215,The Blue Planet: A Natural History of the Oceans,TV Show,2001,2015.0,Alastair Fothergill
s8216,The Bomb,Movie,2016,2017.0,Kevin Ford
s8216,The Bomb,Movie,2016,2017.0,Smriti Keshari
s8216,The Bomb,Movie,2016,2017.0,Eric Schlosser
s8218,The Book of Eli,Movie,2010,2019.0,Albert Hughes
s8218,The Book of Eli,Movie,2010,2019.0,Allen Hughes
s8219,The Boss's Daughter,Movie,2015,2017.0,Olivier Loustau
s8220,The Bounty Hunter,Movie,2010,2019.0,Andy Tennant
s8221,The Box,Movie,2009,2019.0,Richard Kelly
s8222,The Boy,Movie,2016,2020.0,William Brent Bell
s8223,The Boy in the Striped Pajamas,Movie,2008,2019.0,Mark Herman
s8224,The Brave One,Movie,2007,2019.0,Neil Jordan
s8225,The Brawler,Movie,2019,2019.0,Ken Kushner
s8226,The Breadwinner,Movie,2017,2018.0,Nora Twomey
s8227,The Break-Up,Movie,2006,2019.0,Peyton Reed
s8228,The Bridge,Movie,2017,2019.0,Kunle Afolayan
s8229,The Brothers Grimm,Movie,2005,2019.0,Terry Gilliam
s8230,The Bucket List,Movie,2007,2019.0,Rob Reiner
s8231,The Bulbul's Nest,Movie,2013,2019.0,Husam El-Gohari
s8233,The Bye Bye Man,Movie,2017,2019.0,Stacy Title
s8234,The Bygone,Movie,2019,2020.0,Graham Phillips
s8234,The Bygone,Movie,2019,2020.0,Parker Phillips
s8235,The Cakemaker,Movie,2017,2018.0,Ofir Raul Graizer
s8236,The Calling,TV Show,2018,2019.0,Bumpy
s8237,The Captive,Movie,2014,2018.0,Atom Egoyan
s8238,The Car,Movie,1977,2020.0,Elliot Silverstein
s8239,The Carter Effect,Movie,2017,2018.0,Sean Menard
s8240,The Case for Christ,Movie,2017,2017.0,Jon Gunn
s8241,The Cell,Movie,2017,2019.0,Tarek Al Eryan
s8242,The CEO,Movie,2016,2019.0,Kunle Afolayan
s8243,The Charnel House,Movie,2016,2017.0,Craig Moss
s8245,The Chord,Movie,2010,2019.0,Magdy Al-Hawwary
s8246,The Chosen,Movie,2016,2017.0,Antonio Chavarrías
s8247,The Chosen Ones,Movie,2015,2016.0,David Pablos
s8248,The Christmas Candle,Movie,2013,2019.0,John Stephenson
s8249,The Christmas Project,Movie,2016,2019.0,Michael Buster
s8250,The Cincinnati Kid,Movie,1965,2019.0,Norman Jewison
s8252,The Company Men,Movie,2010,2018.0,John Wells
s8253,The Competition,Movie,2018,2019.0,Harvey Lowry
s8254,The Confirmation,Movie,2016,2019.0,Bob Nelson
s8255,The Congress,Movie,2013,2019.0,Ari Folman
s8256,The Consul's Son,Movie,2011,2019.0,Amr Arafa
s8257,The Craft,Movie,1996,2020.0,Andrew Fleming
s8259,The Croods,Movie,2013,2019.0,Kirk De Micco
s8259,The Croods,Movie,2013,2019.0,Chris Sanders
s8260,The Crow,Movie,1994,2019.0,Alex Proyas
s8261,The Cruise,Movie,1970,2019.0,Marek Piwowski
s8262,The Crying Game,Movie,1992,2020.0,Neil Jordan
s8264,The D Train,Movie,2015,2017.0,Jarrad Paul
s8264,The D Train,Movie,2015,2017.0,Andrew Mogel
s8265,The Damned Rain,Movie,2009,2018.0,Satish Manwar
s8266,The Dancer,Movie,2011,2018.0,Ifa Isfansyah
s8267,The Dark Crystal,Movie,1982,2019.0,Frank Oz
s8267,The Dark Crystal,Movie,1982,2019.0,Jim Henson
s8268,The Dark Side of Life: Mumbai City,Movie,2018,2019.0,Tariq Khan
s8270,The Daughter,Movie,2015,2017.0,Simon Stone
s8271,The Dawn Wall,Movie,2017,2019.0,Peter Mortimer
s8271,The Dawn Wall,Movie,2017,2019.0,Josh Lowell
s8273,The Departed,Movie,2006,2021.0,Martin Scorsese
s8274,The Desert Bride,Movie,2017,2018.0,Cecilia Atán
s8274,The Desert Bride,Movie,2017,2018.0,Valeria Pivato
s8275,The Detained,Movie,2017,2019.0,Blair Hayes
s8276,The Devil and Father Amorth,Movie,2017,2018.0,William Friedkin
s8277,The Devil Inside,Movie,2012,2019.0,William Brent Bell
s8279,The Devil We Know,Movie,2018,2019.0,Stephanie Soechtig
s8279,The Devil We Know,Movie,2018,2019.0,Jeremy Seifert
s8280,The Diabolical,Movie,2015,2018.0,Alistair Legrand
s8281,The Dreamer,Movie,2009,2018.0,Riri Riza
s8282,The Drowning,Movie,2016,2017.0,Bette Gordon
s8284,The Duel,Movie,2016,2019.0,Kieran Darcy-Smith
s8285,The Dukes of Hazzard,Movie,2005,2020.0,Jay Chandrasekhar
s8286,The Dukes of Hazzard: The Beginning,Movie,2007,2020.0,Robert Berlinger
s8287,The Eichmann Show,Movie,2015,2017.0,Paul Andrew Williams
s8289,The End of the Tour,Movie,2015,2018.0,James Ponsoldt
s8290,The Endless,Movie,2017,2018.0,Justin Benson
s8290,The Endless,Movie,2017,2018.0,Aaron Moorhead
s8291,The Evil Dead,Movie,1981,2020.0,Sam Raimi
s8292,The Exception,Movie,2016,2019.0,David Leveaux
s8293,The Eyes of My Mother,Movie,2016,2017.0,Nicolas Pesce
s8294,The Fear,TV Show,2012,2017.0,Michael Samuels
s8295,The Fear of 13,Movie,2015,2016.0,David Sington
s8296,The Feels,Movie,2018,2018.0,Jenée LaMarque
s8297,The Fighter,Movie,2010,2019.0,David O. Russell
s8298,The Figurine (Araromire),Movie,2009,2019.0,Kunle Afolayan
s8299,The Final Destination,Movie,2009,2020.0,David R. Ellis
s8300,The First Line,Movie,2014,2016.0,Coerte Voorhees
s8300,The First Line,Movie,2014,2016.0,John Voorhees
s8301,The First Temptation of Christ,Movie,2019,2019.0,Rodrigo Van Der Put
s8302,The First Wives Club,Movie,1996,2019.0,Hugh WIlson
s8303,The Five,TV Show,2016,2017.0,Mark Tonderai
s8304,The Five Venoms,Movie,1978,2018.0,Cheh Chang
s8305,The Flintstones,Movie,1994,2019.0,Brian Levant
s8306,The Flintstones in Viva Rock Vegas,Movie,2000,2019.0,Brian Levant
s8307,The Flying Guillotine,Movie,1975,2018.0,Meng Hua Ho
s8308,The Forbidden Kingdom,Movie,2008,2019.0,Rob Minkoff
s8309,The Force,Movie,2017,2018.0,Peter Nicks
s8310,The Foreigner,Movie,2017,2020.0,Martin Campbell
s8311,The Forgotten,Movie,2014,2017.0,Oliver Frampton
s8313,The Founder,Movie,2016,2020.0,John Lee Hancock
s8314,The Free Man,Movie,2016,2017.0,Toa Fraser
s8315,The Frozen Ground,Movie,2013,2020.0,Scott Walker
s8318,The Gathering,Movie,2003,2018.0,Nia Dinata
s8319,The Gentleman Driver,Movie,2018,2019.0,Mario Mattei
s8320,The Ghost Who Walks,Movie,2019,2020.0,Cody Stokes
s8321,The Girl with the Dragon Tattoo,Movie,2011,2021.0,David Fincher
s8323,The Golem,Movie,2018,2019.0,Doron Paz
s8323,The Golem,Movie,2018,2019.0,Yoav Paz
s8324,The Good Catholic,Movie,2017,2018.0,Paul Shoulberg
s8325,The Good Neighbor,Movie,2016,2016.0,Kasra Farahani
s8326,"The Goods: Live Hard, Sell Hard",Movie,2009,2019.0,Neal Brennan
s8327,The Gospel of John,Movie,2014,2018.0,David Batty
s8328,The Gospel of Luke,Movie,2015,2018.0,David Batty
s8329,The Gospel of Mark,Movie,2015,2018.0,David Batty
s8330,The Gospel of Matthew,Movie,2014,2018.0,David Batty
s8333,The Great Gambler,Movie,1979,2019.0,Shakti Samanta
s8334,The Great Raid,Movie,2005,2019.0,John Dahl
s8336,The Green Hornet,Movie,2011,2020.0,Michel Gondry
s8338,The Hatred,Movie,2017,2017.0,Michael G. Kehoe
s8339,The Haunting of Molly Hartley,Movie,2008,2018.0,Mickey Liddell
s8340,The Healer,Movie,2017,2020.0,Paco Arango
s8341,The Heat: A Kitchen (R)evolution,Movie,2018,2019.0,Maya Gallus
s8342,The Help,Movie,2011,2020.0,Tate Taylor
s8343,The Heretics,Movie,2017,2019.0,Chad Archibald
s8344,The Heroes of Evil,Movie,2015,2016.0,Zoe Berriatúa
s8345,The Heyday of the Insensitive Bastards,Movie,2017,2018.0,Mark Columbus
s8345,The Heyday of the Insensitive Bastards,Movie,2017,2018.0,Lauren Hoekstra
s8345,The Heyday of the Insensitive Bastards,Movie,2017,2018.0,Sarah Kruchowski
s8345,The Heyday of the Insensitive Bastards,Movie,2017,2018.0,Ryan Moody
s8345,The Heyday of the Insensitive Bastards,Movie,2017,2018.0,Simon Savelyev
s8345,The Heyday of the Insensitive Bastards,Movie,2017,2018.0,Vanita Shastry
s8345,The Heyday of the Insensitive Bastards,Movie,2017,2018.0,Shadae Lamar Smith
s8345,The Heyday of the Insensitive Bastards,Movie,2017,2018.0,Jeremy David White
s8346,The Hollow Point,Movie,2016,2017.0,Gonzalo López-Gallego
s8347,The Holy Man,Movie,2005,2018.0,Note Chern-Yim
s8349,The House on Coco Road,Movie,2016,2017.0,Damani Baker
s8351,The Human Factor: The Untold Story of the Bombay Film Orchestras,Movie,2013,2017.0,Rudradeep Bhattacharjee
s8352,The Humanity Bureau,Movie,2017,2018.0,Rob W. King
s8353,The Hundred-Foot Journey,Movie,2014,2019.0,Lasse Hallström
s8355,The Hurricane Heist,Movie,2018,2018.0,Rob Cohen
s8356,The Hurt Business,Movie,2016,2017.0,Vlad Yudin
s8357,The Imaginarium of Doctor Parnassus,Movie,2009,2019.0,Terry Gilliam
s8359,The Incident,Movie,2014,2017.0,Isaac Ezban
s8360,The Incredible Story of the Giant Pear,Movie,2018,2019.0,Philip Einstein Lipski
s8360,The Incredible Story of the Giant Pear,Movie,2018,2019.0,Jørgen Lerdam
s8360,The Incredible Story of the Giant Pear,Movie,2018,2019.0,Amalie Næsby Fick
s8361,The Incredibles 2,Movie,2018,2019.0,Brad Bird
s8362,The Indian in the Cupboard,Movie,1995,2020.0,Frank Oz
s8363,The Informant!,Movie,2009,2018.0,Steven Soderbergh
s8364,The Intent,Movie,2016,2017.0,Femi Oyeniran
s8364,The Intent,Movie,2016,2017.0,Kalvadour Peterson
s8365,The Intent 2: The Come Up,Movie,2018,2019.0,Femi Oyeniran
s8365,The Intent 2: The Come Up,Movie,2018,2019.0,Nicky Slimting Walker
s8366,The Invention of Lying,Movie,2009,2020.0,Ricky Gervais
s8366,The Invention of Lying,Movie,2009,2020.0,Matthew Robinson
s8368,The Invitation,Movie,2015,2016.0,Karyn Kusama
s8370,The Iron Lady,Movie,2011,2019.0,Phyllida Lloyd
s8371,The Jack King Affair,Movie,2015,2018.0,Benjamin Cohen
s8371,The Jack King Affair,Movie,2015,2018.0,Nicolas Cotto
s8373,The Jane Austen Book Club,Movie,2007,2019.0,Robin Swicord
s8375,The Jungle School,Movie,2013,2018.0,Riri Riza
s8376,The Keeping Hours,Movie,2017,2018.0,Karen Moncrieff
s8378,The King's Speech,Movie,2010,2018.0,Tom Hooper
s8381,The Lake House,Movie,2006,2019.0,Alejandro Agresti
s8382,The Lamb,Movie,2017,2018.0,Timothy Reckart
s8383,The Land of the Enlightened,Movie,2016,2017.0,Pieter-Jan De Pue
s8384,The Last Days of Chez Nous,Movie,1992,2016.0,Gillian Armstrong
s8385,The Last Exorcism,Movie,2010,2019.0,Daniel Stamm
s8386,The Last Face,Movie,2016,2020.0,Sean Penn
s8387,The Last Hangover,Movie,2018,2018.0,Rodrigo Van Der Put
s8388,The Last Man on the Moon,Movie,2014,2016.0,Mark Craig
s8389,The Last Resort,Movie,2018,2019.0,Dennis Scholl
s8389,The Last Resort,Movie,2018,2019.0,Kareem Tabsch
s8390,The Last Whistle,Movie,2019,2019.0,Rob Smat
s8391,The Legend of 420,Movie,2017,2017.0,Peter Spirer
s8392,The Legend of Michael Mishra,Movie,2016,2019.0,Manish Jha
s8394,The Little Hours,Movie,2017,2018.0,Jeff Baena
s8395,The Little Mermaid,Movie,2018,2018.0,Blake Harris
s8395,The Little Mermaid,Movie,2018,2018.0,Chris Bouchard
s8396,The Little Prince,Movie,2015,2020.0,Mark Osborne
s8397,The Lives of Others,Movie,2006,2019.0,Florian Henckel von Donnersmarck
s8399,The Lobster,Movie,2015,2018.0,Yorgos Lanthimos
s8400,The Lodgers,Movie,2017,2018.0,Brian O'Malley
s8401,The Long Goodbye: The Kara Tippetts Story,Movie,2019,2019.0,Jay Lyons
s8402,The Longest Yard,Movie,1974,2019.0,Robert Aldrich
s8403,The Longshots,Movie,2008,2019.0,Fred Durst
s8404,The Look of Silence,Movie,2014,2016.0,Joshua Oppenheimer
s8405,The Lord of the Rings: The Return of the King,Movie,2003,2020.0,Peter Jackson
s8406,The Lord of the Rings: The Two Towers,Movie,2002,2020.0,Peter Jackson
s8407,The Love Guru,Movie,2008,2019.0,Marco Schnabel
s8408,The Lovers and the Despot,Movie,2016,2017.0,Robert Cannan
s8408,The Lovers and the Despot,Movie,2016,2017.0,Ross Adam
s8409,The lynx,Movie,1982,2019.0,Stanisław Różewicz
s8410,The Mad Monk,Movie,1993,2018.0,Johnny To
s8411,The Magic Pill,Movie,2017,2018.0,Robert Tate
s8413,The Man Who Would Be Polka King,Movie,2009,2018.0,John Mikulak
s8413,The Man Who Would Be Polka King,Movie,2009,2018.0,Joshua Brown
s8414,The Mask of Zorro,Movie,1998,2020.0,Martin Campbell
s8415,The Matrix,Movie,1999,2019.0,Lilly Wachowski
s8415,The Matrix,Movie,1999,2019.0,Lana Wachowski
s8416,The Matrix Reloaded,Movie,2003,2019.0,Lilly Wachowski
s8416,The Matrix Reloaded,Movie,2003,2019.0,Lana Wachowski
s8417,The Matrix Revolutions,Movie,2003,2019.0,Lilly Wachowski
s8417,The Matrix Revolutions,Movie,2003,2019.0,Lana Wachowski
s8418,The Mayo Clinic,Movie,2018,2019.0,Ken Burns
s8418,The Mayo Clinic,Movie,2018,2019.0,Christopher Loren Ewers
s8418,The Mayo Clinic,Movie,2018,2019.0,Erik Ewers
s8419,The Mayor,Movie,2017,2017.0,Park In-je
s8420,"The Memphis Belle: A Story of a
Flying Fortress",Movie,1944,2017.0,William Wyler
s8421,The Men Who Stare at Goats,Movie,2009,2019.0,Grant Heslov
s8426,The Model,Movie,2016,2016.0,Mads Matthiesen
s8427,The Monster,Movie,2016,2019.0,Bryan Bertino
s8428,The Monster of Mangatiti,Movie,2015,2015.0,John Banas
s8431,The Muppets,Movie,2011,2020.0,James Bobin
s8433,The Music of Silence,Movie,2017,2018.0,Michael Radford
s8434,The Naked Gun 2 1/2: The Smell of Fear,Movie,1991,2020.0,David Zucker
s8435,The Naked Gun: From the Files of Police Squad!,Movie,1988,2021.0,David Zucker
s8436,The Natural,Movie,1984,2020.0,Barry Levinson
s8437,The Negro Soldier,Movie,1944,2017.0,Stuart Heisler
s8439,The New Romantic,Movie,2018,2019.0,Carly Stone
s8441,The NSU-Complex,Movie,2016,2016.0,Stefan Aust
s8441,The NSU-Complex,Movie,2016,2016.0,Dirk Laabs
s8442,The Nutcracker and the Four Realms,Movie,2018,2019.0,Lasse Hallström
s8442,The Nutcracker and the Four Realms,Movie,2018,2019.0,Joe Johnston
s8444,The One I Love,Movie,2014,2019.0,Charlie McDowell
s8445,The Only Mother To You All,Movie,2008,2019.0,Wenn V. Deramas
s8446,The Other Guys,Movie,2010,2020.0,Adam McKay
s8447,The Parole Officer,Movie,2001,2018.0,John Duigan
s8448,The Pass,Movie,2016,2019.0,Ben A. Williams
s8449,The Peacemaker,Movie,1997,2020.0,Mimi Leder
s8450,The Pelican Brief,Movie,1993,2019.0,Alan J. Pakula
s8451,The Perfect Day,Movie,2018,2018.0,Jean-Pierre Devillers
s8452,The Perks of Being a Wallflower,Movie,2012,2020.0,Stephen Chbosky
s8453,The Phantom of the Opera,Movie,2004,2019.0,Joel Schumacher
s8454,The Physician,Movie,2013,2015.0,Philipp Stölzl
s8455,The Pink Panther,Movie,2006,2019.0,Shawn Levy
s8456,The Pirate Fairy,Movie,2014,2014.0,Peggy Holmes
s8457,The Pirates of Somalia,Movie,2017,2018.0,Bryan Buckley
s8458,The Pirates! Band of Misfits,Movie,2012,2020.0,Peter Lord
s8458,The Pirates! Band of Misfits,Movie,2012,2020.0,Jeff Newitt
s8459,The Place Beyond the Pines,Movie,2012,2017.0,Derek Cianfrance
s8460,The Plan,Movie,2015,2018.0,Keerthi
s8461,The Player,Movie,2012,2019.0,Ahmad El-Badri
s8462,The Polar Express,Movie,2004,2021.0,Robert Zemeckis
s8463,The Power of Grayskull: The Definitive History of He-Man and the Masters of the Universe,Movie,2017,2018.0,Randall Lobb
s8463,The Power of Grayskull: The Definitive History of He-Man and the Masters of the Universe,Movie,2017,2018.0,Robert McCallum
s8464,The President's Barber,Movie,2004,2017.0,Chan-sang Lim
s8465,The Prince,Movie,2014,2019.0,Brian A. Miller
s8466,The Prince & Me,Movie,2004,2020.0,Martha Coolidge
s8467,The Princess and the Frog,Movie,2009,2019.0,Ron Clements
s8467,The Princess and the Frog,Movie,2009,2019.0,John Musker
s8468,The Prison,Movie,2017,2017.0,Na Hyeon
s8469,The Pursuit,Movie,2019,2019.0,John Papola
s8470,The Pursuit of Happyness,Movie,2006,2019.0,Gabriele Muccino
s8471,The Push,Movie,2018,2019.0,Grant Korgan
s8471,The Push,Movie,2018,2019.0,Brian Niles
s8473,The Rainbow Troops,Movie,2008,2018.0,Riri Riza
s8474,The Rainmaker,Movie,1997,2019.0,Francis Ford Coppola
s8476,The Rat Race,Movie,2010,2017.0,Miriam Chandy Menacherry
s8478,The Real Miyagi,Movie,2015,2017.0,Kevin Derek
s8479,The Rebound,Movie,2016,2019.0,Shaina Allen
s8480,The Redeemed and the Dominant: Fittest on Earth,Movie,2017,2018.0,Heber Cannon
s8480,The Redeemed and the Dominant: Fittest on Earth,Movie,2017,2018.0,Mariah Moore
s8480,The Redeemed and the Dominant: Fittest on Earth,Movie,2017,2018.0,Marston Sawyers
s8481,The Rehearsal,Movie,2016,2018.0,Alison MacLean
s8482,The Republic of Imbaba,Movie,2015,2019.0,Ahmed Al-Badry
s8484,The Rezort,Movie,2016,2017.0,Steve Barker
s8485,The Rift: The Dark Side of the Moon,Movie,2016,2018.0,Dejan Zečević
s8486,The Right One,Movie,2011,2019.0,Hadi El Bagoury
s8487,The Ring,Movie,2002,2020.0,Gore Verbinski
s8488,The Riot Club,Movie,2014,2017.0,Lone Scherfig
s8489,The River Thief,Movie,2016,2017.0,N.D. Wilson
s8490,The River Wild,Movie,1994,2018.0,Curtis Hanson
s8492,The Rolling Stones: Olé Olé Olé! A Trip Across Latin America,Movie,2016,2019.0,Paul Dugdale
s8493,The Roommate,Movie,2011,2020.0,Christian E. Christiansen
s8494,The Rover,Movie,2014,2018.0,David Michôd
s8495,THE RUM DIARY,Movie,2011,2019.0,Bruce Robinson
s8496,The Runner,Movie,2015,2017.0,Austin Stark
s8497,The Salvation,Movie,2014,2017.0,Kristian Levring
s8498,The Sapphires,Movie,2012,2019.0,Wayne Blair
s8499,The Score,Movie,2001,2019.0,Frank Oz
s8500,The Sea of Trees,Movie,2015,2018.0,Gus Van Sant
s8501,The Search for Life in Space,Movie,2016,2018.0,Stephen Amezdroz
s8502,The Secret Life of Pets 2,Movie,2019,2019.0,Chris Renaud
s8503,The Seven Five,Movie,2014,2017.0,Tiller Russell
s8505,The Shaukeens,Movie,2014,2018.0,Abhishek Sharma
s8506,The Show,Movie,2017,2020.0,Giancarlo Esposito
s8507,The Sign of Venus,Movie,1955,2020.0,Dino Risi
s8508,The Signal,Movie,2014,2018.0,William Eubank
s8508,The Signal,Movie,2014,2018.0,Will Eubank
s8509,The Similars,Movie,2015,2017.0,Isaac Ezban
s8510,The Sinking Of Van Der Wijck,Movie,2013,2018.0,Sunil Soraya
s8512,The Social Network,Movie,2010,2020.0,David Fincher
s8513,The Space Between Us,Movie,2016,2019.0,Peter Chelsom
s8514,The Spectacular Now,Movie,2013,2018.0,James Ponsoldt
s8515,The spiral,Movie,1978,2019.0,Krzysztof Zanussi
s8516,The Spy Next Door,Movie,2010,2020.0,Brian Levant
s8517,The Spy Who Fell to Earth,Movie,2019,2019.0,Thomas Meadmore
s8518,The Stanford Prison Experiment,Movie,2015,2017.0,Kyle Patrick Alvarez
s8521,The Student,Movie,2017,2019.0,Steven R. Monroe
s8522,The Sunshine Makers,Movie,2015,2017.0,Cosmo Feilding-Mellen
s8523,The Super,Movie,2017,2019.0,Stephan Rick
s8525,The Surrounding Game,Movie,2018,2018.0,Will Lockhart
s8525,The Surrounding Game,Movie,2018,2018.0,Cole D. Pruitt
s8526,The Taking of Pelham 123,Movie,2009,2019.0,Tony Scott
s8527,The Talented Mr. Ripley,Movie,1999,2020.0,Anthony Minghella
s8528,The Texas Chainsaw Massacre,Movie,1974,2019.0,Tobe Hooper
s8529,The Thief and the Imbecile,Movie,2013,2019.0,Mohammed El-Tahawy
s8529,The Thief and the Imbecile,Movie,2013,2019.0,Mohamed Mostafa
s8530,The Tiger Hunter,Movie,2016,2018.0,Lena Khan
s8531,The Tigers of Scotland,Movie,2017,2018.0,Leanne Gater
s8532,The Time Machine,Movie,2002,2019.0,Simon Wells
s8533,The Time Traveler's Wife,Movie,2009,2019.0,Robert Schwentke
s8535,The Tribes of Palos Verdes,Movie,2017,2019.0,Brendan Malloy
s8535,The Tribes of Palos Verdes,Movie,2017,2019.0,Emmett Malloy
s8536,The Trigger Effect,Movie,1996,2018.0,David Koepp
s8537,The Trip to Spain,Movie,2016,2017.0,Michael Winterbottom
s8538,The Trust,Movie,2015,2019.0,Ben Brewer
s8538,The Trust,Movie,2015,2019.0,Alex Brewer
s8539,The Truth About Alcohol,Movie,2016,2017.0,David Briggs
s8541,The Tuxedo,Movie,2002,2019.0,Kevin Donovan
s8543,The Ugly Truth,Movie,2009,2019.0,Robert Luketic
s8544,The Unborn Child,Movie,2011,2018.0,Poj Arnon
s8547,The Unknown Girl,Movie,2016,2017.0,Jean-Pierre Dardenne
s8547,The Unknown Girl,Movie,2016,2017.0,Luc Dardenne
s8548,The Unknown Known,Movie,2013,2019.0,Errol Morris
s8549,The Vatican Tapes,Movie,2015,2020.0,Mark Neveldine
s8550,The Vietnam War: A Film by Ken Burns and Lynn Novick,TV Show,2017,2018.0,Ken Burns
s8550,The Vietnam War: A Film by Ken Burns and Lynn Novick,TV Show,2017,2018.0,Lynn Novick
s8551,The Walls of the Moon,Movie,2015,2019.0,Ossama Abu El Atta
s8551,The Walls of the Moon,Movie,2015,2019.0,Tarek Al Eryan
s8553,The Water Diviner,Movie,2014,2019.0,Russell Crowe
s8554,The Water Horse: Legend of the Deep,Movie,2007,2018.0,Jay Russell
s8555,The Waterboy,Movie,1998,2017.0,Frank Coraci
s8556,The Wedding Curse,Movie,2006,2019.0,Chito S. Roño
s8557,The Wedding Party 2: Destination Dubai,Movie,2017,2019.0,Niyi Akinmolayan
s8559,The Witch,Movie,2015,2018.0,Robert Eggers
s8560,The Witch Files,Movie,2018,2019.0,Kyle Rankin
s8562,The Women Who Kill Lions,Movie,2016,2017.0,Neil Rawles
s8563,The Women's Balcony,Movie,2016,2017.0,Emil Ben-Shimon
s8564,The Workshop,Movie,2017,2018.0,Laurent Cantet
s8565,The World Is Not Enough,Movie,1999,2019.0,Michael Apted
s8566,The World's Most Wanted Animal,Movie,2018,2019.0,Victoria Bromley
s8567,The Wrong Babysitter,Movie,2017,2019.0,George Mendeluk
s8569,The Young Offenders,Movie,2016,2017.0,Peter Foott
s8570,The Young Vagabond,Movie,1985,2018.0,Sze Yu Lau
s8571,Theater of Life,Movie,2016,2017.0,Peter Svatek
s8572,Theeram,Movie,2017,2018.0,Saheed Arafath
s8573,"Thelonious Monk: Straight, No Chaser",Movie,1988,2019.0,Charlotte Zwerin
s8574,Theo Who Lived,Movie,2016,2016.0,David Shisgall
s8577,This Is Not What I Expected,Movie,2017,2017.0,Derek Hui
s8578,This Was Tomorrow,Movie,2015,2015.0,Wim Bonte
s8579,Thithi,Movie,2015,2017.0,Raam Reddy
s8580,Thong Dee Fun Khao,Movie,2017,2018.0,Bin Bunluerit
s8581,Thor: Ragnarok,Movie,2017,2018.0,Taika Waititi
s8582,Thor: Tales of Asgard,Movie,2011,2020.0,Sam Liu
s8583,Thorne: Scaredy Cat,Movie,2010,2016.0,Benjamin Ross
s8584,Thorne: Sleepyhead,Movie,2010,2016.0,Stephen Hopkins
s8585,Three,Movie,2016,2017.0,Johnnie To
s8586,Three-Quarters Decent,Movie,2010,2019.0,Mohamed Hamdy
s8587,Thumper,Movie,2017,2018.0,Jordan Ross
s8588,Thunderbolt,Movie,1947,2017.0,William Wyler
s8588,Thunderbolt,Movie,1947,2017.0,John Sturges
s8590,Tik Tok,Movie,2016,2017.0,Li Jun
s8591,Tikli and Laxmi Bomb,Movie,2017,2018.0,Aditya Kripalani
s8592,Time Please,Movie,2013,2018.0,Sameer Vidwans
s8595,Tinker Bell and the Legend of the NeverBeast,Movie,2014,2015.0,Steve Loter
s8596,Tinker',Movie,2018,2019.0,Sonny Marler
s8598,To Be a Miss,Movie,2016,2017.0,Edward Ellis
s8598,To Be a Miss,Movie,2016,2017.0,Flor Salcedo
s8598,To Be a Miss,Movie,2016,2017.0,Aaron Woolf
s8599,"To Wong Foo, Thanks for Everything! Julie Newmar",Movie,1995,2019.0,Beeban Kidron
s8600,Toast of London,TV Show,2015,2017.0,Michael Cumming
s8602,Tokyo Idols,Movie,2017,2017.0,Kyoko Miyake
s8603,Tom and Jerry: The Magic Ring,Movie,2001,2019.0,Phil Roman
s8604,Tomorrow Never Dies,Movie,1997,2019.0,Roger Spottiswoode
s8607,Tope: The Bait,Movie,2016,2018.0,Buddhadev Dasgupta
s8608,Tortilla Soup,Movie,2001,2020.0,Maria Ripoll
s8609,Total Frat Movie,Movie,2016,2016.0,Warren P. Sonoda
s8611,Tracers,Movie,2015,2019.0,Daniel Benmayor
s8612,Traffic Signal,Movie,2007,2019.0,Madhur Bhandarkar
s8613,Train of the Dead,Movie,2007,2018.0,Sukum Maetawanitch
s8614,Train to Busan,Movie,2016,2017.0,Sang-ho Yeon
s8615,Trainspotting,Movie,1996,2019.0,Danny Boyle
s8616,Traitor,Movie,2008,2018.0,Jeffrey Nachmanoff
s8617,Transcendence,Movie,2014,2018.0,Wally Pfister
s8618,Trash,Movie,2014,2019.0,Stephen Daldry
s8619,Trash Fire,Movie,2016,2017.0,Richard Bates Jr.
s8620,Treasures from the Wreck of the Unbelievable,Movie,2017,2018.0,Sam Hobkinson
s8621,Tree Man,Movie,2015,2016.0,Jon Reiner
s8621,Tree Man,Movie,2015,2016.0,Brad Rothschild
s8622,Tremors,Movie,1990,2020.0,Ron Underwood
s8623,Tremors 2: Aftershocks,Movie,1995,2020.0,S.S. Wilson
s8624,Tremors 3: Back to Perfection,Movie,2001,2020.0,Brent Maddock
s8625,Tremors 4: The Legend Begins,Movie,2004,2020.0,S.S. Wilson
s8626,Tremors 5:  Bloodline,Movie,2015,2020.0,Don Michael Paul
s8627,Tremors 6: A Cold Day in Hell,Movie,2018,2018.0,Don Michael Paul
s8628,Trespass Against Us,Movie,2016,2019.0,Adam Smith
s8629,"Trikal (Past, Present, Future)",Movie,1985,2019.0,Shyam Benegal
s8630,Trimurti,Movie,1995,2018.0,Mukul Anand
s8631,Trip to Bhangarh: Asia's Most Haunted Place,Movie,2014,2017.0,Jitender Pawar
s8632,Trixie Mattel: Moving Parts,Movie,2019,2020.0,Nicholas Zeig-Owens
s8633,Trophy,Movie,2017,2018.0,Shaul Schwarz
s8633,Trophy,Movie,2017,2018.0,Christina Clusiau
s8635,Troy: The Odyssey,Movie,2017,2018.0,Tekin Girgin
s8636,True Grit,Movie,1969,2020.0,Henry Hathaway
s8637,True to the Game,Movie,2017,2018.0,Preston A. Whitmore II
s8638,Trumbo,Movie,2015,2020.0,Jay Roach
s8639,Tucker and Dale vs. Evil,Movie,2010,2019.0,Eli Craig
s8640,Tukaram,Movie,2012,2018.0,Chandrakant Kulkarni
s8641,Tunisian Victory,Movie,1944,2017.0,Frank Capra
s8641,Tunisian Victory,Movie,1944,2017.0,John Huston
s8641,Tunisian Victory,Movie,1944,2017.0,Hugh Stewart
s8641,Tunisian Victory,Movie,1944,2017.0,Roy Boulting
s8641,Tunisian Victory,Movie,1944,2017.0,Anthony Veiller
s8642,Turbo,Movie,2013,2019.0,David Soren
s8643,Tusk,Movie,2014,2018.0,Kevin Smith
s8644,Twice,Movie,2010,2017.0,Hidetaka Inazuka
s8646,Twinsanity,Movie,2018,2019.0,Buz Wallick
s8649,Two Graves,Movie,2018,2019.0,Gary Young
s8650,Two Lovers and a Bear,Movie,2016,2017.0,Kim Nguyen
s8651,Tyke Elephant Outlaw,Movie,2015,2015.0,Susan Lambert
s8651,Tyke Elephant Outlaw,Movie,2015,2015.0,Stefan Moore
s8652,Tyson,Movie,2008,2019.0,James Toback
s8653,Ugly,Movie,2013,2017.0,Anurag Kashyap
s8655,Una,Movie,2016,2018.0,Benedict Andrews
s8656,Unaccompanied Minors,Movie,2006,2019.0,Paul Feig
s8657,Unacknowledged,Movie,2017,2017.0,Michael Mazzola
s8658,Under an Arctic Sky,Movie,2017,2017.0,Chris Burkard
s8659,Under The Skin,Movie,2013,2018.0,Jonathan Glazer
s8660,Undercover Grandpa,Movie,2016,2017.0,Erik Canuel
s8661,Undercover: How to Operate Behind Enemy Lines,Movie,1943,2017.0,John Ford
s8662,Unfinished Song,Movie,2012,2019.0,Paul Andrew Williams
s8663,Union Leader,Movie,2017,2019.0,Sanjay Patel
s8664,Unruly Friends,Movie,2011,2019.0,Sherif Mandour
s8665,Up in the Air,Movie,2009,2020.0,Jason Reitman
s8666,Urvi,Movie,2017,2018.0,Pradeep Verma
s8667,Used Goods,Movie,2018,2019.0,Mohamed Hamdy
s8668,USS Indianapolis: Men of Courage,Movie,2016,2019.0,Mario Van Peebles
s8669,V for Vendetta,Movie,2005,2018.0,James McTeigue
s8671,Vantage Point,Movie,2008,2019.0,Pete Travis
s8672,Veerappan,Movie,2016,2017.0,Ram Gopal Varma
s8673,Veerey Ki Wedding,Movie,2018,2019.0,Ashu Trikha
s8674,Vegas Baby,Movie,2016,2017.0,Amanda Micheli
s8675,Viceroy's House,Movie,2017,2017.0,Gurinder Chadha
s8676,Victor,Movie,2015,2017.0,Brandon Dickerson
s8677,Viking Destiny,Movie,2018,2019.0,David L.G. Hughes
s8678,Vikings Unearthed,Movie,2016,2017.0,Harvey Lilley
s8679,Vincent N Roxxy,Movie,2016,2017.0,Gary Michael Schultz
s8681,Viswasapoorvam Mansoor,Movie,2017,2018.0,P.T. Kunju Muhammad
s8682,Vitti Dandu,Movie,2014,2017.0,Ganesh Kadam
s8683,Vizontele Tuuba,Movie,2004,2017.0,Yılmaz Erdoğan
s8684,Vodka Diaries,Movie,2018,2019.0,Kushal Srivastava
s8686,VS.,Movie,2018,2019.0,Ed Lilly
s8687,Waar,Movie,2013,2017.0,Bilal Lashari
s8688,Waarrior Savitri,Movie,2016,2017.0,Param Gill
s8689,Waiting,Movie,2015,2018.0,Anu Menon
s8690,Waiting...,Movie,2005,2020.0,Rob McKittrick
s8692,Wakefield,Movie,2016,2019.0,Robin Swicord
s8693,Walk with Me,Movie,2017,2017.0,Marc Francis
s8693,Walk with Me,Movie,2017,2017.0,Max Pugh
s8694,Walking Out,Movie,2017,2019.0,Alex Smith
s8694,Walking Out,Movie,2017,2019.0,Andrew J. Smith
s8695,War,Movie,2007,2019.0,Philip G. Atwell
s8696,War Chhod Na Yaar,Movie,2013,2019.0,Faraz Haider
s8697,War Horse,Movie,2011,2019.0,Steven Spielberg
s8698,War on Everyone,Movie,2016,2019.0,John Michael McDonagh
s8699,Warda,Movie,2014,2019.0,Hadi El Bagoury
s8700,Warehoused,Movie,2015,2017.0,Jack Zagha Kababie
s8702,Water & Power: A California Heist,Movie,2017,2018.0,Marina Zenovich
s8703,Waterschool,Movie,2018,2018.0,Tiffanie Hsu
s8704,We Are Your Friends,Movie,2015,2020.0,Max Joseph
s8705,We Belong Together,Movie,2018,2019.0,Chris Stokes
s8706,We Need to Talk,Movie,2016,2016.0,David Serrano
s8707,We the Animals,Movie,2018,2019.0,Jeremiah Zagar
s8708,"We, the Marines",Movie,2017,2018.0,Greg MacGillivray
s8709,We're No Animals,Movie,2015,2017.0,Alejandro Agresti
s8710,Weather forecast,Movie,1983,2019.0,Antoni Krauze
s8712,Weeds on Fire,Movie,2016,2018.0,Chi Fat Chan
s8714,Welcome 2 Karachi,Movie,2015,2018.0,Ashish R. Mohan
s8715,Welcome to Monster High: The Origin Story,Movie,2016,2017.0,Stephen Donnelly
s8715,Welcome to Monster High: The Origin Story,Movie,2016,2017.0,Olly Reid
s8715,Welcome to Monster High: The Origin Story,Movie,2016,2017.0,Jun Falkenstein
s8716,Welcome to New York,Movie,2014,2017.0,Abel Ferrara
s8717,Welcome to Willits,Movie,2017,2018.0,Trevor Ryan
s8718,Westerplatte Resists,Movie,1967,2019.0,Stanisław Różewicz
s8719,Westside vs. the World,Movie,2019,2019.0,Michael Fahey
s8720,What a Wonderful Family!,Movie,2017,2018.0,Huang Lei
s8723,What Lies Beneath,Movie,2000,2020.0,Robert Zemeckis
s8724,What Makes a Psychopath?,Movie,2017,2019.0,Rebecca Harrison
s8725,What Still Remains,Movie,2018,2018.0,Josh Mendoza
s8726,What's Up With Love?,Movie,2002,2018.0,Rudy Soedjarwo
s8726,What's Up With Love?,Movie,2002,2018.0,Riri Riza
s8728,When Hari Got Married,Movie,2013,2016.0,Ritu Sarin
s8728,When Hari Got Married,Movie,2013,2016.0,Tenzing Sonam
s8729,When Two Worlds Collide,Movie,2016,2016.0,Heidi Brandenburg
s8729,When Two Worlds Collide,Movie,2016,2016.0,Mathew Orzel
s8730,Where the Money Is,Movie,2000,2020.0,Marek Kanievska
s8731,Where's the Money,Movie,2017,2018.0,Scott Zabielski
s8732,While We're Young,Movie,2015,2017.0,Noah Baumbach
s8733,White Chamber,Movie,2018,2019.0,Paul Raschid
s8734,White Island,Movie,2016,2017.0,Benjamin Turner
s8735,Who the F**k Is That Guy?,Movie,2017,2017.0,Drew Stone
s8736,Who's That Knocking at My Door?,Movie,1967,2019.0,Martin Scorsese
s8738,Why Are We Getting So Fat?,Movie,2016,2019.0,Milla Harrison-Hansley
s8738,Why Are We Getting So Fat?,Movie,2016,2019.0,Alicky Sussman
s8739,Why Knot,Movie,2016,2017.0,Dhruv Dhawan
s8740,Why We Fight: The Battle of Russia,Movie,1943,2017.0,Frank Capra
s8740,Why We Fight: The Battle of Russia,Movie,1943,2017.0,Anatole Litvak
s8743,Wild Wild West,Movie,1999,2020.0,Barry Sonnenfeld
s8744,Wildlife,Movie,2018,2020.0,Paul Dano
s8745,Williams,Movie,2017,2017.0,Morgan Matthews
s8746,Willy Wonka & the Chocolate Factory,Movie,1971,2020.0,Mel Stuart
s8747,Winnie,Movie,2017,2018.0,Pascale Lamche
s8749,Winter of Our Dreams,Movie,1981,2016.0,John Duigan
s8751,Winter's Bone,Movie,2010,2019.0,Debra Granik
s8752,Wish I Was Here,Movie,2014,2018.0,Zach Braff
s8753,Wish Man,Movie,2019,2019.0,Theo Davies
s8754,Withdrawn,Movie,2017,2018.0,Adrian Murray
s8755,Wolves,Movie,2016,2019.0,Bart Freundlich
s8757,Woodstock,Movie,2019,2019.0,Barak Goodman
s8758,World Trade Center,Movie,2006,2019.0,Oliver Stone
s8760,World's Weirdest Homes,Movie,2015,2019.0,Storm Theunissen
s8761,Would You Rather,Movie,2013,2019.0,David Guy Levy
s8762,Wrong No.,Movie,2015,2017.0,Yasir Nawaz
s8763,Wrong Side Raju,Movie,2016,2017.0,Mikhil Musale
s8764,WWII: Report from the Aleutians,Movie,1943,2017.0,John Huston
s8765,Wyatt Earp,Movie,1994,2020.0,Lawrence Kasdan
s8766,XX,Movie,2017,2017.0,Jovanka Vuckovic
s8766,XX,Movie,2017,2017.0,Annie Clark
s8766,XX,Movie,2017,2017.0,Roxanne Benjamin
s8766,XX,Movie,2017,2017.0,Karyn Kusama
s8767,XXx,Movie,2002,2019.0,Rob Cohen
s8768,XXX: State of the Union,Movie,2005,2019.0,Lee Tamahori
s8769,Y Tu Mamá También,Movie,2001,2017.0,Alfonso Cuarón
s8770,Y.M.I.: Yeh Mera India,Movie,2008,2018.0,N. Chandra
s8771,Yaadein,Movie,2001,2018.0,Subhash Ghai
s8772,Yaara O Dildaara,Movie,2011,2017.0,Ksshitij Chaudhary
s8773,Yamla Pagla Deewana 2,Movie,2013,2017.0,Sangeeth Sivan
s8774,Yanda Kartavya Aahe,Movie,2006,2018.0,Kedar Shinde
s8775,يوم الدين,Movie,2018,2019.0,Abu Bakr Shawky
s8777,Yellowbird,Movie,2014,2015.0,Christian De Vita
s8778,Yes or No,Movie,2010,2018.0,Saratswadee Wongsomphet
s8779,Yes or No 2,Movie,2012,2018.0,Saratswadee Wongsomphet
s8780,Yes or No 2.5,Movie,2015,2018.0,Kirati Nakintanon
s8782,Yo-Kai Watch: The Movie,Movie,2016,2016.0,Mark Risley
s8783,Yoga Hosers,Movie,2016,2016.0,Kevin Smith
s8787,You Can Tutu,Movie,2017,2017.0,James Brown
s8788,You Can’t Fight Christmas,Movie,2017,2017.0,Kenny Young
s8789,You Carry Me,Movie,2015,2016.0,Ivona Juka
s8790,You Changed My Life,Movie,2009,2019.0,Cathy Garcia-Molina
s8791,You Don't Mess with the Zohan,Movie,2008,2019.0,Dennis Dugan
s8792,Young Adult,Movie,2011,2019.0,Jason Reitman
s8793,Young Tiger,Movie,1973,2016.0,Mu Chu
s8794,"Yours, Mine and Ours",Movie,2005,2019.0,Raja Gosnell
s8795,اشتباك,Movie,2016,2018.0,Mohamed Diab
s8799,Zed Plus,Movie,2014,2019.0,Chandra Prakash Dwivedi
s8800,Zenda,Movie,2009,2018.0,Avadhoot Gupte
s8802,Zinzana,Movie,2015,2016.0,Majid Al Ansari
s8803,Zodiac,Movie,2007,2019.0,David Fincher
s8805,Zombieland,Movie,2009,2019.0,Ruben Fleischer
s8806,Zoom,Movie,2006,2020.0,Peter Hewitt
s8807,Zubaan,Movie,2015,2019.0,Mozez Singh
